unique_id,id,url,sender,sender_type,sender_id,age,wat_is_uw_geslacht,prolificid,x,ended_on,duration,time_run,time_render,time_show,time_end,time_commit,timestamp,time_switch,meta_labjs_version,meta_location,meta_user_agent,meta_platform,meta_language,meta_locale,meta_time_zone,meta_timezone_offset,meta_screen_width,meta_screen_height,meta_scroll_width,meta_scroll_height,meta_window_inner_width,meta_window_inner_height,meta_device_pixel_ratio,meta_labjs_build_flavor,meta_labjs_build_commit,stimulus_1,stimulus_2,stimulus_3,stimulus_4,stimulus_5,total_correct,stim_1,stim_2,q_stim_1,q_stim_2,block,relation_1,stim_3_id,relation_2,stim_4_id,stim_5_id,relation_3,stim_6_id,stim_7_id,relation_4,stim_8_id,q_stim_1_id,q_rel,q_stim_2_id,correct_response,trial_num,q_word,stim_3,stim_4,response,response_action,correct_response_2,correct,stim_5,stim_6,stim_7,stim_8,q_stim_3,q_stim_4,q_stim_3_id,q_stim_4_id,stim_1_id,relation_1_verb,relation_1_place,relation_1_time,stim_2_id,relation_2_verb,relation_2_place,relation_2_time,switch_1,switch_2_stim_1_id,switch_2_verb,switch_2_stim_2_id,switch_2_and,switch_2_if,q_rel_place,q_rel_time,switch_2_stim_1,switch_2_stim_2,meta_relation_1,meta_stim_1_id,meta_relation_2,meta_stim_2_id,meta_stim_1,meta_stim_2
702b5,236,list(),demographics,html.Page,0,22,V,selma.abdelmotlebomar@ugent.be,,form submission,19843,593,623,634,20477,20478,2022-04-28T11:15:09.443Z,20519,20.2.4,https://www.drjamiecummins.com/md/rai-elaborated-nl/,"Mozilla/5.0 (Macintosh; Intel Mac OS X 10_12_6) AppleWebKit/605.1.15 (KHTML, like Gecko) Version/12.1.2 Safari/605.1.15",MacIntel,nl-BE,nl-BE,Europe/Brussels,-120,1440,900,1440,837,1440,837,1,production,f5b4a49f956347addd546a832a3327688c2c0fef,NA,NA,NA,NA,NA,NA,NA,NA,NA,NA,NA,NA,NA,NA,NA,NA,NA,NA,NA,NA,NA,NA,NA,NA,NA,NA,NA,NA,NA,NA,NA,NA,NA,NA,NA,NA,NA,NA,NA,NA,NA,NA,NA,NA,NA,NA,NA,NA,NA,NA,NA,NA,NA,NA,NA,NA,NA,NA,NA,NA,NA,NA,NA,NA,NA
702b5,237,NA,introduction_1,html.Page,1_0,NA,NA,NA,,form submission,109138,20479,20503,20519,129657,129657,2022-04-28T11:16:58.620Z,129694,NA,NA,NA,NA,NA,NA,NA,NA,NA,NA,NA,NA,NA,NA,NA,NA,NA,NA,NA,NA,NA,NA,NA,NA,NA,NA,NA,NA,NA,NA,NA,NA,NA,NA,NA,NA,NA,NA,NA,NA,NA,NA,NA,NA,NA,NA,NA,NA,NA,NA,NA,NA,NA,NA,NA,NA,NA,NA,NA,NA,NA,NA,NA,NA,NA,NA,NA,NA,NA,NA,NA,NA,NA,NA,NA,NA,NA,NA,NA,NA,NA,NA
702b5,237,NA,introduction_2,html.Page,1_1,NA,NA,NA,,form submission,2112,129658,129677,129694,131806,131807,2022-04-28T11:17:00.769Z,132111,NA,NA,NA,NA,NA,NA,NA,NA,NA,NA,NA,NA,NA,NA,NA,NA,NA,NA,NA,NA,NA,NA,NA,NA,NA,NA,NA,NA,NA,NA,NA,NA,NA,NA,NA,NA,NA,NA,NA,NA,NA,NA,NA,NA,NA,NA,NA,NA,NA,NA,NA,NA,NA,NA,NA,NA,NA,NA,NA,NA,NA,NA,NA,NA,NA,NA,NA,NA,NA,NA,NA,NA,NA,NA,NA,NA,NA,NA,NA,NA,NA,NA
702b5,238,NA,trial,canvas.Screen,1_2_0_0_0,NA,NA,NA,NA,response,6957,132068,132093,132111,139050,139047,2022-04-28T11:17:08.010Z,139093,NA,NA,NA,NA,NA,NA,NA,NA,NA,NA,NA,NA,NA,NA,NA,NA,NA,LUP,NEX,XAS,JOC,YOG,0,LUP,NEX,LUP,XAS,1,is hetzelfde als,2,is hetzelfde als,3,,,,,,,1,hetzelfde als,3,yes,1,Is,NEX,XAS,no,mousedown @no,yes,FALSE,NA,NA,NA,NA,NA,NA,NA,NA,NA,NA,NA,NA,NA,NA,NA,NA,NA,NA,NA,NA,NA,NA,NA,NA,NA,NA,NA,NA,NA,NA,NA,NA
702b5,238,NA,timer,html.Frame,1_2_0_0,NA,NA,NA,NA,NA,6939,132062,132093,132111,139050,139050,2022-04-28T11:17:08.013Z,139093,NA,NA,NA,NA,NA,NA,NA,NA,NA,NA,NA,NA,NA,NA,NA,NA,NA,JAQ,QOC,PUZ,GUV,FUP,NA,LUP,NEX,LUP,NEX,1,is hetzelfde als,2,is hetzelfde als,3,,,,,,,1,hetzelfde als,3,yes,1,Is,NA,NA,NA,NA,NA,NA,NA,NA,NA,NA,NA,NA,NA,NA,NA,NA,NA,NA,NA,NA,NA,NA,NA,NA,NA,NA,NA,NA,NA,NA,NA,NA,NA,NA,NA,NA,NA,NA
702b5,238,NA,iti,canvas.Screen,1_2_0_1,NA,NA,NA,NA,timeout,1006,139051,139078,139093,140077,140079,2022-04-28T11:17:09.042Z,140099,NA,NA,NA,NA,NA,NA,NA,NA,NA,NA,NA,NA,NA,NA,NA,NA,NA,NA,NA,NA,NA,NA,NA,LUP,NEX,LUP,NEX,1,is hetzelfde als,2,is hetzelfde als,3,,,,,,,1,hetzelfde als,3,yes,1,Is,NA,NA,NA,NA,NA,NA,NA,NA,NA,NA,NA,NA,NA,NA,NA,NA,NA,NA,NA,NA,NA,NA,NA,NA,NA,NA,NA,NA,NA,NA,NA,NA,NA,NA,NA,NA,NA,NA
702b5,238,NA,trial_sequence,flow.Sequence,1_2_0,NA,NA,NA,NA,completion,7966,132059,132093,132111,140077,140080,2022-04-28T11:17:09.042Z,140099,NA,NA,NA,NA,NA,NA,NA,NA,NA,NA,NA,NA,NA,NA,NA,NA,NA,NA,NA,NA,NA,NA,NA,LUP,NEX,LUP,NEX,1,is hetzelfde als,2,is hetzelfde als,3,,,,,,,1,hetzelfde als,3,yes,1,Is,NA,NA,NA,NA,NA,NA,NA,NA,NA,NA,NA,NA,NA,NA,NA,NA,NA,NA,NA,NA,NA,NA,NA,NA,NA,NA,NA,NA,NA,NA,NA,NA,NA,NA,NA,NA,NA,NA
702b5,238,NA,trial,canvas.Screen,1_2_1_0_0,NA,NA,NA,NA,response,351,140090,140077,140099,140428,140425,2022-04-28T11:17:09.387Z,140443,NA,NA,NA,NA,NA,NA,NA,NA,NA,NA,NA,NA,NA,NA,NA,NA,NA,NA,NA,NA,NA,NA,NA,JAQ,QOC,PUZ,JAQ,1,is hetzelfde als,2,is hetzelfde als,3,,,,,,,3,het tegenovergestelde van,1,no,2,Is,QOC,PUZ,no,mousedown @no,no,TRUE,NA,NA,NA,NA,NA,NA,NA,NA,NA,NA,NA,NA,NA,NA,NA,NA,NA,NA,NA,NA,NA,NA,NA,NA,NA,NA,NA,NA,NA,NA,NA,NA
702b5,238,NA,timer,html.Frame,1_2_1_0,NA,NA,NA,NA,NA,328,140082,140077,140099,140427,140427,2022-04-28T11:17:09.390Z,140443,NA,NA,NA,NA,NA,NA,NA,NA,NA,NA,NA,NA,NA,NA,NA,NA,NA,KIV,NIK,FOT,BIR,CEC,1,LUP,NEX,LUP,NEX,1,is hetzelfde als,2,is hetzelfde als,3,,,,,,,3,het tegenovergestelde van,1,no,2,Is,NA,NA,NA,NA,NA,NA,NA,NA,NA,NA,NA,NA,NA,NA,NA,NA,NA,NA,NA,NA,NA,NA,NA,NA,NA,NA,NA,NA,NA,NA,NA,NA,NA,NA,NA,NA,NA,NA
702b5,238,NA,iti,canvas.Screen,1_2_1_1,NA,NA,NA,NA,timeout,1001,140427,140433,140443,141427,141428,2022-04-28T11:17:10.390Z,141444,NA,NA,NA,NA,NA,NA,NA,NA,NA,NA,NA,NA,NA,NA,NA,NA,NA,NA,NA,NA,NA,NA,NA,LUP,NEX,LUP,NEX,1,is hetzelfde als,2,is hetzelfde als,3,,,,,,,3,het tegenovergestelde van,1,no,2,Is,NA,NA,NA,NA,NA,NA,NA,NA,NA,NA,NA,NA,NA,NA,NA,NA,NA,NA,NA,NA,NA,NA,NA,NA,NA,NA,NA,NA,NA,NA,NA,NA,NA,NA,NA,NA,NA,NA
702b5,238,NA,trial_sequence,flow.Sequence,1_2_1,NA,NA,NA,NA,completion,1328,140080,140077,140099,141427,141428,2022-04-28T11:17:10.391Z,141444,NA,NA,NA,NA,NA,NA,NA,NA,NA,NA,NA,NA,NA,NA,NA,NA,NA,NA,NA,NA,NA,NA,NA,LUP,NEX,LUP,NEX,1,is hetzelfde als,2,is hetzelfde als,3,,,,,,,3,het tegenovergestelde van,1,no,2,Is,NA,NA,NA,NA,NA,NA,NA,NA,NA,NA,NA,NA,NA,NA,NA,NA,NA,NA,NA,NA,NA,NA,NA,NA,NA,NA,NA,NA,NA,NA,NA,NA,NA,NA,NA,NA,NA,NA
702b5,238,NA,trial,canvas.Screen,1_2_2_0_0,NA,NA,NA,NA,response,50,141435,141427,141444,141477,141473,2022-04-28T11:17:10.436Z,141494,NA,NA,NA,NA,NA,NA,NA,NA,NA,NA,NA,NA,NA,NA,NA,NA,NA,NA,NA,NA,NA,NA,NA,KIV,NIK,KIV,FOT,1,is hetzelfde als,2,is het tegenovergestelde van,3,,,,,,,1,hetzelfde als,3,no,3,Is,NIK,FOT,no,mousedown @no,no,TRUE,NA,NA,NA,NA,NA,NA,NA,NA,NA,NA,NA,NA,NA,NA,NA,NA,NA,NA,NA,NA,NA,NA,NA,NA,NA,NA,NA,NA,NA,NA,NA,NA
702b5,238,NA,timer,html.Frame,1_2_2_0,NA,NA,NA,NA,NA,34,141430,141427,141444,141478,141478,2022-04-28T11:17:10.441Z,141494,NA,NA,NA,NA,NA,NA,NA,NA,NA,NA,NA,NA,NA,NA,NA,NA,NA,XAZ,YUB,YAQ,GON,YAL,2,LUP,NEX,LUP,NEX,1,is hetzelfde als,2,is het tegenovergestelde van,3,,,,,,,1,hetzelfde als,3,no,3,Is,NA,NA,NA,NA,NA,NA,NA,NA,NA,NA,NA,NA,NA,NA,NA,NA,NA,NA,NA,NA,NA,NA,NA,NA,NA,NA,NA,NA,NA,NA,NA,NA,NA,NA,NA,NA,NA,NA
702b5,238,NA,iti,canvas.Screen,1_2_2_1,NA,NA,NA,NA,timeout,1000,141479,141487,141494,142478,142478,2022-04-28T11:17:11.441Z,142494,NA,NA,NA,NA,NA,NA,NA,NA,NA,NA,NA,NA,NA,NA,NA,NA,NA,NA,NA,NA,NA,NA,NA,LUP,NEX,LUP,NEX,1,is hetzelfde als,2,is het tegenovergestelde van,3,,,,,,,1,hetzelfde als,3,no,3,Is,NA,NA,NA,NA,NA,NA,NA,NA,NA,NA,NA,NA,NA,NA,NA,NA,NA,NA,NA,NA,NA,NA,NA,NA,NA,NA,NA,NA,NA,NA,NA,NA,NA,NA,NA,NA,NA,NA
702b5,238,NA,trial_sequence,flow.Sequence,1_2_2,NA,NA,NA,NA,completion,1034,141428,141427,141444,142478,142481,2022-04-28T11:17:11.443Z,142494,NA,NA,NA,NA,NA,NA,NA,NA,NA,NA,NA,NA,NA,NA,NA,NA,NA,NA,NA,NA,NA,NA,NA,LUP,NEX,LUP,NEX,1,is hetzelfde als,2,is het tegenovergestelde van,3,,,,,,,1,hetzelfde als,3,no,3,Is,NA,NA,NA,NA,NA,NA,NA,NA,NA,NA,NA,NA,NA,NA,NA,NA,NA,NA,NA,NA,NA,NA,NA,NA,NA,NA,NA,NA,NA,NA,NA,NA,NA,NA,NA,NA,NA,NA
702b5,238,NA,trial,canvas.Screen,1_2_3_0_0,NA,NA,NA,NA,response,164,142485,142478,142494,142642,142638,2022-04-28T11:17:11.601Z,142660,NA,NA,NA,NA,NA,NA,NA,NA,NA,NA,NA,NA,NA,NA,NA,NA,NA,NA,NA,NA,NA,NA,NA,XAZ,YUB,YAQ,XAZ,1,is hetzelfde als,2,is het tegenovergestelde van,3,,,,,,,3,het tegenovergestelde van,1,yes,4,Is,YUB,YAQ,no,mousedown @no,yes,FALSE,NA,NA,NA,NA,NA,NA,NA,NA,NA,NA,NA,NA,NA,NA,NA,NA,NA,NA,NA,NA,NA,NA,NA,NA,NA,NA,NA,NA,NA,NA,NA,NA
702b5,238,NA,timer,html.Frame,1_2_3_0,NA,NA,NA,NA,NA,148,142482,142478,142494,142642,142642,2022-04-28T11:17:11.605Z,142660,NA,NA,NA,NA,NA,NA,NA,NA,NA,NA,NA,NA,NA,NA,NA,NA,NA,XUD,MIY,HUW,LEP,RIH,NA,LUP,NEX,LUP,NEX,1,is hetzelfde als,2,is het tegenovergestelde van,3,,,,,,,3,het tegenovergestelde van,1,yes,4,Is,NA,NA,NA,NA,NA,NA,NA,NA,NA,NA,NA,NA,NA,NA,NA,NA,NA,NA,NA,NA,NA,NA,NA,NA,NA,NA,NA,NA,NA,NA,NA,NA,NA,NA,NA,NA,NA,NA
702b5,238,NA,iti,canvas.Screen,1_2_3_1,NA,NA,NA,NA,timeout,1001,142642,142649,142660,143644,143647,2022-04-28T11:17:12.610Z,143661,NA,NA,NA,NA,NA,NA,NA,NA,NA,NA,NA,NA,NA,NA,NA,NA,NA,NA,NA,NA,NA,NA,NA,LUP,NEX,LUP,NEX,1,is hetzelfde als,2,is het tegenovergestelde van,3,,,,,,,3,het tegenovergestelde van,1,yes,4,Is,NA,NA,NA,NA,NA,NA,NA,NA,NA,NA,NA,NA,NA,NA,NA,NA,NA,NA,NA,NA,NA,NA,NA,NA,NA,NA,NA,NA,NA,NA,NA,NA,NA,NA,NA,NA,NA,NA
702b5,238,NA,trial_sequence,flow.Sequence,1_2_3,NA,NA,NA,NA,completion,1150,142481,142478,142494,143644,143648,2022-04-28T11:17:12.610Z,143661,NA,NA,NA,NA,NA,NA,NA,NA,NA,NA,NA,NA,NA,NA,NA,NA,NA,NA,NA,NA,NA,NA,NA,LUP,NEX,LUP,NEX,1,is hetzelfde als,2,is het tegenovergestelde van,3,,,,,,,3,het tegenovergestelde van,1,yes,4,Is,NA,NA,NA,NA,NA,NA,NA,NA,NA,NA,NA,NA,NA,NA,NA,NA,NA,NA,NA,NA,NA,NA,NA,NA,NA,NA,NA,NA,NA,NA,NA,NA,NA,NA,NA,NA,NA,NA
702b5,238,NA,trial,canvas.Screen,1_2_4_0_0,NA,NA,NA,NA,response,303,143653,143644,143661,143947,143944,2022-04-28T11:17:12.907Z,143961,NA,NA,NA,NA,NA,NA,NA,NA,NA,NA,NA,NA,NA,NA,NA,NA,NA,NA,NA,NA,NA,NA,NA,XUD,MIY,XUD,HUW,1,is het tegenovergestelde van,2,is het tegenovergestelde van,3,,,,,,,1,hetzelfde als,3,yes,5,Is,MIY,HUW,no,mousedown @no,yes,FALSE,NA,NA,NA,NA,NA,NA,NA,NA,NA,NA,NA,NA,NA,NA,NA,NA,NA,NA,NA,NA,NA,NA,NA,NA,NA,NA,NA,NA,NA,NA,NA,NA
702b5,238,NA,timer,html.Frame,1_2_4_0,NA,NA,NA,NA,NA,285,143649,143644,143661,143946,143946,2022-04-28T11:17:12.909Z,143961,NA,NA,NA,NA,NA,NA,NA,NA,NA,NA,NA,NA,NA,NA,NA,NA,NA,QOS,QIG,HIR,QEM,JEM,NA,LUP,NEX,LUP,NEX,1,is het tegenovergestelde van,2,is het tegenovergestelde van,3,,,,,,,1,hetzelfde als,3,yes,5,Is,NA,NA,NA,NA,NA,NA,NA,NA,NA,NA,NA,NA,NA,NA,NA,NA,NA,NA,NA,NA,NA,NA,NA,NA,NA,NA,NA,NA,NA,NA,NA,NA,NA,NA,NA,NA,NA,NA
702b5,238,NA,iti,canvas.Screen,1_2_4_1,NA,NA,NA,NA,timeout,1000,143946,143952,143961,144945,144947,2022-04-28T11:17:13.909Z,144961,NA,NA,NA,NA,NA,NA,NA,NA,NA,NA,NA,NA,NA,NA,NA,NA,NA,NA,NA,NA,NA,NA,NA,LUP,NEX,LUP,NEX,1,is het tegenovergestelde van,2,is het tegenovergestelde van,3,,,,,,,1,hetzelfde als,3,yes,5,Is,NA,NA,NA,NA,NA,NA,NA,NA,NA,NA,NA,NA,NA,NA,NA,NA,NA,NA,NA,NA,NA,NA,NA,NA,NA,NA,NA,NA,NA,NA,NA,NA,NA,NA,NA,NA,NA,NA
702b5,238,NA,trial_sequence,flow.Sequence,1_2_4,NA,NA,NA,NA,completion,1284,143648,143644,143661,144945,144947,2022-04-28T11:17:13.910Z,144961,NA,NA,NA,NA,NA,NA,NA,NA,NA,NA,NA,NA,NA,NA,NA,NA,NA,NA,NA,NA,NA,NA,NA,LUP,NEX,LUP,NEX,1,is het tegenovergestelde van,2,is het tegenovergestelde van,3,,,,,,,1,hetzelfde als,3,yes,5,Is,NA,NA,NA,NA,NA,NA,NA,NA,NA,NA,NA,NA,NA,NA,NA,NA,NA,NA,NA,NA,NA,NA,NA,NA,NA,NA,NA,NA,NA,NA,NA,NA,NA,NA,NA,NA,NA,NA
702b5,238,NA,trial,canvas.Screen,1_2_5_0_0,NA,NA,NA,NA,response,67,144952,144945,144961,145012,145009,2022-04-28T11:17:13.972Z,145028,NA,NA,NA,NA,NA,NA,NA,NA,NA,NA,NA,NA,NA,NA,NA,NA,NA,NA,NA,NA,NA,NA,NA,QOS,QIG,HIR,QOS,1,is het tegenovergestelde van,2,is het tegenovergestelde van,3,,,,,,,3,het tegenovergestelde van,1,no,6,Is,QIG,HIR,no,mousedown @no,no,TRUE,NA,NA,NA,NA,NA,NA,NA,NA,NA,NA,NA,NA,NA,NA,NA,NA,NA,NA,NA,NA,NA,NA,NA,NA,NA,NA,NA,NA,NA,NA,NA,NA
702b5,238,NA,timer,html.Frame,1_2_5_0,NA,NA,NA,NA,NA,50,144949,144945,144961,145011,145011,2022-04-28T11:17:13.973Z,145028,NA,NA,NA,NA,NA,NA,NA,NA,NA,NA,NA,NA,NA,NA,NA,NA,NA,MIF,XES,JOM,LAZ,YOL,3,LUP,NEX,LUP,NEX,1,is het tegenovergestelde van,2,is het tegenovergestelde van,3,,,,,,,3,het tegenovergestelde van,1,no,6,Is,NA,NA,NA,NA,NA,NA,NA,NA,NA,NA,NA,NA,NA,NA,NA,NA,NA,NA,NA,NA,NA,NA,NA,NA,NA,NA,NA,NA,NA,NA,NA,NA,NA,NA,NA,NA,NA,NA
702b5,238,NA,iti,canvas.Screen,1_2_5_1,NA,NA,NA,NA,timeout,1000,145011,145017,145028,146010,146014,2022-04-28T11:17:14.976Z,146028,NA,NA,NA,NA,NA,NA,NA,NA,NA,NA,NA,NA,NA,NA,NA,NA,NA,NA,NA,NA,NA,NA,NA,LUP,NEX,LUP,NEX,1,is het tegenovergestelde van,2,is het tegenovergestelde van,3,,,,,,,3,het tegenovergestelde van,1,no,6,Is,NA,NA,NA,NA,NA,NA,NA,NA,NA,NA,NA,NA,NA,NA,NA,NA,NA,NA,NA,NA,NA,NA,NA,NA,NA,NA,NA,NA,NA,NA,NA,NA,NA,NA,NA,NA,NA,NA
702b5,238,NA,trial_sequence,flow.Sequence,1_2_5,NA,NA,NA,NA,completion,1049,144947,144945,144961,146010,146014,2022-04-28T11:17:14.977Z,146028,NA,NA,NA,NA,NA,NA,NA,NA,NA,NA,NA,NA,NA,NA,NA,NA,NA,NA,NA,NA,NA,NA,NA,LUP,NEX,LUP,NEX,1,is het tegenovergestelde van,2,is het tegenovergestelde van,3,,,,,,,3,het tegenovergestelde van,1,no,6,Is,NA,NA,NA,NA,NA,NA,NA,NA,NA,NA,NA,NA,NA,NA,NA,NA,NA,NA,NA,NA,NA,NA,NA,NA,NA,NA,NA,NA,NA,NA,NA,NA,NA,NA,NA,NA,NA,NA
702b5,239,NA,trial,canvas.Screen,1_2_6_0_0,NA,NA,NA,NA,response,6193,146021,146010,146028,152203,152200,2022-04-28T11:17:21.162Z,152245,NA,NA,NA,NA,NA,NA,NA,NA,NA,NA,NA,NA,NA,NA,NA,NA,NA,NA,NA,NA,NA,NA,NA,MIF,XES,MIF,LAZ,1,is hetzelfde als,2,is het tegenovergestelde van,3,3,is hetzelfde als,4,,,,1,hetzelfde als,4,no,7,Is,XES,JOM,no,mousedown @no,no,TRUE,JOM,LAZ,NA,NA,NA,NA,NA,NA,NA,NA,NA,NA,NA,NA,NA,NA,NA,NA,NA,NA,NA,NA,NA,NA,NA,NA,NA,NA,NA,NA,NA,NA
702b5,239,NA,timer,html.Frame,1_2_6_0,NA,NA,NA,NA,NA,6174,146016,146010,146028,152202,152202,2022-04-28T11:17:21.165Z,152245,NA,NA,NA,NA,NA,NA,NA,NA,NA,NA,NA,NA,NA,NA,NA,NA,NA,"NAX",LUY,VEZ,YEG,SAJ,4,LUP,NEX,LUP,NEX,1,is hetzelfde als,2,is het tegenovergestelde van,3,3,is hetzelfde als,4,,,,1,hetzelfde als,4,no,7,Is,NA,NA,NA,NA,NA,NA,NA,NA,NA,NA,NA,NA,NA,NA,NA,NA,NA,NA,NA,NA,NA,NA,NA,NA,NA,NA,NA,NA,NA,NA,NA,NA,NA,NA,NA,NA,NA,NA
702b5,239,NA,iti,canvas.Screen,1_2_6_1,NA,NA,NA,NA,timeout,1000,152202,152227,152245,153228,153229,2022-04-28T11:17:22.191Z,153245,NA,NA,NA,NA,NA,NA,NA,NA,NA,NA,NA,NA,NA,NA,NA,NA,NA,NA,NA,NA,NA,NA,NA,LUP,NEX,LUP,NEX,1,is hetzelfde als,2,is het tegenovergestelde van,3,3,is hetzelfde als,4,,,,1,hetzelfde als,4,no,7,Is,NA,NA,NA,NA,NA,NA,NA,NA,NA,NA,NA,NA,NA,NA,NA,NA,NA,NA,NA,NA,NA,NA,NA,NA,NA,NA,NA,NA,NA,NA,NA,NA,NA,NA,NA,NA,NA,NA
702b5,239,NA,trial_sequence,flow.Sequence,1_2_6,NA,NA,NA,NA,completion,7200,146015,146010,146028,153228,153229,2022-04-28T11:17:22.192Z,153245,NA,NA,NA,NA,NA,NA,NA,NA,NA,NA,NA,NA,NA,NA,NA,NA,NA,NA,NA,NA,NA,NA,NA,LUP,NEX,LUP,NEX,1,is hetzelfde als,2,is het tegenovergestelde van,3,3,is hetzelfde als,4,,,,1,hetzelfde als,4,no,7,Is,NA,NA,NA,NA,NA,NA,NA,NA,NA,NA,NA,NA,NA,NA,NA,NA,NA,NA,NA,NA,NA,NA,NA,NA,NA,NA,NA,NA,NA,NA,NA,NA,NA,NA,NA,NA,NA,NA
702b5,239,NA,trial,canvas.Screen,1_2_7_0_0,NA,NA,NA,NA,response,864,153235,153228,153245,154092,154090,2022-04-28T11:17:23.052Z,154128,NA,NA,NA,NA,NA,NA,NA,NA,NA,NA,NA,NA,NA,NA,NA,NA,NA,NA,NA,NA,NA,NA,NA,"NAX",LUY,YEG,"NAX",1,is hetzelfde als,2,is het tegenovergestelde van,3,3,is hetzelfde als,4,,,,4,het tegenovergestelde van,1,yes,8,Is,LUY,VEZ,no,mousedown @no,yes,FALSE,VEZ,YEG,NA,NA,NA,NA,NA,NA,NA,NA,NA,NA,NA,NA,NA,NA,NA,NA,NA,NA,NA,NA,NA,NA,NA,NA,NA,NA,NA,NA,NA,NA
702b5,239,NA,timer,html.Frame,1_2_7_0,NA,NA,NA,NA,NA,847,153231,153228,153245,154092,154092,2022-04-28T11:17:23.054Z,154128,NA,NA,NA,NA,NA,NA,NA,NA,NA,NA,NA,NA,NA,NA,NA,NA,NA,RIR,CAS,YIC,KUY,JOZ,NA,LUP,NEX,LUP,NEX,1,is hetzelfde als,2,is het tegenovergestelde van,3,3,is hetzelfde als,4,,,,4,het tegenovergestelde van,1,yes,8,Is,NA,NA,NA,NA,NA,NA,NA,NA,NA,NA,NA,NA,NA,NA,NA,NA,NA,NA,NA,NA,NA,NA,NA,NA,NA,NA,NA,NA,NA,NA,NA,NA,NA,NA,NA,NA,NA,NA
702b5,239,NA,iti,canvas.Screen,1_2_7_1,NA,NA,NA,NA,timeout,1000,154092,154111,154128,155112,155115,2022-04-28T11:17:24.077Z,155128,NA,NA,NA,NA,NA,NA,NA,NA,NA,NA,NA,NA,NA,NA,NA,NA,NA,NA,NA,NA,NA,NA,NA,LUP,NEX,LUP,NEX,1,is hetzelfde als,2,is het tegenovergestelde van,3,3,is hetzelfde als,4,,,,4,het tegenovergestelde van,1,yes,8,Is,NA,NA,NA,NA,NA,NA,NA,NA,NA,NA,NA,NA,NA,NA,NA,NA,NA,NA,NA,NA,NA,NA,NA,NA,NA,NA,NA,NA,NA,NA,NA,NA,NA,NA,NA,NA,NA,NA
702b5,239,NA,trial_sequence,flow.Sequence,1_2_7,NA,NA,NA,NA,completion,1867,153229,153228,153245,155112,155115,2022-04-28T11:17:24.078Z,155128,NA,NA,NA,NA,NA,NA,NA,NA,NA,NA,NA,NA,NA,NA,NA,NA,NA,NA,NA,NA,NA,NA,NA,LUP,NEX,LUP,NEX,1,is hetzelfde als,2,is het tegenovergestelde van,3,3,is hetzelfde als,4,,,,4,het tegenovergestelde van,1,yes,8,Is,NA,NA,NA,NA,NA,NA,NA,NA,NA,NA,NA,NA,NA,NA,NA,NA,NA,NA,NA,NA,NA,NA,NA,NA,NA,NA,NA,NA,NA,NA,NA,NA,NA,NA,NA,NA,NA,NA
702b5,239,NA,trial,canvas.Screen,1_2_8_0_0,NA,NA,NA,NA,response,101,155120,155112,155128,155213,155210,2022-04-28T11:17:24.172Z,155228,NA,NA,NA,NA,NA,NA,NA,NA,NA,NA,NA,NA,NA,NA,NA,NA,NA,NA,NA,NA,NA,NA,NA,RIR,CAS,RIR,KUY,1,is het tegenovergestelde van,2,is hetzelfde als,3,3,is het tegenovergestelde van,4,,,,1,hetzelfde als,4,yes,9,Is,CAS,YIC,no,mousedown @no,yes,FALSE,YIC,KUY,NA,NA,NA,NA,NA,NA,NA,NA,NA,NA,NA,NA,NA,NA,NA,NA,NA,NA,NA,NA,NA,NA,NA,NA,NA,NA,NA,NA,NA,NA
702b5,239,NA,timer,html.Frame,1_2_8_0,NA,NA,NA,NA,NA,84,155117,155112,155128,155212,155213,2022-04-28T11:17:24.175Z,155228,NA,NA,NA,NA,NA,NA,NA,NA,NA,NA,NA,NA,NA,NA,NA,NA,NA,YAV,FIH,VEQ,DIQ,MAJ,NA,LUP,NEX,LUP,NEX,1,is het tegenovergestelde van,2,is hetzelfde als,3,3,is het tegenovergestelde van,4,,,,1,hetzelfde als,4,yes,9,Is,NA,NA,NA,NA,NA,NA,NA,NA,NA,NA,NA,NA,NA,NA,NA,NA,NA,NA,NA,NA,NA,NA,NA,NA,NA,NA,NA,NA,NA,NA,NA,NA,NA,NA,NA,NA,NA,NA
702b5,239,NA,iti,canvas.Screen,1_2_8_1,NA,NA,NA,NA,timeout,999,155213,155220,155228,156211,156212,2022-04-28T11:17:25.174Z,156227,NA,NA,NA,NA,NA,NA,NA,NA,NA,NA,NA,NA,NA,NA,NA,NA,NA,NA,NA,NA,NA,NA,NA,LUP,NEX,LUP,NEX,1,is het tegenovergestelde van,2,is hetzelfde als,3,3,is het tegenovergestelde van,4,,,,1,hetzelfde als,4,yes,9,Is,NA,NA,NA,NA,NA,NA,NA,NA,NA,NA,NA,NA,NA,NA,NA,NA,NA,NA,NA,NA,NA,NA,NA,NA,NA,NA,NA,NA,NA,NA,NA,NA,NA,NA,NA,NA,NA,NA
702b5,239,NA,trial_sequence,flow.Sequence,1_2_8,NA,NA,NA,NA,completion,1083,155116,155112,155128,156211,156213,2022-04-28T11:17:25.175Z,156227,NA,NA,NA,NA,NA,NA,NA,NA,NA,NA,NA,NA,NA,NA,NA,NA,NA,NA,NA,NA,NA,NA,NA,LUP,NEX,LUP,NEX,1,is het tegenovergestelde van,2,is hetzelfde als,3,3,is het tegenovergestelde van,4,,,,1,hetzelfde als,4,yes,9,Is,NA,NA,NA,NA,NA,NA,NA,NA,NA,NA,NA,NA,NA,NA,NA,NA,NA,NA,NA,NA,NA,NA,NA,NA,NA,NA,NA,NA,NA,NA,NA,NA,NA,NA,NA,NA,NA,NA
702b5,239,NA,trial,canvas.Screen,1_2_9_0_0,NA,NA,NA,NA,response,184,156219,156211,156227,156395,156391,2022-04-28T11:17:25.354Z,156412,NA,NA,NA,NA,NA,NA,NA,NA,NA,NA,NA,NA,NA,NA,NA,NA,NA,NA,NA,NA,NA,NA,NA,YAV,FIH,DIQ,YAV,1,is het tegenovergestelde van,2,is hetzelfde als,3,3,is het tegenovergestelde van,4,,,,4,het tegenovergestelde van,1,no,10,Is,FIH,VEQ,no,mousedown @no,no,TRUE,VEQ,DIQ,NA,NA,NA,NA,NA,NA,NA,NA,NA,NA,NA,NA,NA,NA,NA,NA,NA,NA,NA,NA,NA,NA,NA,NA,NA,NA,NA,NA,NA,NA
702b5,239,NA,timer,html.Frame,1_2_9_0,NA,NA,NA,NA,NA,166,156215,156211,156227,156393,156394,2022-04-28T11:17:25.356Z,156412,NA,NA,NA,NA,NA,NA,NA,NA,NA,NA,NA,NA,NA,NA,NA,NA,NA,XIZ,RIV,COJ,NEJ,XAH,5,LUP,NEX,LUP,NEX,1,is het tegenovergestelde van,2,is hetzelfde als,3,3,is het tegenovergestelde van,4,,,,4,het tegenovergestelde van,1,no,10,Is,NA,NA,NA,NA,NA,NA,NA,NA,NA,NA,NA,NA,NA,NA,NA,NA,NA,NA,NA,NA,NA,NA,NA,NA,NA,NA,NA,NA,NA,NA,NA,NA,NA,NA,NA,NA,NA,NA
702b5,239,NA,iti,canvas.Screen,1_2_9_1,NA,NA,NA,NA,timeout,1000,156394,156399,156412,157395,157398,2022-04-28T11:17:26.360Z,157412,NA,NA,NA,NA,NA,NA,NA,NA,NA,NA,NA,NA,NA,NA,NA,NA,NA,NA,NA,NA,NA,NA,NA,LUP,NEX,LUP,NEX,1,is het tegenovergestelde van,2,is hetzelfde als,3,3,is het tegenovergestelde van,4,,,,4,het tegenovergestelde van,1,no,10,Is,NA,NA,NA,NA,NA,NA,NA,NA,NA,NA,NA,NA,NA,NA,NA,NA,NA,NA,NA,NA,NA,NA,NA,NA,NA,NA,NA,NA,NA,NA,NA,NA,NA,NA,NA,NA,NA,NA
702b5,239,NA,trial_sequence,flow.Sequence,1_2_9,NA,NA,NA,NA,completion,1168,156213,156211,156227,157395,157398,2022-04-28T11:17:26.361Z,157412,NA,NA,NA,NA,NA,NA,NA,NA,NA,NA,NA,NA,NA,NA,NA,NA,NA,NA,NA,NA,NA,NA,NA,LUP,NEX,LUP,NEX,1,is het tegenovergestelde van,2,is hetzelfde als,3,3,is het tegenovergestelde van,4,,,,4,het tegenovergestelde van,1,no,10,Is,NA,NA,NA,NA,NA,NA,NA,NA,NA,NA,NA,NA,NA,NA,NA,NA,NA,NA,NA,NA,NA,NA,NA,NA,NA,NA,NA,NA,NA,NA,NA,NA,NA,NA,NA,NA,NA,NA
702b5,240,NA,trial,canvas.Screen,1_2_10_0_0,NA,NA,NA,NA,response,4714,157404,157395,157412,162109,162105,2022-04-28T11:17:31.067Z,162145,NA,NA,NA,NA,NA,NA,NA,NA,NA,NA,NA,NA,NA,NA,NA,NA,NA,NA,NA,NA,NA,NA,NA,XIZ,RIV,XIZ,NEJ,1,is het tegenovergestelde van,2,is het tegenovergestelde van,3,3,is het tegenovergestelde van,4,,,,1,hetzelfde als,4,yes,11,Is,RIV,COJ,no,mousedown @no,yes,FALSE,COJ,NEJ,NA,NA,NA,NA,NA,NA,NA,NA,NA,NA,NA,NA,NA,NA,NA,NA,NA,NA,NA,NA,NA,NA,NA,NA,NA,NA,NA,NA,NA,NA
702b5,240,NA,timer,html.Frame,1_2_10_0,NA,NA,NA,NA,NA,4695,157400,157395,157412,162107,162107,2022-04-28T11:17:31.069Z,162145,NA,NA,NA,NA,NA,NA,NA,NA,NA,NA,NA,NA,NA,NA,NA,NA,NA,QOZ,GEV,SIH,NUV,QAS,NA,LUP,NEX,LUP,NEX,1,is het tegenovergestelde van,2,is het tegenovergestelde van,3,3,is het tegenovergestelde van,4,,,,1,hetzelfde als,4,yes,11,Is,NA,NA,NA,NA,NA,NA,NA,NA,NA,NA,NA,NA,NA,NA,NA,NA,NA,NA,NA,NA,NA,NA,NA,NA,NA,NA,NA,NA,NA,NA,NA,NA,NA,NA,NA,NA,NA,NA
702b5,240,NA,iti,canvas.Screen,1_2_10_1,NA,NA,NA,NA,timeout,1001,162107,162128,162145,163129,163129,2022-04-28T11:17:32.092Z,163146,NA,NA,NA,NA,NA,NA,NA,NA,NA,NA,NA,NA,NA,NA,NA,NA,NA,NA,NA,NA,NA,NA,NA,LUP,NEX,LUP,NEX,1,is het tegenovergestelde van,2,is het tegenovergestelde van,3,3,is het tegenovergestelde van,4,,,,1,hetzelfde als,4,yes,11,Is,NA,NA,NA,NA,NA,NA,NA,NA,NA,NA,NA,NA,NA,NA,NA,NA,NA,NA,NA,NA,NA,NA,NA,NA,NA,NA,NA,NA,NA,NA,NA,NA,NA,NA,NA,NA,NA,NA
702b5,240,NA,trial_sequence,flow.Sequence,1_2_10,NA,NA,NA,NA,completion,5717,157398,157395,157412,163129,163130,2022-04-28T11:17:32.092Z,163146,NA,NA,NA,NA,NA,NA,NA,NA,NA,NA,NA,NA,NA,NA,NA,NA,NA,NA,NA,NA,NA,NA,NA,LUP,NEX,LUP,NEX,1,is het tegenovergestelde van,2,is het tegenovergestelde van,3,3,is het tegenovergestelde van,4,,,,1,hetzelfde als,4,yes,11,Is,NA,NA,NA,NA,NA,NA,NA,NA,NA,NA,NA,NA,NA,NA,NA,NA,NA,NA,NA,NA,NA,NA,NA,NA,NA,NA,NA,NA,NA,NA,NA,NA,NA,NA,NA,NA,NA,NA
702b5,240,NA,trial,canvas.Screen,1_2_11_0_0,NA,NA,NA,NA,response,453,163136,163129,163146,163582,163578,2022-04-28T11:17:32.541Z,163612,NA,NA,NA,NA,NA,NA,NA,NA,NA,NA,NA,NA,NA,NA,NA,NA,NA,NA,NA,NA,NA,NA,NA,QOZ,GEV,NUV,QOZ,1,is het tegenovergestelde van,2,is het tegenovergestelde van,3,3,is het tegenovergestelde van,4,,,,4,het tegenovergestelde van,1,no,12,Is,GEV,SIH,no,mousedown @no,no,TRUE,SIH,NUV,NA,NA,NA,NA,NA,NA,NA,NA,NA,NA,NA,NA,NA,NA,NA,NA,NA,NA,NA,NA,NA,NA,NA,NA,NA,NA,NA,NA,NA,NA
702b5,240,NA,timer,html.Frame,1_2_11_0,NA,NA,NA,NA,NA,434,163132,163129,163146,163580,163580,2022-04-28T11:17:32.543Z,163612,NA,NA,NA,NA,NA,NA,NA,NA,NA,NA,NA,NA,NA,NA,NA,NA,NA,XAV,TAH,LIR,YIY,JAX,6,LUP,NEX,LUP,NEX,1,is het tegenovergestelde van,2,is het tegenovergestelde van,3,3,is het tegenovergestelde van,4,,,,4,het tegenovergestelde van,1,no,12,Is,NA,NA,NA,NA,NA,NA,NA,NA,NA,NA,NA,NA,NA,NA,NA,NA,NA,NA,NA,NA,NA,NA,NA,NA,NA,NA,NA,NA,NA,NA,NA,NA,NA,NA,NA,NA,NA,NA
702b5,240,NA,iti,canvas.Screen,1_2_11_1,NA,NA,NA,NA,timeout,1000,163581,163596,163612,164595,164595,2022-04-28T11:17:33.557Z,164612,NA,NA,NA,NA,NA,NA,NA,NA,NA,NA,NA,NA,NA,NA,NA,NA,NA,NA,NA,NA,NA,NA,NA,LUP,NEX,LUP,NEX,1,is het tegenovergestelde van,2,is het tegenovergestelde van,3,3,is het tegenovergestelde van,4,,,,4,het tegenovergestelde van,1,no,12,Is,NA,NA,NA,NA,NA,NA,NA,NA,NA,NA,NA,NA,NA,NA,NA,NA,NA,NA,NA,NA,NA,NA,NA,NA,NA,NA,NA,NA,NA,NA,NA,NA,NA,NA,NA,NA,NA,NA
702b5,240,NA,trial_sequence,flow.Sequence,1_2_11,NA,NA,NA,NA,completion,1449,163130,163129,163146,164595,164596,2022-04-28T11:17:33.558Z,164612,NA,NA,NA,NA,NA,NA,NA,NA,NA,NA,NA,NA,NA,NA,NA,NA,NA,NA,NA,NA,NA,NA,NA,LUP,NEX,LUP,NEX,1,is het tegenovergestelde van,2,is het tegenovergestelde van,3,3,is het tegenovergestelde van,4,,,,4,het tegenovergestelde van,1,no,12,Is,NA,NA,NA,NA,NA,NA,NA,NA,NA,NA,NA,NA,NA,NA,NA,NA,NA,NA,NA,NA,NA,NA,NA,NA,NA,NA,NA,NA,NA,NA,NA,NA,NA,NA,NA,NA,NA,NA
702b5,240,NA,trial,canvas.Screen,1_2_12_0_0,NA,NA,NA,NA,response,385,164601,164595,164612,164980,164977,2022-04-28T11:17:33.939Z,165013,NA,NA,NA,NA,NA,NA,NA,NA,NA,NA,NA,NA,NA,NA,NA,NA,NA,NA,NA,NA,NA,NA,NA,XAV,TAH,XAV,JAX,1,is het tegenovergestelde van,2,is hetzelfde als,3,3,is het tegenovergestelde van,4,4,is hetzelfde als,5,1,hetzelfde als,5,yes,13,Is,TAH,LIR,no,mousedown @no,yes,FALSE,LIR,YIY,YIY,JAX,NA,NA,NA,NA,NA,NA,NA,NA,NA,NA,NA,NA,NA,NA,NA,NA,NA,NA,NA,NA,NA,NA,NA,NA,NA,NA,NA,NA
702b5,240,NA,timer,html.Frame,1_2_12_0,NA,NA,NA,NA,NA,367,164597,164595,164612,164979,164979,2022-04-28T11:17:33.941Z,165013,NA,NA,NA,NA,NA,NA,NA,NA,NA,NA,NA,NA,NA,NA,NA,NA,NA,YUC,NEY,YIH,QAH,KAD,NA,LUP,NEX,LUP,NEX,1,is het tegenovergestelde van,2,is hetzelfde als,3,3,is het tegenovergestelde van,4,4,is hetzelfde als,5,1,hetzelfde als,5,yes,13,Is,NA,NA,NA,NA,NA,NA,NA,NA,NA,NA,NA,NA,NA,NA,NA,NA,NA,NA,NA,NA,NA,NA,NA,NA,NA,NA,NA,NA,NA,NA,NA,NA,NA,NA,NA,NA,NA,NA
702b5,240,NA,iti,canvas.Screen,1_2_12_1,NA,NA,NA,NA,timeout,1000,164979,164995,165013,165995,165997,2022-04-28T11:17:34.959Z,166013,NA,NA,NA,NA,NA,NA,NA,NA,NA,NA,NA,NA,NA,NA,NA,NA,NA,NA,NA,NA,NA,NA,NA,LUP,NEX,LUP,NEX,1,is het tegenovergestelde van,2,is hetzelfde als,3,3,is het tegenovergestelde van,4,4,is hetzelfde als,5,1,hetzelfde als,5,yes,13,Is,NA,NA,NA,NA,NA,NA,NA,NA,NA,NA,NA,NA,NA,NA,NA,NA,NA,NA,NA,NA,NA,NA,NA,NA,NA,NA,NA,NA,NA,NA,NA,NA,NA,NA,NA,NA,NA,NA
702b5,240,NA,trial_sequence,flow.Sequence,1_2_12,NA,NA,NA,NA,completion,1383,164596,164595,164612,165995,165998,2022-04-28T11:17:34.960Z,166013,NA,NA,NA,NA,NA,NA,NA,NA,NA,NA,NA,NA,NA,NA,NA,NA,NA,NA,NA,NA,NA,NA,NA,LUP,NEX,LUP,NEX,1,is het tegenovergestelde van,2,is hetzelfde als,3,3,is het tegenovergestelde van,4,4,is hetzelfde als,5,1,hetzelfde als,5,yes,13,Is,NA,NA,NA,NA,NA,NA,NA,NA,NA,NA,NA,NA,NA,NA,NA,NA,NA,NA,NA,NA,NA,NA,NA,NA,NA,NA,NA,NA,NA,NA,NA,NA,NA,NA,NA,NA,NA,NA
702b5,241,NA,trial,canvas.Screen,1_2_13_0_0,NA,NA,NA,NA,response,8355,166002,165995,166013,174350,174346,2022-04-28T11:17:43.308Z,174379,NA,NA,NA,NA,NA,NA,NA,NA,NA,NA,NA,NA,NA,NA,NA,NA,NA,NA,NA,NA,NA,NA,NA,YUC,NEY,KAD,YUC,1,is het tegenovergestelde van,2,is hetzelfde als,3,3,is het tegenovergestelde van,4,4,is hetzelfde als,5,5,het tegenovergestelde van,1,no,14,Is,NEY,YIH,no,mousedown @no,no,TRUE,YIH,QAH,QAH,KAD,NA,NA,NA,NA,NA,NA,NA,NA,NA,NA,NA,NA,NA,NA,NA,NA,NA,NA,NA,NA,NA,NA,NA,NA,NA,NA,NA,NA
702b5,241,NA,timer,html.Frame,1_2_13_0,NA,NA,NA,NA,NA,8336,165999,165995,166013,174349,174350,2022-04-28T11:17:43.312Z,174379,NA,NA,NA,NA,NA,NA,NA,NA,NA,NA,NA,NA,NA,NA,NA,NA,NA,GAJ,SOQ,SOR,YIT,TAY,7,LUP,NEX,LUP,NEX,1,is het tegenovergestelde van,2,is hetzelfde als,3,3,is het tegenovergestelde van,4,4,is hetzelfde als,5,5,het tegenovergestelde van,1,no,14,Is,NA,NA,NA,NA,NA,NA,NA,NA,NA,NA,NA,NA,NA,NA,NA,NA,NA,NA,NA,NA,NA,NA,NA,NA,NA,NA,NA,NA,NA,NA,NA,NA,NA,NA,NA,NA,NA,NA
702b5,241,NA,iti,canvas.Screen,1_2_13_1,NA,NA,NA,NA,timeout,1001,174350,174363,174379,175363,175363,2022-04-28T11:17:44.326Z,175380,NA,NA,NA,NA,NA,NA,NA,NA,NA,NA,NA,NA,NA,NA,NA,NA,NA,NA,NA,NA,NA,NA,NA,LUP,NEX,LUP,NEX,1,is het tegenovergestelde van,2,is hetzelfde als,3,3,is het tegenovergestelde van,4,4,is hetzelfde als,5,5,het tegenovergestelde van,1,no,14,Is,NA,NA,NA,NA,NA,NA,NA,NA,NA,NA,NA,NA,NA,NA,NA,NA,NA,NA,NA,NA,NA,NA,NA,NA,NA,NA,NA,NA,NA,NA,NA,NA,NA,NA,NA,NA,NA,NA
702b5,241,NA,trial_sequence,flow.Sequence,1_2_13,NA,NA,NA,NA,completion,9350,165998,165995,166013,175363,175364,2022-04-28T11:17:44.326Z,175380,NA,NA,NA,NA,NA,NA,NA,NA,NA,NA,NA,NA,NA,NA,NA,NA,NA,NA,NA,NA,NA,NA,NA,LUP,NEX,LUP,NEX,1,is het tegenovergestelde van,2,is hetzelfde als,3,3,is het tegenovergestelde van,4,4,is hetzelfde als,5,5,het tegenovergestelde van,1,no,14,Is,NA,NA,NA,NA,NA,NA,NA,NA,NA,NA,NA,NA,NA,NA,NA,NA,NA,NA,NA,NA,NA,NA,NA,NA,NA,NA,NA,NA,NA,NA,NA,NA,NA,NA,NA,NA,NA,NA
702b5,241,NA,trial,canvas.Screen,1_2_14_0_0,NA,NA,NA,NA,response,124,175368,175363,175380,175487,175483,2022-04-28T11:17:44.445Z,175513,NA,NA,NA,NA,NA,NA,NA,NA,NA,NA,NA,NA,NA,NA,NA,NA,NA,NA,NA,NA,NA,NA,NA,GAJ,SOQ,GAJ,TAY,1,is hetzelfde als,2,is het tegenovergestelde van,3,3,is hetzelfde als,4,4,is het tegenovergestelde van,5,1,hetzelfde als,5,no,15,Is,SOQ,SOR,no,mousedown @no,no,TRUE,SOR,YIT,YIT,TAY,NA,NA,NA,NA,NA,NA,NA,NA,NA,NA,NA,NA,NA,NA,NA,NA,NA,NA,NA,NA,NA,NA,NA,NA,NA,NA,NA,NA
702b5,241,NA,timer,html.Frame,1_2_14_0,NA,NA,NA,NA,NA,104,175365,175363,175380,175484,175485,2022-04-28T11:17:44.447Z,175513,NA,NA,NA,NA,NA,NA,NA,NA,NA,NA,NA,NA,NA,NA,NA,NA,NA,YUQ,XUN,SEK,YED,QAB,8,LUP,NEX,LUP,NEX,1,is hetzelfde als,2,is het tegenovergestelde van,3,3,is hetzelfde als,4,4,is het tegenovergestelde van,5,1,hetzelfde als,5,no,15,Is,NA,NA,NA,NA,NA,NA,NA,NA,NA,NA,NA,NA,NA,NA,NA,NA,NA,NA,NA,NA,NA,NA,NA,NA,NA,NA,NA,NA,NA,NA,NA,NA,NA,NA,NA,NA,NA,NA
702b5,241,NA,iti,canvas.Screen,1_2_14_1,NA,NA,NA,NA,timeout,999,175485,175496,175513,176497,176497,2022-04-28T11:17:45.459Z,176512,NA,NA,NA,NA,NA,NA,NA,NA,NA,NA,NA,NA,NA,NA,NA,NA,NA,NA,NA,NA,NA,NA,NA,LUP,NEX,LUP,NEX,1,is hetzelfde als,2,is het tegenovergestelde van,3,3,is hetzelfde als,4,4,is het tegenovergestelde van,5,1,hetzelfde als,5,no,15,Is,NA,NA,NA,NA,NA,NA,NA,NA,NA,NA,NA,NA,NA,NA,NA,NA,NA,NA,NA,NA,NA,NA,NA,NA,NA,NA,NA,NA,NA,NA,NA,NA,NA,NA,NA,NA,NA,NA
702b5,241,NA,trial_sequence,flow.Sequence,1_2_14,NA,NA,NA,NA,completion,1117,175364,175363,175380,176497,176498,2022-04-28T11:17:45.460Z,176512,NA,NA,NA,NA,NA,NA,NA,NA,NA,NA,NA,NA,NA,NA,NA,NA,NA,NA,NA,NA,NA,NA,NA,LUP,NEX,LUP,NEX,1,is hetzelfde als,2,is het tegenovergestelde van,3,3,is hetzelfde als,4,4,is het tegenovergestelde van,5,1,hetzelfde als,5,no,15,Is,NA,NA,NA,NA,NA,NA,NA,NA,NA,NA,NA,NA,NA,NA,NA,NA,NA,NA,NA,NA,NA,NA,NA,NA,NA,NA,NA,NA,NA,NA,NA,NA,NA,NA,NA,NA,NA,NA
702b5,241,NA,trial,canvas.Screen,1_2_15_0_0,NA,NA,NA,NA,response,1095,176502,176497,176512,177592,177591,2022-04-28T11:17:46.553Z,177629,NA,NA,NA,NA,NA,NA,NA,NA,NA,NA,NA,NA,NA,NA,NA,NA,NA,NA,NA,NA,NA,NA,NA,YUQ,XUN,QAB,YUQ,1,is hetzelfde als,2,is het tegenovergestelde van,3,3,is hetzelfde als,4,4,is het tegenovergestelde van,5,5,het tegenovergestelde van,1,yes,16,Is,XUN,SEK,no,mousedown @no,yes,FALSE,SEK,YED,YED,QAB,NA,NA,NA,NA,NA,NA,NA,NA,NA,NA,NA,NA,NA,NA,NA,NA,NA,NA,NA,NA,NA,NA,NA,NA,NA,NA,NA,NA
702b5,241,NA,timer,html.Frame,1_2_15_0,NA,NA,NA,NA,NA,1081.00000000003,176499,176497,176512,177593,177594,2022-04-28T11:17:46.556Z,177629,NA,NA,NA,NA,NA,NA,NA,NA,NA,NA,NA,NA,NA,NA,NA,NA,NA,YIG,LIW,YIL,FOL,RIX,NA,LUP,NEX,LUP,NEX,1,is hetzelfde als,2,is het tegenovergestelde van,3,3,is hetzelfde als,4,4,is het tegenovergestelde van,5,5,het tegenovergestelde van,1,yes,16,Is,NA,NA,NA,NA,NA,NA,NA,NA,NA,NA,NA,NA,NA,NA,NA,NA,NA,NA,NA,NA,NA,NA,NA,NA,NA,NA,NA,NA,NA,NA,NA,NA,NA,NA,NA,NA,NA,NA
702b5,241,NA,iti,canvas.Screen,1_2_15_1,NA,NA,NA,NA,timeout,1001,177594,177612,177629,178614,178614,2022-04-28T11:17:47.576Z,178630,NA,NA,NA,NA,NA,NA,NA,NA,NA,NA,NA,NA,NA,NA,NA,NA,NA,NA,NA,NA,NA,NA,NA,LUP,NEX,LUP,NEX,1,is hetzelfde als,2,is het tegenovergestelde van,3,3,is hetzelfde als,4,4,is het tegenovergestelde van,5,5,het tegenovergestelde van,1,yes,16,Is,NA,NA,NA,NA,NA,NA,NA,NA,NA,NA,NA,NA,NA,NA,NA,NA,NA,NA,NA,NA,NA,NA,NA,NA,NA,NA,NA,NA,NA,NA,NA,NA,NA,NA,NA,NA,NA,NA
702b5,241,NA,trial_sequence,flow.Sequence,1_2_15,NA,NA,NA,NA,completion,2102,176498,176497,176512,178614,178615,2022-04-28T11:17:47.577Z,178630,NA,NA,NA,NA,NA,NA,NA,NA,NA,NA,NA,NA,NA,NA,NA,NA,NA,NA,NA,NA,NA,NA,NA,LUP,NEX,LUP,NEX,1,is hetzelfde als,2,is het tegenovergestelde van,3,3,is hetzelfde als,4,4,is het tegenovergestelde van,5,5,het tegenovergestelde van,1,yes,16,Is,NA,NA,NA,NA,NA,NA,NA,NA,NA,NA,NA,NA,NA,NA,NA,NA,NA,NA,NA,NA,NA,NA,NA,NA,NA,NA,NA,NA,NA,NA,NA,NA,NA,NA,NA,NA,NA,NA
702b5,241,NA,trial,canvas.Screen,1_2_16_0_0,NA,NA,NA,NA,response,332,178620,178614,178630,178946,178944,2022-04-28T11:17:47.906Z,178962,NA,NA,NA,NA,NA,NA,NA,NA,NA,NA,NA,NA,NA,NA,NA,NA,NA,NA,NA,NA,NA,NA,NA,YIG,LIW,YIL,YIG,2,is hetzelfde als,2,is hetzelfde als,3,,,,,,,3,hetzelfde als,1,yes,17,Is,LIW,YIL,no,mousedown @no,yes,FALSE,NA,NA,NA,NA,NA,NA,NA,NA,NA,NA,NA,NA,NA,NA,NA,NA,NA,NA,NA,NA,NA,NA,NA,NA,NA,NA,NA,NA,NA,NA,NA,NA
702b5,241,NA,timer,html.Frame,1_2_16_0,NA,NA,NA,NA,NA,316,178617,178614,178630,178946,178946,2022-04-28T11:17:47.908Z,178962,NA,NA,NA,NA,NA,NA,NA,NA,NA,NA,NA,NA,NA,NA,NA,NA,NA,TIQ,FIM,GEZ,TIR,TEX,NA,LUP,NEX,LUP,NEX,2,is hetzelfde als,2,is hetzelfde als,3,,,,,,,3,hetzelfde als,1,yes,17,Is,NA,NA,NA,NA,NA,NA,NA,NA,NA,NA,NA,NA,NA,NA,NA,NA,NA,NA,NA,NA,NA,NA,NA,NA,NA,NA,NA,NA,NA,NA,NA,NA,NA,NA,NA,NA,NA,NA
702b5,241,NA,iti,canvas.Screen,1_2_16_1,NA,NA,NA,NA,timeout,1001,178946,178952,178962,179946,179947,2022-04-28T11:17:48.909Z,179963,NA,NA,NA,NA,NA,NA,NA,NA,NA,NA,NA,NA,NA,NA,NA,NA,NA,NA,NA,NA,NA,NA,NA,LUP,NEX,LUP,NEX,2,is hetzelfde als,2,is hetzelfde als,3,,,,,,,3,hetzelfde als,1,yes,17,Is,NA,NA,NA,NA,NA,NA,NA,NA,NA,NA,NA,NA,NA,NA,NA,NA,NA,NA,NA,NA,NA,NA,NA,NA,NA,NA,NA,NA,NA,NA,NA,NA,NA,NA,NA,NA,NA,NA
702b5,241,NA,trial_sequence,flow.Sequence,1_2_16,NA,NA,NA,NA,completion,1316,178615,178614,178630,179946,179947,2022-04-28T11:17:48.909Z,179963,NA,NA,NA,NA,NA,NA,NA,NA,NA,NA,NA,NA,NA,NA,NA,NA,NA,NA,NA,NA,NA,NA,NA,LUP,NEX,LUP,NEX,2,is hetzelfde als,2,is hetzelfde als,3,,,,,,,3,hetzelfde als,1,yes,17,Is,NA,NA,NA,NA,NA,NA,NA,NA,NA,NA,NA,NA,NA,NA,NA,NA,NA,NA,NA,NA,NA,NA,NA,NA,NA,NA,NA,NA,NA,NA,NA,NA,NA,NA,NA,NA,NA,NA
702b5,241,NA,trial,canvas.Screen,1_2_17_0_0,NA,NA,NA,NA,response,445,179952,179946,179963,180391,180387,2022-04-28T11:17:49.349Z,180430,NA,NA,NA,NA,NA,NA,NA,NA,NA,NA,NA,NA,NA,NA,NA,NA,NA,NA,NA,NA,NA,NA,NA,TIQ,FIM,TIQ,GEZ,2,is hetzelfde als,2,is hetzelfde als,3,,,,,,,1,anders dan,3,no,18,Is,FIM,GEZ,no,mousedown @no,no,TRUE,NA,NA,NA,NA,NA,NA,NA,NA,NA,NA,NA,NA,NA,NA,NA,NA,NA,NA,NA,NA,NA,NA,NA,NA,NA,NA,NA,NA,NA,NA,NA,NA
702b5,241,NA,timer,html.Frame,1_2_17_0,NA,NA,NA,NA,NA,427.000000000029,179949,179946,179963,180390,180390,2022-04-28T11:17:49.352Z,180430,NA,NA,NA,NA,NA,NA,NA,NA,NA,NA,NA,NA,NA,NA,NA,NA,NA,MOX,"NAM",SIQ,TEH,LAN,9,LUP,NEX,LUP,NEX,2,is hetzelfde als,2,is hetzelfde als,3,,,,,,,1,anders dan,3,no,18,Is,NA,NA,NA,NA,NA,NA,NA,NA,NA,NA,NA,NA,NA,NA,NA,NA,NA,NA,NA,NA,NA,NA,NA,NA,NA,NA,NA,NA,NA,NA,NA,NA,NA,NA,NA,NA,NA,NA
702b5,241,NA,iti,canvas.Screen,1_2_17_1,NA,NA,NA,NA,timeout,999,180390,180413,180430,181414,181414,2022-04-28T11:17:50.376Z,181429,NA,NA,NA,NA,NA,NA,NA,NA,NA,NA,NA,NA,NA,NA,NA,NA,NA,NA,NA,NA,NA,NA,NA,LUP,NEX,LUP,NEX,2,is hetzelfde als,2,is hetzelfde als,3,,,,,,,1,anders dan,3,no,18,Is,NA,NA,NA,NA,NA,NA,NA,NA,NA,NA,NA,NA,NA,NA,NA,NA,NA,NA,NA,NA,NA,NA,NA,NA,NA,NA,NA,NA,NA,NA,NA,NA,NA,NA,NA,NA,NA,NA
702b5,241,NA,trial_sequence,flow.Sequence,1_2_17,NA,NA,NA,NA,completion,1451,179947,179946,179963,181414,181415,2022-04-28T11:17:50.377Z,181429,NA,NA,NA,NA,NA,NA,NA,NA,NA,NA,NA,NA,NA,NA,NA,NA,NA,NA,NA,NA,NA,NA,NA,LUP,NEX,LUP,NEX,2,is hetzelfde als,2,is hetzelfde als,3,,,,,,,1,anders dan,3,no,18,Is,NA,NA,NA,NA,NA,NA,NA,NA,NA,NA,NA,NA,NA,NA,NA,NA,NA,NA,NA,NA,NA,NA,NA,NA,NA,NA,NA,NA,NA,NA,NA,NA,NA,NA,NA,NA,NA,NA
702b5,241,NA,trial,canvas.Screen,1_2_18_0_0,NA,NA,NA,NA,response,298.000000000029,181420,181414,181429,181712,181709,2022-04-28T11:17:50.671Z,181729,NA,NA,NA,NA,NA,NA,NA,NA,NA,NA,NA,NA,NA,NA,NA,NA,NA,NA,NA,NA,NA,NA,NA,MOX,"NAM",SIQ,MOX,2,is hetzelfde als,2,is anders dan,3,,,,,,,3,hetzelfde als,1,yes,19,Is,"NAM",SIQ,no,mousedown @no,yes,FALSE,NA,NA,NA,NA,NA,NA,NA,NA,NA,NA,NA,NA,NA,NA,NA,NA,NA,NA,NA,NA,NA,NA,NA,NA,NA,NA,NA,NA,NA,NA,NA,NA
702b5,241,NA,timer,html.Frame,1_2_18_0,NA,NA,NA,NA,NA,282,181416,181414,181429,181711,181711,2022-04-28T11:17:50.673Z,181729,NA,NA,NA,NA,NA,NA,NA,NA,NA,NA,NA,NA,NA,NA,NA,NA,NA,VUN,NUM,TIX,VAQ,QAC,NA,LUP,NEX,LUP,NEX,2,is hetzelfde als,2,is anders dan,3,,,,,,,3,hetzelfde als,1,yes,19,Is,NA,NA,NA,NA,NA,NA,NA,NA,NA,NA,NA,NA,NA,NA,NA,NA,NA,NA,NA,NA,NA,NA,NA,NA,NA,NA,NA,NA,NA,NA,NA,NA,NA,NA,NA,NA,NA,NA
702b5,241,NA,iti,canvas.Screen,1_2_18_1,NA,NA,NA,NA,timeout,1000,181712,181717,181729,182714,182714,2022-04-28T11:17:51.676Z,182729,NA,NA,NA,NA,NA,NA,NA,NA,NA,NA,NA,NA,NA,NA,NA,NA,NA,NA,NA,NA,NA,NA,NA,LUP,NEX,LUP,NEX,2,is hetzelfde als,2,is anders dan,3,,,,,,,3,hetzelfde als,1,yes,19,Is,NA,NA,NA,NA,NA,NA,NA,NA,NA,NA,NA,NA,NA,NA,NA,NA,NA,NA,NA,NA,NA,NA,NA,NA,NA,NA,NA,NA,NA,NA,NA,NA,NA,NA,NA,NA,NA,NA
702b5,241,NA,trial_sequence,flow.Sequence,1_2_18,NA,NA,NA,NA,completion,1285,181415,181414,181429,182714,182715,2022-04-28T11:17:51.677Z,182729,NA,NA,NA,NA,NA,NA,NA,NA,NA,NA,NA,NA,NA,NA,NA,NA,NA,NA,NA,NA,NA,NA,NA,LUP,NEX,LUP,NEX,2,is hetzelfde als,2,is anders dan,3,,,,,,,3,hetzelfde als,1,yes,19,Is,NA,NA,NA,NA,NA,NA,NA,NA,NA,NA,NA,NA,NA,NA,NA,NA,NA,NA,NA,NA,NA,NA,NA,NA,NA,NA,NA,NA,NA,NA,NA,NA,NA,NA,NA,NA,NA,NA
702b5,241,NA,trial,canvas.Screen,1_2_19_0_0,NA,NA,NA,NA,response,176.000000000029,182720,182714,182729,182890,182886,2022-04-28T11:17:51.848Z,182914,NA,NA,NA,NA,NA,NA,NA,NA,NA,NA,NA,NA,NA,NA,NA,NA,NA,NA,NA,NA,NA,NA,NA,VUN,NUM,VUN,TIX,2,is hetzelfde als,2,is anders dan,3,,,,,,,1,anders dan,3,yes,20,Is,NUM,TIX,no,mousedown @no,yes,FALSE,NA,NA,NA,NA,NA,NA,NA,NA,NA,NA,NA,NA,NA,NA,NA,NA,NA,NA,NA,NA,NA,NA,NA,NA,NA,NA,NA,NA,NA,NA,NA,NA
702b5,241,NA,timer,html.Frame,1_2_19_0,NA,NA,NA,NA,NA,159,182717,182714,182729,182888,182888,2022-04-28T11:17:51.850Z,182914,NA,NA,NA,NA,NA,NA,NA,NA,NA,NA,NA,NA,NA,NA,NA,NA,NA,QIR,SEP,QEC,PEZ,PIZ,NA,LUP,NEX,LUP,NEX,2,is hetzelfde als,2,is anders dan,3,,,,,,,1,anders dan,3,yes,20,Is,NA,NA,NA,NA,NA,NA,NA,NA,NA,NA,NA,NA,NA,NA,NA,NA,NA,NA,NA,NA,NA,NA,NA,NA,NA,NA,NA,NA,NA,NA,NA,NA,NA,NA,NA,NA,NA,NA
702b5,241,NA,iti,canvas.Screen,1_2_19_1,NA,NA,NA,NA,timeout,1000,182888,182897,182914,183896,183897,2022-04-28T11:17:52.859Z,183914,NA,NA,NA,NA,NA,NA,NA,NA,NA,NA,NA,NA,NA,NA,NA,NA,NA,NA,NA,NA,NA,NA,NA,LUP,NEX,LUP,NEX,2,is hetzelfde als,2,is anders dan,3,,,,,,,1,anders dan,3,yes,20,Is,NA,NA,NA,NA,NA,NA,NA,NA,NA,NA,NA,NA,NA,NA,NA,NA,NA,NA,NA,NA,NA,NA,NA,NA,NA,NA,NA,NA,NA,NA,NA,NA,NA,NA,NA,NA,NA,NA
702b5,241,NA,trial_sequence,flow.Sequence,1_2_19,NA,NA,NA,NA,completion,1167,182715,182714,182729,183896,183897,2022-04-28T11:17:52.859Z,183914,NA,NA,NA,NA,NA,NA,NA,NA,NA,NA,NA,NA,NA,NA,NA,NA,NA,NA,NA,NA,NA,NA,NA,LUP,NEX,LUP,NEX,2,is hetzelfde als,2,is anders dan,3,,,,,,,1,anders dan,3,yes,20,Is,NA,NA,NA,NA,NA,NA,NA,NA,NA,NA,NA,NA,NA,NA,NA,NA,NA,NA,NA,NA,NA,NA,NA,NA,NA,NA,NA,NA,NA,NA,NA,NA,NA,NA,NA,NA,NA,NA
702b5,241,NA,trial,canvas.Screen,1_2_20_0_0,NA,NA,NA,NA,response,143.000000000029,183902,183896,183914,184039,184035,2022-04-28T11:17:52.997Z,184064,NA,NA,NA,NA,NA,NA,NA,NA,NA,NA,NA,NA,NA,NA,NA,NA,NA,NA,NA,NA,NA,NA,NA,QIR,SEP,QEC,QIR,2,is anders dan,2,is hetzelfde als,3,,,,,,,3,hetzelfde als,1,no,21,Is,SEP,QEC,no,mousedown @no,no,TRUE,NA,NA,NA,NA,NA,NA,NA,NA,NA,NA,NA,NA,NA,NA,NA,NA,NA,NA,NA,NA,NA,NA,NA,NA,NA,NA,NA,NA,NA,NA,NA,NA
702b5,241,NA,timer,html.Frame,1_2_20_0,NA,NA,NA,NA,NA,123,183898,183896,183914,184037,184037,2022-04-28T11:17:52.999Z,184064,NA,NA,NA,NA,NA,NA,NA,NA,NA,NA,NA,NA,NA,NA,NA,NA,NA,CIM,JIT,ROM,YEX,QUG,10,LUP,NEX,LUP,NEX,2,is anders dan,2,is hetzelfde als,3,,,,,,,3,hetzelfde als,1,no,21,Is,NA,NA,NA,NA,NA,NA,NA,NA,NA,NA,NA,NA,NA,NA,NA,NA,NA,NA,NA,NA,NA,NA,NA,NA,NA,NA,NA,NA,NA,NA,NA,NA,NA,NA,NA,NA,NA,NA
702b5,241,NA,iti,canvas.Screen,1_2_20_1,NA,NA,NA,NA,timeout,999,184037,184047,184064,185047,185048,2022-04-28T11:17:54.010Z,185063,NA,NA,NA,NA,NA,NA,NA,NA,NA,NA,NA,NA,NA,NA,NA,NA,NA,NA,NA,NA,NA,NA,NA,LUP,NEX,LUP,NEX,2,is anders dan,2,is hetzelfde als,3,,,,,,,3,hetzelfde als,1,no,21,Is,NA,NA,NA,NA,NA,NA,NA,NA,NA,NA,NA,NA,NA,NA,NA,NA,NA,NA,NA,NA,NA,NA,NA,NA,NA,NA,NA,NA,NA,NA,NA,NA,NA,NA,NA,NA,NA,NA
702b5,241,NA,trial_sequence,flow.Sequence,1_2_20,NA,NA,NA,NA,completion,1133,183897,183896,183914,185047,185048,2022-04-28T11:17:54.010Z,185063,NA,NA,NA,NA,NA,NA,NA,NA,NA,NA,NA,NA,NA,NA,NA,NA,NA,NA,NA,NA,NA,NA,NA,LUP,NEX,LUP,NEX,2,is anders dan,2,is hetzelfde als,3,,,,,,,3,hetzelfde als,1,no,21,Is,NA,NA,NA,NA,NA,NA,NA,NA,NA,NA,NA,NA,NA,NA,NA,NA,NA,NA,NA,NA,NA,NA,NA,NA,NA,NA,NA,NA,NA,NA,NA,NA,NA,NA,NA,NA,NA,NA
702b5,241,NA,trial,canvas.Screen,1_2_21_0_0,NA,NA,NA,NA,response,321,185054,185047,185063,185368,185366,2022-04-28T11:17:54.328Z,185397,NA,NA,NA,NA,NA,NA,NA,NA,NA,NA,NA,NA,NA,NA,NA,NA,NA,NA,NA,NA,NA,NA,NA,CIM,JIT,CIM,ROM,2,is anders dan,2,is hetzelfde als,3,,,,,,,1,anders dan,3,yes,22,Is,JIT,ROM,no,mousedown @no,yes,FALSE,NA,NA,NA,NA,NA,NA,NA,NA,NA,NA,NA,NA,NA,NA,NA,NA,NA,NA,NA,NA,NA,NA,NA,NA,NA,NA,NA,NA,NA,NA,NA,NA
702b5,241,NA,timer,html.Frame,1_2_21_0,NA,NA,NA,NA,NA,304,185050,185047,185063,185367,185368,2022-04-28T11:17:54.330Z,185397,NA,NA,NA,NA,NA,NA,NA,NA,NA,NA,NA,NA,NA,NA,NA,NA,NA,JIV,KOQ,XOH,CUZ,XAR,NA,LUP,NEX,LUP,NEX,2,is anders dan,2,is hetzelfde als,3,,,,,,,1,anders dan,3,yes,22,Is,NA,NA,NA,NA,NA,NA,NA,NA,NA,NA,NA,NA,NA,NA,NA,NA,NA,NA,NA,NA,NA,NA,NA,NA,NA,NA,NA,NA,NA,NA,NA,NA,NA,NA,NA,NA,NA,NA
702b5,241,NA,iti,canvas.Screen,1_2_21_1,NA,NA,NA,NA,timeout,1000,185368,185381,185397,186381,186381,2022-04-28T11:17:55.343Z,186397,NA,NA,NA,NA,NA,NA,NA,NA,NA,NA,NA,NA,NA,NA,NA,NA,NA,NA,NA,NA,NA,NA,NA,LUP,NEX,LUP,NEX,2,is anders dan,2,is hetzelfde als,3,,,,,,,1,anders dan,3,yes,22,Is,NA,NA,NA,NA,NA,NA,NA,NA,NA,NA,NA,NA,NA,NA,NA,NA,NA,NA,NA,NA,NA,NA,NA,NA,NA,NA,NA,NA,NA,NA,NA,NA,NA,NA,NA,NA,NA,NA
702b5,241,NA,trial_sequence,flow.Sequence,1_2_21,NA,NA,NA,NA,completion,1318,185049,185047,185063,186381,186382,2022-04-28T11:17:55.344Z,186397,NA,NA,NA,NA,NA,NA,NA,NA,NA,NA,NA,NA,NA,NA,NA,NA,NA,NA,NA,NA,NA,NA,NA,LUP,NEX,LUP,NEX,2,is anders dan,2,is hetzelfde als,3,,,,,,,1,anders dan,3,yes,22,Is,NA,NA,NA,NA,NA,NA,NA,NA,NA,NA,NA,NA,NA,NA,NA,NA,NA,NA,NA,NA,NA,NA,NA,NA,NA,NA,NA,NA,NA,NA,NA,NA,NA,NA,NA,NA,NA,NA
702b5,241,NA,trial,canvas.Screen,1_2_22_0_0,NA,NA,NA,NA,response,260,186386,186381,186397,186641,186641,2022-04-28T11:17:55.603Z,186663,NA,NA,NA,NA,NA,NA,NA,NA,NA,NA,NA,NA,NA,NA,NA,NA,NA,NA,NA,NA,NA,NA,NA,JIV,KOQ,CUZ,JIV,2,is hetzelfde als,2,is anders dan,3,3,is hetzelfde als,4,,,,4,hetzelfde als,1,no,23,Is,KOQ,XOH,no,mousedown @no,no,TRUE,XOH,CUZ,NA,NA,NA,NA,NA,NA,NA,NA,NA,NA,NA,NA,NA,NA,NA,NA,NA,NA,NA,NA,NA,NA,NA,NA,NA,NA,NA,NA,NA,NA
702b5,241,NA,timer,html.Frame,1_2_22_0,NA,NA,NA,NA,NA,246,186383,186381,186397,186643,186643,2022-04-28T11:17:55.605Z,186663,NA,NA,NA,NA,NA,NA,NA,NA,NA,NA,NA,NA,NA,NA,NA,NA,NA,HIX,VES,JOR,WEJ,POJ,11,LUP,NEX,LUP,NEX,2,is hetzelfde als,2,is anders dan,3,3,is hetzelfde als,4,,,,4,hetzelfde als,1,no,23,Is,NA,NA,NA,NA,NA,NA,NA,NA,NA,NA,NA,NA,NA,NA,NA,NA,NA,NA,NA,NA,NA,NA,NA,NA,NA,NA,NA,NA,NA,NA,NA,NA,NA,NA,NA,NA,NA,NA
702b5,241,NA,iti,canvas.Screen,1_2_22_1,NA,NA,NA,NA,timeout,1001,186643,186649,186663,187646,187647,2022-04-28T11:17:56.609Z,187664,NA,NA,NA,NA,NA,NA,NA,NA,NA,NA,NA,NA,NA,NA,NA,NA,NA,NA,NA,NA,NA,NA,NA,LUP,NEX,LUP,NEX,2,is hetzelfde als,2,is anders dan,3,3,is hetzelfde als,4,,,,4,hetzelfde als,1,no,23,Is,NA,NA,NA,NA,NA,NA,NA,NA,NA,NA,NA,NA,NA,NA,NA,NA,NA,NA,NA,NA,NA,NA,NA,NA,NA,NA,NA,NA,NA,NA,NA,NA,NA,NA,NA,NA,NA,NA
702b5,241,NA,trial_sequence,flow.Sequence,1_2_22,NA,NA,NA,NA,completion,1249,186382,186381,186397,187646,187647,2022-04-28T11:17:56.609Z,187664,NA,NA,NA,NA,NA,NA,NA,NA,NA,NA,NA,NA,NA,NA,NA,NA,NA,NA,NA,NA,NA,NA,NA,LUP,NEX,LUP,NEX,2,is hetzelfde als,2,is anders dan,3,3,is hetzelfde als,4,,,,4,hetzelfde als,1,no,23,Is,NA,NA,NA,NA,NA,NA,NA,NA,NA,NA,NA,NA,NA,NA,NA,NA,NA,NA,NA,NA,NA,NA,NA,NA,NA,NA,NA,NA,NA,NA,NA,NA,NA,NA,NA,NA,NA,NA
702b5,241,NA,trial,canvas.Screen,1_2_23_0_0,NA,NA,NA,NA,response,272,187653,187646,187664,187918,187915,2022-04-28T11:17:56.877Z,187947,NA,NA,NA,NA,NA,NA,NA,NA,NA,NA,NA,NA,NA,NA,NA,NA,NA,NA,NA,NA,NA,NA,NA,HIX,VES,HIX,WEJ,2,is hetzelfde als,2,is anders dan,3,3,is hetzelfde als,4,,,,1,anders dan,4,yes,24,Is,VES,JOR,no,mousedown @no,yes,FALSE,JOR,WEJ,NA,NA,NA,NA,NA,NA,NA,NA,NA,NA,NA,NA,NA,NA,NA,NA,NA,NA,NA,NA,NA,NA,NA,NA,NA,NA,NA,NA,NA,NA
702b5,241,NA,timer,html.Frame,1_2_23_0,NA,NA,NA,NA,NA,253,187649,187646,187664,187917,187917,2022-04-28T11:17:56.879Z,187947,NA,NA,NA,NA,NA,NA,NA,NA,NA,NA,NA,NA,NA,NA,NA,NA,NA,GOF,KAV,XED,NIZ,KOX,NA,LUP,NEX,LUP,NEX,2,is hetzelfde als,2,is anders dan,3,3,is hetzelfde als,4,,,,1,anders dan,4,yes,24,Is,NA,NA,NA,NA,NA,NA,NA,NA,NA,NA,NA,NA,NA,NA,NA,NA,NA,NA,NA,NA,NA,NA,NA,NA,NA,NA,NA,NA,NA,NA,NA,NA,NA,NA,NA,NA,NA,NA
702b5,241,NA,iti,canvas.Screen,1_2_23_1,NA,NA,NA,NA,timeout,1000,187917,187931,187947,188931,188933,2022-04-28T11:17:57.895Z,188947,NA,NA,NA,NA,NA,NA,NA,NA,NA,NA,NA,NA,NA,NA,NA,NA,NA,NA,NA,NA,NA,NA,NA,LUP,NEX,LUP,NEX,2,is hetzelfde als,2,is anders dan,3,3,is hetzelfde als,4,,,,1,anders dan,4,yes,24,Is,NA,NA,NA,NA,NA,NA,NA,NA,NA,NA,NA,NA,NA,NA,NA,NA,NA,NA,NA,NA,NA,NA,NA,NA,NA,NA,NA,NA,NA,NA,NA,NA,NA,NA,NA,NA,NA,NA
702b5,241,NA,trial_sequence,flow.Sequence,1_2_23,NA,NA,NA,NA,completion,1267,187648,187646,187664,188931,188933,2022-04-28T11:17:57.895Z,188947,NA,NA,NA,NA,NA,NA,NA,NA,NA,NA,NA,NA,NA,NA,NA,NA,NA,NA,NA,NA,NA,NA,NA,LUP,NEX,LUP,NEX,2,is hetzelfde als,2,is anders dan,3,3,is hetzelfde als,4,,,,1,anders dan,4,yes,24,Is,NA,NA,NA,NA,NA,NA,NA,NA,NA,NA,NA,NA,NA,NA,NA,NA,NA,NA,NA,NA,NA,NA,NA,NA,NA,NA,NA,NA,NA,NA,NA,NA,NA,NA,NA,NA,NA,NA
702b5,242,NA,trial,canvas.Screen,1_2_24_0_0,NA,NA,NA,NA,response,4869,188937,188931,188947,193800,193797,2022-04-28T11:18:02.759Z,193831,NA,NA,NA,NA,NA,NA,NA,NA,NA,NA,NA,NA,NA,NA,NA,NA,NA,NA,NA,NA,NA,NA,NA,GOF,KAV,GOF,NIZ,2,is hetzelfde als,2,is hetzelfde als,3,3,is anders dan,4,,,,1,hetzelfde als,4,no,25,Is,KAV,XED,no,mousedown @no,no,TRUE,XED,NIZ,NA,NA,NA,NA,NA,NA,NA,NA,NA,NA,NA,NA,NA,NA,NA,NA,NA,NA,NA,NA,NA,NA,NA,NA,NA,NA,NA,NA,NA,NA
702b5,242,NA,timer,html.Frame,1_2_24_0,NA,NA,NA,NA,NA,4852,188934,188931,188947,193799,193799,2022-04-28T11:18:02.761Z,193831,NA,NA,NA,NA,NA,NA,NA,NA,NA,NA,NA,NA,NA,NA,NA,NA,NA,XEF,MER,FUS,VOZ,LUV,12,LUP,NEX,LUP,NEX,2,is hetzelfde als,2,is hetzelfde als,3,3,is anders dan,4,,,,1,hetzelfde als,4,no,25,Is,NA,NA,NA,NA,NA,NA,NA,NA,NA,NA,NA,NA,NA,NA,NA,NA,NA,NA,NA,NA,NA,NA,NA,NA,NA,NA,NA,NA,NA,NA,NA,NA,NA,NA,NA,NA,NA,NA
702b5,242,NA,iti,canvas.Screen,1_2_24_1,NA,NA,NA,NA,timeout,1000,193799,193814,193831,194815,194815,2022-04-28T11:18:03.777Z,194831,NA,NA,NA,NA,NA,NA,NA,NA,NA,NA,NA,NA,NA,NA,NA,NA,NA,NA,NA,NA,NA,NA,NA,LUP,NEX,LUP,NEX,2,is hetzelfde als,2,is hetzelfde als,3,3,is anders dan,4,,,,1,hetzelfde als,4,no,25,Is,NA,NA,NA,NA,NA,NA,NA,NA,NA,NA,NA,NA,NA,NA,NA,NA,NA,NA,NA,NA,NA,NA,NA,NA,NA,NA,NA,NA,NA,NA,NA,NA,NA,NA,NA,NA,NA,NA
702b5,242,NA,trial_sequence,flow.Sequence,1_2_24,NA,NA,NA,NA,completion,5868,188934,188931,188947,194815,194816,2022-04-28T11:18:03.777Z,194831,NA,NA,NA,NA,NA,NA,NA,NA,NA,NA,NA,NA,NA,NA,NA,NA,NA,NA,NA,NA,NA,NA,NA,LUP,NEX,LUP,NEX,2,is hetzelfde als,2,is hetzelfde als,3,3,is anders dan,4,,,,1,hetzelfde als,4,no,25,Is,NA,NA,NA,NA,NA,NA,NA,NA,NA,NA,NA,NA,NA,NA,NA,NA,NA,NA,NA,NA,NA,NA,NA,NA,NA,NA,NA,NA,NA,NA,NA,NA,NA,NA,NA,NA,NA,NA
702b5,242,NA,trial,canvas.Screen,1_2_25_0_0,NA,NA,NA,NA,response,403.000000000029,194821,194815,194831,195218,195215,2022-04-28T11:18:04.176Z,195248,NA,NA,NA,NA,NA,NA,NA,NA,NA,NA,NA,NA,NA,NA,NA,NA,NA,NA,NA,NA,NA,NA,NA,XEF,MER,VOZ,XEF,2,is hetzelfde als,2,is hetzelfde als,3,3,is anders dan,4,,,,4,anders dan,1,yes,26,Is,MER,FUS,no,mousedown @no,yes,FALSE,FUS,VOZ,NA,NA,NA,NA,NA,NA,NA,NA,NA,NA,NA,NA,NA,NA,NA,NA,NA,NA,NA,NA,NA,NA,NA,NA,NA,NA,NA,NA,NA,NA
702b5,242,NA,timer,html.Frame,1_2_25_0,NA,NA,NA,NA,NA,386,194817,194815,194831,195217,195217,2022-04-28T11:18:04.179Z,195248,NA,NA,NA,NA,NA,NA,NA,NA,NA,NA,NA,NA,NA,NA,NA,NA,NA,LUC,JIF,DUQ,XUH,WAC,NA,LUP,NEX,LUP,NEX,2,is hetzelfde als,2,is hetzelfde als,3,3,is anders dan,4,,,,4,anders dan,1,yes,26,Is,NA,NA,NA,NA,NA,NA,NA,NA,NA,NA,NA,NA,NA,NA,NA,NA,NA,NA,NA,NA,NA,NA,NA,NA,NA,NA,NA,NA,NA,NA,NA,NA,NA,NA,NA,NA,NA,NA
702b5,242,NA,iti,canvas.Screen,1_2_25_1,NA,NA,NA,NA,timeout,1000,195217,195230,195248,196231,196232,2022-04-28T11:18:05.194Z,196248,NA,NA,NA,NA,NA,NA,NA,NA,NA,NA,NA,NA,NA,NA,NA,NA,NA,NA,NA,NA,NA,NA,NA,LUP,NEX,LUP,NEX,2,is hetzelfde als,2,is hetzelfde als,3,3,is anders dan,4,,,,4,anders dan,1,yes,26,Is,NA,NA,NA,NA,NA,NA,NA,NA,NA,NA,NA,NA,NA,NA,NA,NA,NA,NA,NA,NA,NA,NA,NA,NA,NA,NA,NA,NA,NA,NA,NA,NA,NA,NA,NA,NA,NA,NA
702b5,242,NA,trial_sequence,flow.Sequence,1_2_25,NA,NA,NA,NA,completion,1400,194816,194815,194831,196231,196232,2022-04-28T11:18:05.194Z,196248,NA,NA,NA,NA,NA,NA,NA,NA,NA,NA,NA,NA,NA,NA,NA,NA,NA,NA,NA,NA,NA,NA,NA,LUP,NEX,LUP,NEX,2,is hetzelfde als,2,is hetzelfde als,3,3,is anders dan,4,,,,4,anders dan,1,yes,26,Is,NA,NA,NA,NA,NA,NA,NA,NA,NA,NA,NA,NA,NA,NA,NA,NA,NA,NA,NA,NA,NA,NA,NA,NA,NA,NA,NA,NA,NA,NA,NA,NA,NA,NA,NA,NA,NA,NA
702b5,243,NA,trial,canvas.Screen,1_2_26_0_0,NA,NA,NA,NA,response,5284.00000000003,196238,196231,196248,201515,201511,2022-04-28T11:18:10.473Z,201548,NA,NA,NA,NA,NA,NA,NA,NA,NA,NA,NA,NA,NA,NA,NA,NA,NA,NA,NA,NA,NA,NA,NA,LUC,JIF,WAC,LUC,2,is hetzelfde als,2,is hetzelfde als,3,3,is anders dan,4,4,is hetzelfde als,5,5,hetzelfde als,1,yes,27,Is,JIF,DUQ,no,mousedown @no,yes,FALSE,DUQ,XUH,XUH,WAC,NA,NA,NA,NA,NA,NA,NA,NA,NA,NA,NA,NA,NA,NA,NA,NA,NA,NA,NA,NA,NA,NA,NA,NA,NA,NA,NA,NA
702b5,243,NA,timer,html.Frame,1_2_26_0,NA,NA,NA,NA,NA,5265,196234,196231,196248,201513,201513,2022-04-28T11:18:10.475Z,201548,NA,NA,NA,NA,NA,NA,NA,NA,NA,NA,NA,NA,NA,NA,NA,NA,NA,POZ,WOM,GIM,WIW,MOZ,NA,LUP,NEX,LUP,NEX,2,is hetzelfde als,2,is hetzelfde als,3,3,is anders dan,4,4,is hetzelfde als,5,5,hetzelfde als,1,yes,27,Is,NA,NA,NA,NA,NA,NA,NA,NA,NA,NA,NA,NA,NA,NA,NA,NA,NA,NA,NA,NA,NA,NA,NA,NA,NA,NA,NA,NA,NA,NA,NA,NA,NA,NA,NA,NA,NA,NA
702b5,243,NA,iti,canvas.Screen,1_2_26_1,NA,NA,NA,NA,timeout,1000,201513,201532,201548,202532,202532,2022-04-28T11:18:11.494Z,202548,NA,NA,NA,NA,NA,NA,NA,NA,NA,NA,NA,NA,NA,NA,NA,NA,NA,NA,NA,NA,NA,NA,NA,LUP,NEX,LUP,NEX,2,is hetzelfde als,2,is hetzelfde als,3,3,is anders dan,4,4,is hetzelfde als,5,5,hetzelfde als,1,yes,27,Is,NA,NA,NA,NA,NA,NA,NA,NA,NA,NA,NA,NA,NA,NA,NA,NA,NA,NA,NA,NA,NA,NA,NA,NA,NA,NA,NA,NA,NA,NA,NA,NA,NA,NA,NA,NA,NA,NA
702b5,243,NA,trial_sequence,flow.Sequence,1_2_26,NA,NA,NA,NA,completion,6284,196233,196231,196248,202532,202533,2022-04-28T11:18:11.494Z,202548,NA,NA,NA,NA,NA,NA,NA,NA,NA,NA,NA,NA,NA,NA,NA,NA,NA,NA,NA,NA,NA,NA,NA,LUP,NEX,LUP,NEX,2,is hetzelfde als,2,is hetzelfde als,3,3,is anders dan,4,4,is hetzelfde als,5,5,hetzelfde als,1,yes,27,Is,NA,NA,NA,NA,NA,NA,NA,NA,NA,NA,NA,NA,NA,NA,NA,NA,NA,NA,NA,NA,NA,NA,NA,NA,NA,NA,NA,NA,NA,NA,NA,NA,NA,NA,NA,NA,NA,NA
702b5,243,NA,trial,canvas.Screen,1_2_27_0_0,NA,NA,NA,NA,response,252,202537,202532,202548,202784,202780,2022-04-28T11:18:11.742Z,202798,NA,NA,NA,NA,NA,NA,NA,NA,NA,NA,NA,NA,NA,NA,NA,NA,NA,NA,NA,NA,NA,NA,NA,POZ,WOM,POZ,MOZ,2,is hetzelfde als,2,is hetzelfde als,3,3,is anders dan,4,4,is hetzelfde als,5,1,anders dan,5,yes,28,Is,WOM,GIM,no,mousedown @no,yes,FALSE,GIM,WIW,WIW,MOZ,NA,NA,NA,NA,NA,NA,NA,NA,NA,NA,NA,NA,NA,NA,NA,NA,NA,NA,NA,NA,NA,NA,NA,NA,NA,NA,NA,NA
702b5,243,NA,timer,html.Frame,1_2_27_0,NA,NA,NA,NA,NA,233,202534,202532,202548,202781,202782,2022-04-28T11:18:11.743Z,202798,NA,NA,NA,NA,NA,NA,NA,NA,NA,NA,NA,NA,NA,NA,NA,NA,NA,DOX,FOW,XUV,BIF,LUQ,NA,LUP,NEX,LUP,NEX,2,is hetzelfde als,2,is hetzelfde als,3,3,is anders dan,4,4,is hetzelfde als,5,1,anders dan,5,yes,28,Is,NA,NA,NA,NA,NA,NA,NA,NA,NA,NA,NA,NA,NA,NA,NA,NA,NA,NA,NA,NA,NA,NA,NA,NA,NA,NA,NA,NA,NA,NA,NA,NA,NA,NA,NA,NA,NA,NA
702b5,243,NA,iti,canvas.Screen,1_2_27_1,NA,NA,NA,NA,timeout,1001,202782,202787,202798,203781,203784,2022-04-28T11:18:12.745Z,203799,NA,NA,NA,NA,NA,NA,NA,NA,NA,NA,NA,NA,NA,NA,NA,NA,NA,NA,NA,NA,NA,NA,NA,LUP,NEX,LUP,NEX,2,is hetzelfde als,2,is hetzelfde als,3,3,is anders dan,4,4,is hetzelfde als,5,1,anders dan,5,yes,28,Is,NA,NA,NA,NA,NA,NA,NA,NA,NA,NA,NA,NA,NA,NA,NA,NA,NA,NA,NA,NA,NA,NA,NA,NA,NA,NA,NA,NA,NA,NA,NA,NA,NA,NA,NA,NA,NA,NA
702b5,243,NA,trial_sequence,flow.Sequence,1_2_27,NA,NA,NA,NA,completion,1233,202533,202532,202548,203781,203784,2022-04-28T11:18:12.746Z,203799,NA,NA,NA,NA,NA,NA,NA,NA,NA,NA,NA,NA,NA,NA,NA,NA,NA,NA,NA,NA,NA,NA,NA,LUP,NEX,LUP,NEX,2,is hetzelfde als,2,is hetzelfde als,3,3,is anders dan,4,4,is hetzelfde als,5,1,anders dan,5,yes,28,Is,NA,NA,NA,NA,NA,NA,NA,NA,NA,NA,NA,NA,NA,NA,NA,NA,NA,NA,NA,NA,NA,NA,NA,NA,NA,NA,NA,NA,NA,NA,NA,NA,NA,NA,NA,NA,NA,NA
702b5,243,NA,trial,canvas.Screen,1_2_28_0_0,NA,NA,NA,NA,response,268,203788,203781,203799,204049,204045,2022-04-28T11:18:13.007Z,204064,NA,NA,NA,NA,NA,NA,NA,NA,NA,NA,NA,NA,NA,NA,NA,NA,NA,NA,NA,NA,NA,NA,NA,DOX,FOW,LUQ,DOX,2,is hetzelfde als,2,is anders dan,3,3,is hetzelfde als,4,4,is hetzelfde als,5,5,hetzelfde als,1,no,29,Is,FOW,XUV,no,mousedown @no,no,TRUE,XUV,BIF,BIF,LUQ,NA,NA,NA,NA,NA,NA,NA,NA,NA,NA,NA,NA,NA,NA,NA,NA,NA,NA,NA,NA,NA,NA,NA,NA,NA,NA,NA,NA
702b5,243,NA,timer,html.Frame,1_2_28_0,NA,NA,NA,NA,NA,252.000000000029,203785,203781,203799,204051,204052,2022-04-28T11:18:13.013Z,204064,NA,NA,NA,NA,NA,NA,NA,NA,NA,NA,NA,NA,NA,NA,NA,NA,NA,QIP,DOQ,XAJ,JUH,BUH,13,LUP,NEX,LUP,NEX,2,is hetzelfde als,2,is anders dan,3,3,is hetzelfde als,4,4,is hetzelfde als,5,5,hetzelfde als,1,no,29,Is,NA,NA,NA,NA,NA,NA,NA,NA,NA,NA,NA,NA,NA,NA,NA,NA,NA,NA,NA,NA,NA,NA,NA,NA,NA,NA,NA,NA,NA,NA,NA,NA,NA,NA,NA,NA,NA,NA
702b5,243,NA,iti,canvas.Screen,1_2_28_1,NA,NA,NA,NA,timeout,1000,204052,204060,204064,205049,205049,2022-04-28T11:18:14.011Z,205064,NA,NA,NA,NA,NA,NA,NA,NA,NA,NA,NA,NA,NA,NA,NA,NA,NA,NA,NA,NA,NA,NA,NA,LUP,NEX,LUP,NEX,2,is hetzelfde als,2,is anders dan,3,3,is hetzelfde als,4,4,is hetzelfde als,5,5,hetzelfde als,1,no,29,Is,NA,NA,NA,NA,NA,NA,NA,NA,NA,NA,NA,NA,NA,NA,NA,NA,NA,NA,NA,NA,NA,NA,NA,NA,NA,NA,NA,NA,NA,NA,NA,NA,NA,NA,NA,NA,NA,NA
702b5,243,NA,trial_sequence,flow.Sequence,1_2_28,NA,NA,NA,NA,completion,1250,203784,203781,203799,205049,205050,2022-04-28T11:18:14.011Z,205064,NA,NA,NA,NA,NA,NA,NA,NA,NA,NA,NA,NA,NA,NA,NA,NA,NA,NA,NA,NA,NA,NA,NA,LUP,NEX,LUP,NEX,2,is hetzelfde als,2,is anders dan,3,3,is hetzelfde als,4,4,is hetzelfde als,5,5,hetzelfde als,1,no,29,Is,NA,NA,NA,NA,NA,NA,NA,NA,NA,NA,NA,NA,NA,NA,NA,NA,NA,NA,NA,NA,NA,NA,NA,NA,NA,NA,NA,NA,NA,NA,NA,NA,NA,NA,NA,NA,NA,NA
702b5,243,NA,trial,canvas.Screen,1_2_29_0_0,NA,NA,NA,NA,response,450,205055,205049,205064,205499,205497,2022-04-28T11:18:14.459Z,205531,NA,NA,NA,NA,NA,NA,NA,NA,NA,NA,NA,NA,NA,NA,NA,NA,NA,NA,NA,NA,NA,NA,NA,QIP,DOQ,QIP,BUH,2,is hetzelfde als,2,is anders dan,3,3,is hetzelfde als,4,4,is hetzelfde als,5,1,hetzelfde als,5,no,30,Is,DOQ,XAJ,no,mousedown @no,no,TRUE,XAJ,JUH,JUH,BUH,NA,NA,NA,NA,NA,NA,NA,NA,NA,NA,NA,NA,NA,NA,NA,NA,NA,NA,NA,NA,NA,NA,NA,NA,NA,NA,NA,NA
702b5,243,NA,timer,html.Frame,1_2_29_0,NA,NA,NA,NA,NA,435,205051,205049,205064,205499,205499,2022-04-28T11:18:14.460Z,205531,NA,NA,NA,NA,NA,NA,NA,NA,NA,NA,NA,NA,NA,NA,NA,NA,NA,CUK,QUV,PAJ,XUT,FOZ,14,LUP,NEX,LUP,NEX,2,is hetzelfde als,2,is anders dan,3,3,is hetzelfde als,4,4,is hetzelfde als,5,1,hetzelfde als,5,no,30,Is,NA,NA,NA,NA,NA,NA,NA,NA,NA,NA,NA,NA,NA,NA,NA,NA,NA,NA,NA,NA,NA,NA,NA,NA,NA,NA,NA,NA,NA,NA,NA,NA,NA,NA,NA,NA,NA,NA
702b5,243,NA,iti,canvas.Screen,1_2_29_1,NA,NA,NA,NA,timeout,1001,205499,205514,205531,206515,206516,2022-04-28T11:18:15.478Z,206532,NA,NA,NA,NA,NA,NA,NA,NA,NA,NA,NA,NA,NA,NA,NA,NA,NA,NA,NA,NA,NA,NA,NA,LUP,NEX,LUP,NEX,2,is hetzelfde als,2,is anders dan,3,3,is hetzelfde als,4,4,is hetzelfde als,5,1,hetzelfde als,5,no,30,Is,NA,NA,NA,NA,NA,NA,NA,NA,NA,NA,NA,NA,NA,NA,NA,NA,NA,NA,NA,NA,NA,NA,NA,NA,NA,NA,NA,NA,NA,NA,NA,NA,NA,NA,NA,NA,NA,NA
702b5,243,NA,trial_sequence,flow.Sequence,1_2_29,NA,NA,NA,NA,completion,1451,205050,205049,205064,206515,206517,2022-04-28T11:18:15.478Z,206532,NA,NA,NA,NA,NA,NA,NA,NA,NA,NA,NA,NA,NA,NA,NA,NA,NA,NA,NA,NA,NA,NA,NA,LUP,NEX,LUP,NEX,2,is hetzelfde als,2,is anders dan,3,3,is hetzelfde als,4,4,is hetzelfde als,5,1,hetzelfde als,5,no,30,Is,NA,NA,NA,NA,NA,NA,NA,NA,NA,NA,NA,NA,NA,NA,NA,NA,NA,NA,NA,NA,NA,NA,NA,NA,NA,NA,NA,NA,NA,NA,NA,NA,NA,NA,NA,NA,NA,NA
702b5,243,NA,trial,canvas.Screen,1_2_30_0_0,NA,NA,NA,NA,response,305,206523,206515,206532,206820,206816,2022-04-28T11:18:15.777Z,206849,NA,NA,NA,NA,NA,NA,NA,NA,NA,NA,NA,NA,NA,NA,NA,NA,NA,NA,NA,NA,NA,NA,NA,CUK,QUV,FOZ,CUK,2,is hetzelfde als,2,is anders dan,3,3,is hetzelfde als,4,4,is hetzelfde als,5,5,anders dan,1,yes,31,Is,QUV,PAJ,no,mousedown @no,yes,FALSE,PAJ,XUT,XUT,FOZ,NA,NA,NA,NA,NA,NA,NA,NA,NA,NA,NA,NA,NA,NA,NA,NA,NA,NA,NA,NA,NA,NA,NA,NA,NA,NA,NA,NA
702b5,243,NA,timer,html.Frame,1_2_30_0,NA,NA,NA,NA,NA,286,206519,206515,206532,206818,206818,2022-04-28T11:18:15.780Z,206849,NA,NA,NA,NA,NA,NA,NA,NA,NA,NA,NA,NA,NA,NA,NA,NA,NA,QOP,TUY,KED,CEX,XUZ,NA,LUP,NEX,LUP,NEX,2,is hetzelfde als,2,is anders dan,3,3,is hetzelfde als,4,4,is hetzelfde als,5,5,anders dan,1,yes,31,Is,NA,NA,NA,NA,NA,NA,NA,NA,NA,NA,NA,NA,NA,NA,NA,NA,NA,NA,NA,NA,NA,NA,NA,NA,NA,NA,NA,NA,NA,NA,NA,NA,NA,NA,NA,NA,NA,NA
702b5,243,NA,iti,canvas.Screen,1_2_30_1,NA,NA,NA,NA,timeout,1000,206818,206832,206849,207832,207835,2022-04-28T11:18:16.796Z,207849,NA,NA,NA,NA,NA,NA,NA,NA,NA,NA,NA,NA,NA,NA,NA,NA,NA,NA,NA,NA,NA,NA,NA,LUP,NEX,LUP,NEX,2,is hetzelfde als,2,is anders dan,3,3,is hetzelfde als,4,4,is hetzelfde als,5,5,anders dan,1,yes,31,Is,NA,NA,NA,NA,NA,NA,NA,NA,NA,NA,NA,NA,NA,NA,NA,NA,NA,NA,NA,NA,NA,NA,NA,NA,NA,NA,NA,NA,NA,NA,NA,NA,NA,NA,NA,NA,NA,NA
702b5,243,NA,trial_sequence,flow.Sequence,1_2_30,NA,NA,NA,NA,completion,1300,206517,206515,206532,207832,207835,2022-04-28T11:18:16.797Z,207849,NA,NA,NA,NA,NA,NA,NA,NA,NA,NA,NA,NA,NA,NA,NA,NA,NA,NA,NA,NA,NA,NA,NA,LUP,NEX,LUP,NEX,2,is hetzelfde als,2,is anders dan,3,3,is hetzelfde als,4,4,is hetzelfde als,5,5,anders dan,1,yes,31,Is,NA,NA,NA,NA,NA,NA,NA,NA,NA,NA,NA,NA,NA,NA,NA,NA,NA,NA,NA,NA,NA,NA,NA,NA,NA,NA,NA,NA,NA,NA,NA,NA,NA,NA,NA,NA,NA,NA
702b5,243,NA,trial,canvas.Screen,1_2_31_0_0,NA,NA,NA,NA,response,309,207840,207832,207849,208141,208137,2022-04-28T11:18:17.098Z,208165,NA,NA,NA,NA,NA,NA,NA,NA,NA,NA,NA,NA,NA,NA,NA,NA,NA,NA,NA,NA,NA,NA,NA,QOP,TUY,QOP,XUZ,2,is hetzelfde als,2,is anders dan,3,3,is hetzelfde als,4,4,is hetzelfde als,5,1,anders dan,5,yes,32,Is,TUY,KED,no,mousedown @no,yes,FALSE,KED,CEX,CEX,XUZ,NA,NA,NA,NA,NA,NA,NA,NA,NA,NA,NA,NA,NA,NA,NA,NA,NA,NA,NA,NA,NA,NA,NA,NA,NA,NA,NA,NA
702b5,243,NA,timer,html.Frame,1_2_31_0,NA,NA,NA,NA,NA,289,207837,207832,207849,208138,208139,2022-04-28T11:18:17.100Z,208165,NA,NA,NA,NA,NA,NA,NA,NA,NA,NA,NA,NA,NA,NA,NA,NA,NA,CEY,FEC,KUV,JEH,LUN,NA,LUP,NEX,LUP,NEX,2,is hetzelfde als,2,is anders dan,3,3,is hetzelfde als,4,4,is hetzelfde als,5,1,anders dan,5,yes,32,Is,NA,NA,NA,NA,NA,NA,NA,NA,NA,NA,NA,NA,NA,NA,NA,NA,NA,NA,NA,NA,NA,NA,NA,NA,NA,NA,NA,NA,NA,NA,NA,NA,NA,NA,NA,NA,NA,NA
702b5,243,NA,iti,canvas.Screen,1_2_31_1,NA,NA,NA,NA,timeout,1000,208139,208149,208165,209148,209151,2022-04-28T11:18:18.112Z,209165,NA,NA,NA,NA,NA,NA,NA,NA,NA,NA,NA,NA,NA,NA,NA,NA,NA,NA,NA,NA,NA,NA,NA,LUP,NEX,LUP,NEX,2,is hetzelfde als,2,is anders dan,3,3,is hetzelfde als,4,4,is hetzelfde als,5,1,anders dan,5,yes,32,Is,NA,NA,NA,NA,NA,NA,NA,NA,NA,NA,NA,NA,NA,NA,NA,NA,NA,NA,NA,NA,NA,NA,NA,NA,NA,NA,NA,NA,NA,NA,NA,NA,NA,NA,NA,NA,NA,NA
702b5,243,NA,trial_sequence,flow.Sequence,1_2_31,NA,NA,NA,NA,completion,1299,207836,207832,207849,209148,209151,2022-04-28T11:18:18.113Z,209165,NA,NA,NA,NA,NA,NA,NA,NA,NA,NA,NA,NA,NA,NA,NA,NA,NA,NA,NA,NA,NA,NA,NA,LUP,NEX,LUP,NEX,2,is hetzelfde als,2,is anders dan,3,3,is hetzelfde als,4,4,is hetzelfde als,5,1,anders dan,5,yes,32,Is,NA,NA,NA,NA,NA,NA,NA,NA,NA,NA,NA,NA,NA,NA,NA,NA,NA,NA,NA,NA,NA,NA,NA,NA,NA,NA,NA,NA,NA,NA,NA,NA,NA,NA,NA,NA,NA,NA
702b5,243,NA,trial,canvas.Screen,1_2_32_0_0,NA,NA,NA,NA,response,547,209155,209148,209165,209695,209691,2022-04-28T11:18:18.653Z,209731,NA,NA,NA,NA,NA,NA,NA,NA,NA,NA,NA,NA,NA,NA,NA,NA,NA,NA,NA,NA,NA,NA,NA,CEY,FEC,CEY,KUV,3,is meer dan,2,is meer dan,3,,,,,,,1,meer dan,3,yes,33,Is,FEC,KUV,no,mousedown @no,yes,FALSE,NA,NA,NA,NA,NA,NA,NA,NA,NA,NA,NA,NA,NA,NA,NA,NA,NA,NA,NA,NA,NA,NA,NA,NA,NA,NA,NA,NA,NA,NA,NA,NA
702b5,243,NA,timer,html.Frame,1_2_32_0,NA,NA,NA,NA,NA,528,209153,209148,209165,209693,209693,2022-04-28T11:18:18.655Z,209731,NA,NA,NA,NA,NA,NA,NA,NA,NA,NA,NA,NA,NA,NA,NA,NA,NA,CAX,DIW,XAP,CEB,FAK,NA,LUP,NEX,LUP,NEX,3,is meer dan,2,is meer dan,3,,,,,,,1,meer dan,3,yes,33,Is,NA,NA,NA,NA,NA,NA,NA,NA,NA,NA,NA,NA,NA,NA,NA,NA,NA,NA,NA,NA,NA,NA,NA,NA,NA,NA,NA,NA,NA,NA,NA,NA,NA,NA,NA,NA,NA,NA
702b5,243,NA,iti,canvas.Screen,1_2_32_1,NA,NA,NA,NA,timeout,1001,209694,209716,209731,210715,210716,2022-04-28T11:18:19.677Z,210732,NA,NA,NA,NA,NA,NA,NA,NA,NA,NA,NA,NA,NA,NA,NA,NA,NA,NA,NA,NA,NA,NA,NA,LUP,NEX,LUP,NEX,3,is meer dan,2,is meer dan,3,,,,,,,1,meer dan,3,yes,33,Is,NA,NA,NA,NA,NA,NA,NA,NA,NA,NA,NA,NA,NA,NA,NA,NA,NA,NA,NA,NA,NA,NA,NA,NA,NA,NA,NA,NA,NA,NA,NA,NA,NA,NA,NA,NA,NA,NA
702b5,243,NA,trial_sequence,flow.Sequence,1_2_32,NA,NA,NA,NA,completion,1550,209152,209148,209165,210715,210716,2022-04-28T11:18:19.678Z,210732,NA,NA,NA,NA,NA,NA,NA,NA,NA,NA,NA,NA,NA,NA,NA,NA,NA,NA,NA,NA,NA,NA,NA,LUP,NEX,LUP,NEX,3,is meer dan,2,is meer dan,3,,,,,,,1,meer dan,3,yes,33,Is,NA,NA,NA,NA,NA,NA,NA,NA,NA,NA,NA,NA,NA,NA,NA,NA,NA,NA,NA,NA,NA,NA,NA,NA,NA,NA,NA,NA,NA,NA,NA,NA,NA,NA,NA,NA,NA,NA
702b5,243,NA,trial,canvas.Screen,1_2_33_0_0,NA,NA,NA,NA,response,325,210720,210715,210732,211040,211038,2022-04-28T11:18:20.000Z,211065,NA,NA,NA,NA,NA,NA,NA,NA,NA,NA,NA,NA,NA,NA,NA,NA,NA,NA,NA,NA,NA,NA,NA,CAX,DIW,XAP,CAX,3,is meer dan,2,is meer dan,3,,,,,,,3,minder dan,1,yes,34,Is,DIW,XAP,no,mousedown @no,yes,FALSE,NA,NA,NA,NA,NA,NA,NA,NA,NA,NA,NA,NA,NA,NA,NA,NA,NA,NA,NA,NA,NA,NA,NA,NA,NA,NA,NA,NA,NA,NA,NA,NA
702b5,243,NA,timer,html.Frame,1_2_33_0,NA,NA,NA,NA,NA,308,210717,210715,210732,211040,211041,2022-04-28T11:18:20.002Z,211065,NA,NA,NA,NA,NA,NA,NA,NA,NA,NA,NA,NA,NA,NA,NA,NA,NA,MUP,HUX,HEC,DUY,PEV,NA,LUP,NEX,LUP,NEX,3,is meer dan,2,is meer dan,3,,,,,,,3,minder dan,1,yes,34,Is,NA,NA,NA,NA,NA,NA,NA,NA,NA,NA,NA,NA,NA,NA,NA,NA,NA,NA,NA,NA,NA,NA,NA,NA,NA,NA,NA,NA,NA,NA,NA,NA,NA,NA,NA,NA,NA,NA
702b5,243,NA,iti,canvas.Screen,1_2_33_1,NA,NA,NA,NA,timeout,1000,211041,211048,211065,212049,212050,2022-04-28T11:18:21.012Z,212065,NA,NA,NA,NA,NA,NA,NA,NA,NA,NA,NA,NA,NA,NA,NA,NA,NA,NA,NA,NA,NA,NA,NA,LUP,NEX,LUP,NEX,3,is meer dan,2,is meer dan,3,,,,,,,3,minder dan,1,yes,34,Is,NA,NA,NA,NA,NA,NA,NA,NA,NA,NA,NA,NA,NA,NA,NA,NA,NA,NA,NA,NA,NA,NA,NA,NA,NA,NA,NA,NA,NA,NA,NA,NA,NA,NA,NA,NA,NA,NA
702b5,243,NA,trial_sequence,flow.Sequence,1_2_33,NA,NA,NA,NA,completion,1317,210716,210715,210732,212049,212051,2022-04-28T11:18:21.012Z,212065,NA,NA,NA,NA,NA,NA,NA,NA,NA,NA,NA,NA,NA,NA,NA,NA,NA,NA,NA,NA,NA,NA,NA,LUP,NEX,LUP,NEX,3,is meer dan,2,is meer dan,3,,,,,,,3,minder dan,1,yes,34,Is,NA,NA,NA,NA,NA,NA,NA,NA,NA,NA,NA,NA,NA,NA,NA,NA,NA,NA,NA,NA,NA,NA,NA,NA,NA,NA,NA,NA,NA,NA,NA,NA,NA,NA,NA,NA,NA,NA
702b5,243,NA,trial,canvas.Screen,1_2_34_0_0,NA,NA,NA,NA,response,464,212057,212049,212065,212513,212508,2022-04-28T11:18:21.470Z,212549,NA,NA,NA,NA,NA,NA,NA,NA,NA,NA,NA,NA,NA,NA,NA,NA,NA,NA,NA,NA,NA,NA,NA,MUP,HUX,MUP,HEC,3,is meer dan,3,is minder dan,2,,,,,,,1,meer dan,3,yes,35,Is,HEC,HUX,no,mousedown @no,yes,FALSE,NA,NA,NA,NA,NA,NA,NA,NA,NA,NA,NA,NA,NA,NA,NA,NA,NA,NA,NA,NA,NA,NA,NA,NA,NA,NA,NA,NA,NA,NA,NA,NA
702b5,243,NA,timer,html.Frame,1_2_34_0,NA,NA,NA,NA,NA,445,212053,212049,212065,212510,212510,2022-04-28T11:18:21.472Z,212549,NA,NA,NA,NA,NA,NA,NA,NA,NA,NA,NA,NA,NA,NA,NA,NA,NA,YIR,KOC,CEG,QEJ,FOS,NA,LUP,NEX,LUP,NEX,3,is meer dan,3,is minder dan,2,,,,,,,1,meer dan,3,yes,35,Is,NA,NA,NA,NA,NA,NA,NA,NA,NA,NA,NA,NA,NA,NA,NA,NA,NA,NA,NA,NA,NA,NA,NA,NA,NA,NA,NA,NA,NA,NA,NA,NA,NA,NA,NA,NA,NA,NA
702b5,243,NA,iti,canvas.Screen,1_2_34_1,NA,NA,NA,NA,timeout,999,212510,212532,212549,213533,213536,2022-04-28T11:18:22.497Z,213548,NA,NA,NA,NA,NA,NA,NA,NA,NA,NA,NA,NA,NA,NA,NA,NA,NA,NA,NA,NA,NA,NA,NA,LUP,NEX,LUP,NEX,3,is meer dan,3,is minder dan,2,,,,,,,1,meer dan,3,yes,35,Is,NA,NA,NA,NA,NA,NA,NA,NA,NA,NA,NA,NA,NA,NA,NA,NA,NA,NA,NA,NA,NA,NA,NA,NA,NA,NA,NA,NA,NA,NA,NA,NA,NA,NA,NA,NA,NA,NA
702b5,243,NA,trial_sequence,flow.Sequence,1_2_34,NA,NA,NA,NA,completion,1468,212051,212049,212065,213533,213536,2022-04-28T11:18:22.497Z,213548,NA,NA,NA,NA,NA,NA,NA,NA,NA,NA,NA,NA,NA,NA,NA,NA,NA,NA,NA,NA,NA,NA,NA,LUP,NEX,LUP,NEX,3,is meer dan,3,is minder dan,2,,,,,,,1,meer dan,3,yes,35,Is,NA,NA,NA,NA,NA,NA,NA,NA,NA,NA,NA,NA,NA,NA,NA,NA,NA,NA,NA,NA,NA,NA,NA,NA,NA,NA,NA,NA,NA,NA,NA,NA,NA,NA,NA,NA,NA,NA
702b5,243,NA,trial,canvas.Screen,1_2_35_0_0,NA,NA,NA,NA,response,277,213540,213533,213548,213810,213805,2022-04-28T11:18:22.767Z,213833,NA,NA,NA,NA,NA,NA,NA,NA,NA,NA,NA,NA,NA,NA,NA,NA,NA,NA,NA,NA,NA,NA,NA,YIR,KOC,CEG,YIR,3,is meer dan,3,is minder dan,2,,,,,,,3,minder dan,1,yes,36,Is,CEG,KOC,no,mousedown @no,yes,FALSE,NA,NA,NA,NA,NA,NA,NA,NA,NA,NA,NA,NA,NA,NA,NA,NA,NA,NA,NA,NA,NA,NA,NA,NA,NA,NA,NA,NA,NA,NA,NA,NA
702b5,243,NA,timer,html.Frame,1_2_35_0,NA,NA,NA,NA,NA,259.000000000029,213537,213533,213548,213807,213808,2022-04-28T11:18:22.769Z,213833,NA,NA,NA,NA,NA,NA,NA,NA,NA,NA,NA,NA,NA,NA,NA,NA,NA,RUH,HIF,VAD,SEZ,WIQ,NA,LUP,NEX,LUP,NEX,3,is meer dan,3,is minder dan,2,,,,,,,3,minder dan,1,yes,36,Is,NA,NA,NA,NA,NA,NA,NA,NA,NA,NA,NA,NA,NA,NA,NA,NA,NA,NA,NA,NA,NA,NA,NA,NA,NA,NA,NA,NA,NA,NA,NA,NA,NA,NA,NA,NA,NA,NA
702b5,243,NA,iti,canvas.Screen,1_2_35_1,NA,NA,NA,NA,timeout,999,213809,213815,213833,214816,214817,2022-04-28T11:18:23.778Z,214832,NA,NA,NA,NA,NA,NA,NA,NA,NA,NA,NA,NA,NA,NA,NA,NA,NA,NA,NA,NA,NA,NA,NA,LUP,NEX,LUP,NEX,3,is meer dan,3,is minder dan,2,,,,,,,3,minder dan,1,yes,36,Is,NA,NA,NA,NA,NA,NA,NA,NA,NA,NA,NA,NA,NA,NA,NA,NA,NA,NA,NA,NA,NA,NA,NA,NA,NA,NA,NA,NA,NA,NA,NA,NA,NA,NA,NA,NA,NA,NA
702b5,243,NA,trial_sequence,flow.Sequence,1_2_35,NA,NA,NA,NA,completion,1268,213536,213533,213548,214816,214817,2022-04-28T11:18:23.779Z,214832,NA,NA,NA,NA,NA,NA,NA,NA,NA,NA,NA,NA,NA,NA,NA,NA,NA,NA,NA,NA,NA,NA,NA,LUP,NEX,LUP,NEX,3,is meer dan,3,is minder dan,2,,,,,,,3,minder dan,1,yes,36,Is,NA,NA,NA,NA,NA,NA,NA,NA,NA,NA,NA,NA,NA,NA,NA,NA,NA,NA,NA,NA,NA,NA,NA,NA,NA,NA,NA,NA,NA,NA,NA,NA,NA,NA,NA,NA,NA,NA
702b5,243,NA,trial,canvas.Screen,1_2_36_0_0,NA,NA,NA,NA,response,763,214824,214816,214832,215579,215575,2022-04-28T11:18:24.536Z,215615,NA,NA,NA,NA,NA,NA,NA,NA,NA,NA,NA,NA,NA,NA,NA,NA,NA,NA,NA,NA,NA,NA,NA,RUH,HIF,RUH,VAD,3,is minder dan,2,is minder dan,3,,,,,,,1,meer dan,3,no,37,Is,HIF,VAD,no,mousedown @no,no,TRUE,NA,NA,NA,NA,NA,NA,NA,NA,NA,NA,NA,NA,NA,NA,NA,NA,NA,NA,NA,NA,NA,NA,NA,NA,NA,NA,NA,NA,NA,NA,NA,NA
702b5,243,NA,timer,html.Frame,1_2_36_0,NA,NA,NA,NA,NA,746,214820,214816,214832,215578,215578,2022-04-28T11:18:24.540Z,215615,NA,NA,NA,NA,NA,NA,NA,NA,NA,NA,NA,NA,NA,NA,NA,NA,NA,WEW,MUR,CAZ,YIZ,QEN,15,LUP,NEX,LUP,NEX,3,is minder dan,2,is minder dan,3,,,,,,,1,meer dan,3,no,37,Is,NA,NA,NA,NA,NA,NA,NA,NA,NA,NA,NA,NA,NA,NA,NA,NA,NA,NA,NA,NA,NA,NA,NA,NA,NA,NA,NA,NA,NA,NA,NA,NA,NA,NA,NA,NA,NA,NA
702b5,243,NA,iti,canvas.Screen,1_2_36_1,NA,NA,NA,NA,timeout,1001,215578,215599,215615,216599,216599,2022-04-28T11:18:25.561Z,216616,NA,NA,NA,NA,NA,NA,NA,NA,NA,NA,NA,NA,NA,NA,NA,NA,NA,NA,NA,NA,NA,NA,NA,LUP,NEX,LUP,NEX,3,is minder dan,2,is minder dan,3,,,,,,,1,meer dan,3,no,37,Is,NA,NA,NA,NA,NA,NA,NA,NA,NA,NA,NA,NA,NA,NA,NA,NA,NA,NA,NA,NA,NA,NA,NA,NA,NA,NA,NA,NA,NA,NA,NA,NA,NA,NA,NA,NA,NA,NA
702b5,243,NA,trial_sequence,flow.Sequence,1_2_36,NA,NA,NA,NA,completion,1767,214818,214816,214832,216599,216600,2022-04-28T11:18:25.561Z,216616,NA,NA,NA,NA,NA,NA,NA,NA,NA,NA,NA,NA,NA,NA,NA,NA,NA,NA,NA,NA,NA,NA,NA,LUP,NEX,LUP,NEX,3,is minder dan,2,is minder dan,3,,,,,,,1,meer dan,3,no,37,Is,NA,NA,NA,NA,NA,NA,NA,NA,NA,NA,NA,NA,NA,NA,NA,NA,NA,NA,NA,NA,NA,NA,NA,NA,NA,NA,NA,NA,NA,NA,NA,NA,NA,NA,NA,NA,NA,NA
702b5,243,NA,trial,canvas.Screen,1_2_37_0_0,NA,NA,NA,NA,response,254,216604,216599,216616,216853,216848,2022-04-28T11:18:25.810Z,216866,NA,NA,NA,NA,NA,NA,NA,NA,NA,NA,NA,NA,NA,NA,NA,NA,NA,NA,NA,NA,NA,NA,NA,WEW,MUR,CAZ,WEW,3,is minder dan,2,is minder dan,3,,,,,,,3,minder dan,1,no,38,Is,MUR,CAZ,no,mousedown @no,no,TRUE,NA,NA,NA,NA,NA,NA,NA,NA,NA,NA,NA,NA,NA,NA,NA,NA,NA,NA,NA,NA,NA,NA,NA,NA,NA,NA,NA,NA,NA,NA,NA,NA
702b5,243,NA,timer,html.Frame,1_2_37_0,NA,NA,NA,NA,NA,234,216601,216599,216616,216850,216850,2022-04-28T11:18:25.811Z,216866,NA,NA,NA,NA,NA,NA,NA,NA,NA,NA,NA,NA,NA,NA,NA,NA,NA,MUX,VAF,QUB,HUQ,WOR,16,LUP,NEX,LUP,NEX,3,is minder dan,2,is minder dan,3,,,,,,,3,minder dan,1,no,38,Is,NA,NA,NA,NA,NA,NA,NA,NA,NA,NA,NA,NA,NA,NA,NA,NA,NA,NA,NA,NA,NA,NA,NA,NA,NA,NA,NA,NA,NA,NA,NA,NA,NA,NA,NA,NA,NA,NA
702b5,243,NA,iti,canvas.Screen,1_2_37_1,NA,NA,NA,NA,timeout,1000,216850,216855,216866,217850,217852,2022-04-28T11:18:26.814Z,217866,NA,NA,NA,NA,NA,NA,NA,NA,NA,NA,NA,NA,NA,NA,NA,NA,NA,NA,NA,NA,NA,NA,NA,LUP,NEX,LUP,NEX,3,is minder dan,2,is minder dan,3,,,,,,,3,minder dan,1,no,38,Is,NA,NA,NA,NA,NA,NA,NA,NA,NA,NA,NA,NA,NA,NA,NA,NA,NA,NA,NA,NA,NA,NA,NA,NA,NA,NA,NA,NA,NA,NA,NA,NA,NA,NA,NA,NA,NA,NA
702b5,243,NA,trial_sequence,flow.Sequence,1_2_37,NA,NA,NA,NA,completion,1234,216600,216599,216616,217850,217853,2022-04-28T11:18:26.814Z,217866,NA,NA,NA,NA,NA,NA,NA,NA,NA,NA,NA,NA,NA,NA,NA,NA,NA,NA,NA,NA,NA,NA,NA,LUP,NEX,LUP,NEX,3,is minder dan,2,is minder dan,3,,,,,,,3,minder dan,1,no,38,Is,NA,NA,NA,NA,NA,NA,NA,NA,NA,NA,NA,NA,NA,NA,NA,NA,NA,NA,NA,NA,NA,NA,NA,NA,NA,NA,NA,NA,NA,NA,NA,NA,NA,NA,NA,NA,NA,NA
702b5,243,NA,trial,canvas.Screen,1_2_38_0_0,NA,NA,NA,NA,response,452,217857,217850,217866,218302,218298,2022-04-28T11:18:27.259Z,218333,NA,NA,NA,NA,NA,NA,NA,NA,NA,NA,NA,NA,NA,NA,NA,NA,NA,NA,NA,NA,NA,NA,NA,MUX,VAF,MUX,HUQ,3,is meer dan,3,is minder dan,2,3,is meer dan,4,,,,1,meer dan,4,yes,39,Is,QUB,VAF,no,mousedown @no,yes,FALSE,QUB,HUQ,NA,NA,NA,NA,NA,NA,NA,NA,NA,NA,NA,NA,NA,NA,NA,NA,NA,NA,NA,NA,NA,NA,NA,NA,NA,NA,NA,NA,NA,NA
702b5,243,NA,timer,html.Frame,1_2_38_0,NA,NA,NA,NA,NA,434,217854,217850,217866,218300,218300,2022-04-28T11:18:27.262Z,218333,NA,NA,NA,NA,NA,NA,NA,NA,NA,NA,NA,NA,NA,NA,NA,NA,NA,LIX,LUT,FEQ,MUZ,FOV,NA,LUP,NEX,LUP,NEX,3,is meer dan,3,is minder dan,2,3,is meer dan,4,,,,1,meer dan,4,yes,39,Is,NA,NA,NA,NA,NA,NA,NA,NA,NA,NA,NA,NA,NA,NA,NA,NA,NA,NA,NA,NA,NA,NA,NA,NA,NA,NA,NA,NA,NA,NA,NA,NA,NA,NA,NA,NA,NA,NA
702b5,243,NA,iti,canvas.Screen,1_2_38_1,NA,NA,NA,NA,timeout,1000,218300,218316,218333,219315,219318,2022-04-28T11:18:28.280Z,219333,NA,NA,NA,NA,NA,NA,NA,NA,NA,NA,NA,NA,NA,NA,NA,NA,NA,NA,NA,NA,NA,NA,NA,LUP,NEX,LUP,NEX,3,is meer dan,3,is minder dan,2,3,is meer dan,4,,,,1,meer dan,4,yes,39,Is,NA,NA,NA,NA,NA,NA,NA,NA,NA,NA,NA,NA,NA,NA,NA,NA,NA,NA,NA,NA,NA,NA,NA,NA,NA,NA,NA,NA,NA,NA,NA,NA,NA,NA,NA,NA,NA,NA
702b5,243,NA,trial_sequence,flow.Sequence,1_2_38,NA,NA,NA,NA,completion,1449,217853,217850,217866,219315,219319,2022-04-28T11:18:28.280Z,219333,NA,NA,NA,NA,NA,NA,NA,NA,NA,NA,NA,NA,NA,NA,NA,NA,NA,NA,NA,NA,NA,NA,NA,LUP,NEX,LUP,NEX,3,is meer dan,3,is minder dan,2,3,is meer dan,4,,,,1,meer dan,4,yes,39,Is,NA,NA,NA,NA,NA,NA,NA,NA,NA,NA,NA,NA,NA,NA,NA,NA,NA,NA,NA,NA,NA,NA,NA,NA,NA,NA,NA,NA,NA,NA,NA,NA,NA,NA,NA,NA,NA,NA
702b5,243,NA,trial,canvas.Screen,1_2_39_0_0,NA,NA,NA,NA,response,1653.00000000003,219324,219315,219333,220968,220964,2022-04-28T11:18:29.925Z,220999,NA,NA,NA,NA,NA,NA,NA,NA,NA,NA,NA,NA,NA,NA,NA,NA,NA,NA,NA,NA,NA,NA,NA,LIX,LUT,MUZ,LIX,3,is meer dan,3,is minder dan,2,3,is meer dan,4,,,,4,minder dan,1,yes,40,Is,FEQ,LUT,no,mousedown @no,yes,FALSE,FEQ,MUZ,NA,NA,NA,NA,NA,NA,NA,NA,NA,NA,NA,NA,NA,NA,NA,NA,NA,NA,NA,NA,NA,NA,NA,NA,NA,NA,NA,NA,NA,NA
702b5,243,NA,timer,html.Frame,1_2_39_0,NA,NA,NA,NA,NA,1633,219321,219315,219333,220966,220966,2022-04-28T11:18:29.927Z,220999,NA,NA,NA,NA,NA,NA,NA,NA,NA,NA,NA,NA,NA,NA,NA,NA,NA,GUC,QAY,XEV,VIL,GUH,NA,LUP,NEX,LUP,NEX,3,is meer dan,3,is minder dan,2,3,is meer dan,4,,,,4,minder dan,1,yes,40,Is,NA,NA,NA,NA,NA,NA,NA,NA,NA,NA,NA,NA,NA,NA,NA,NA,NA,NA,NA,NA,NA,NA,NA,NA,NA,NA,NA,NA,NA,NA,NA,NA,NA,NA,NA,NA,NA,NA
702b5,243,NA,iti,canvas.Screen,1_2_39_1,NA,NA,NA,NA,timeout,1001,220966,220983,220999,221983,221983,2022-04-28T11:18:30.945Z,222000,NA,NA,NA,NA,NA,NA,NA,NA,NA,NA,NA,NA,NA,NA,NA,NA,NA,NA,NA,NA,NA,NA,NA,LUP,NEX,LUP,NEX,3,is meer dan,3,is minder dan,2,3,is meer dan,4,,,,4,minder dan,1,yes,40,Is,NA,NA,NA,NA,NA,NA,NA,NA,NA,NA,NA,NA,NA,NA,NA,NA,NA,NA,NA,NA,NA,NA,NA,NA,NA,NA,NA,NA,NA,NA,NA,NA,NA,NA,NA,NA,NA,NA
702b5,243,NA,trial_sequence,flow.Sequence,1_2_39,NA,NA,NA,NA,completion,2650,219319,219315,219333,221983,221984,2022-04-28T11:18:30.945Z,222000,NA,NA,NA,NA,NA,NA,NA,NA,NA,NA,NA,NA,NA,NA,NA,NA,NA,NA,NA,NA,NA,NA,NA,LUP,NEX,LUP,NEX,3,is meer dan,3,is minder dan,2,3,is meer dan,4,,,,4,minder dan,1,yes,40,Is,NA,NA,NA,NA,NA,NA,NA,NA,NA,NA,NA,NA,NA,NA,NA,NA,NA,NA,NA,NA,NA,NA,NA,NA,NA,NA,NA,NA,NA,NA,NA,NA,NA,NA,NA,NA,NA,NA
702b5,243,NA,trial,canvas.Screen,1_2_40_0_0,NA,NA,NA,NA,response,282.000000000029,221990,221983,222000,222265,222263,2022-04-28T11:18:31.224Z,222282,NA,NA,NA,NA,NA,NA,NA,NA,NA,NA,NA,NA,NA,NA,NA,NA,NA,NA,NA,NA,NA,NA,NA,GUC,QAY,GUC,VIL,3,is minder dan,3,is meer dan,2,4,is meer dan,3,,,,1,meer dan,4,no,41,Is,XEV,QAY,no,mousedown @no,no,TRUE,VIL,XEV,NA,NA,NA,NA,NA,NA,NA,NA,NA,NA,NA,NA,NA,NA,NA,NA,NA,NA,NA,NA,NA,NA,NA,NA,NA,NA,NA,NA,NA,NA
702b5,243,NA,timer,html.Frame,1_2_40_0,NA,NA,NA,NA,NA,264,221985,221983,222000,222264,222264,2022-04-28T11:18:31.226Z,222282,NA,NA,NA,NA,NA,NA,NA,NA,NA,NA,NA,NA,NA,NA,NA,NA,NA,PEM,XIG,YOS,MUQ,PIH,17,LUP,NEX,LUP,NEX,3,is minder dan,3,is meer dan,2,4,is meer dan,3,,,,1,meer dan,4,no,41,Is,NA,NA,NA,NA,NA,NA,NA,NA,NA,NA,NA,NA,NA,NA,NA,NA,NA,NA,NA,NA,NA,NA,NA,NA,NA,NA,NA,NA,NA,NA,NA,NA,NA,NA,NA,NA,NA,NA
702b5,243,NA,iti,canvas.Screen,1_2_40_1,NA,NA,NA,NA,timeout,1001,222264,222270,222282,223266,223266,2022-04-28T11:18:32.228Z,223283,NA,NA,NA,NA,NA,NA,NA,NA,NA,NA,NA,NA,NA,NA,NA,NA,NA,NA,NA,NA,NA,NA,NA,LUP,NEX,LUP,NEX,3,is minder dan,3,is meer dan,2,4,is meer dan,3,,,,1,meer dan,4,no,41,Is,NA,NA,NA,NA,NA,NA,NA,NA,NA,NA,NA,NA,NA,NA,NA,NA,NA,NA,NA,NA,NA,NA,NA,NA,NA,NA,NA,NA,NA,NA,NA,NA,NA,NA,NA,NA,NA,NA
702b5,243,NA,trial_sequence,flow.Sequence,1_2_40,NA,NA,NA,NA,completion,1266,221984,221983,222000,223266,223267,2022-04-28T11:18:32.228Z,223283,NA,NA,NA,NA,NA,NA,NA,NA,NA,NA,NA,NA,NA,NA,NA,NA,NA,NA,NA,NA,NA,NA,NA,LUP,NEX,LUP,NEX,3,is minder dan,3,is meer dan,2,4,is meer dan,3,,,,1,meer dan,4,no,41,Is,NA,NA,NA,NA,NA,NA,NA,NA,NA,NA,NA,NA,NA,NA,NA,NA,NA,NA,NA,NA,NA,NA,NA,NA,NA,NA,NA,NA,NA,NA,NA,NA,NA,NA,NA,NA,NA,NA
702b5,243,NA,trial,canvas.Screen,1_2_41_0_0,NA,NA,NA,NA,response,233,223271,223266,223283,223499,223494,2022-04-28T11:18:32.456Z,223516,NA,NA,NA,NA,NA,NA,NA,NA,NA,NA,NA,NA,NA,NA,NA,NA,NA,NA,NA,NA,NA,NA,NA,PEM,XIG,MUQ,PEM,3,is minder dan,3,is meer dan,2,4,is meer dan,3,,,,4,minder dan,1,no,42,Is,YOS,XIG,no,mousedown @no,no,TRUE,MUQ,YOS,NA,NA,NA,NA,NA,NA,NA,NA,NA,NA,NA,NA,NA,NA,NA,NA,NA,NA,NA,NA,NA,NA,NA,NA,NA,NA,NA,NA,NA,NA
702b5,243,NA,timer,html.Frame,1_2_41_0,NA,NA,NA,NA,NA,213,223268,223266,223283,223496,223496,2022-04-28T11:18:32.457Z,223516,NA,NA,NA,NA,NA,NA,NA,NA,NA,NA,NA,NA,NA,NA,NA,NA,NA,NIJ,LUB,LUH,SUK,QEY,18,LUP,NEX,LUP,NEX,3,is minder dan,3,is meer dan,2,4,is meer dan,3,,,,4,minder dan,1,no,42,Is,NA,NA,NA,NA,NA,NA,NA,NA,NA,NA,NA,NA,NA,NA,NA,NA,NA,NA,NA,NA,NA,NA,NA,NA,NA,NA,NA,NA,NA,NA,NA,NA,NA,NA,NA,NA,NA,NA
702b5,243,NA,iti,canvas.Screen,1_2_41_1,NA,NA,NA,NA,timeout,1001,223496,223502,223516,224499,224503,2022-04-28T11:18:33.464Z,224517,NA,NA,NA,NA,NA,NA,NA,NA,NA,NA,NA,NA,NA,NA,NA,NA,NA,NA,NA,NA,NA,NA,NA,LUP,NEX,LUP,NEX,3,is minder dan,3,is meer dan,2,4,is meer dan,3,,,,4,minder dan,1,no,42,Is,NA,NA,NA,NA,NA,NA,NA,NA,NA,NA,NA,NA,NA,NA,NA,NA,NA,NA,NA,NA,NA,NA,NA,NA,NA,NA,NA,NA,NA,NA,NA,NA,NA,NA,NA,NA,NA,NA
702b5,243,NA,trial_sequence,flow.Sequence,1_2_41,NA,NA,NA,NA,completion,1216,223267,223266,223283,224499,224503,2022-04-28T11:18:33.464Z,224517,NA,NA,NA,NA,NA,NA,NA,NA,NA,NA,NA,NA,NA,NA,NA,NA,NA,NA,NA,NA,NA,NA,NA,LUP,NEX,LUP,NEX,3,is minder dan,3,is meer dan,2,4,is meer dan,3,,,,4,minder dan,1,no,42,Is,NA,NA,NA,NA,NA,NA,NA,NA,NA,NA,NA,NA,NA,NA,NA,NA,NA,NA,NA,NA,NA,NA,NA,NA,NA,NA,NA,NA,NA,NA,NA,NA,NA,NA,NA,NA,NA,NA
702b5,243,NA,trial,canvas.Screen,1_2_42_0_0,NA,NA,NA,NA,response,313,224508,224499,224517,224812,224807,2022-04-28T11:18:33.768Z,224833,NA,NA,NA,NA,NA,NA,NA,NA,NA,NA,NA,NA,NA,NA,NA,NA,NA,NA,NA,NA,NA,NA,NA,NIJ,LUB,NIJ,SUK,3,is minder dan,2,is minder dan,3,3,is minder dan,4,,,,1,meer dan,4,no,43,Is,LUB,LUH,no,mousedown @no,no,TRUE,LUH,SUK,NA,NA,NA,NA,NA,NA,NA,NA,NA,NA,NA,NA,NA,NA,NA,NA,NA,NA,NA,NA,NA,NA,NA,NA,NA,NA,NA,NA,NA,NA
702b5,243,NA,timer,html.Frame,1_2_42_0,NA,NA,NA,NA,NA,291,224505,224499,224517,224808,224809,2022-04-28T11:18:33.770Z,224833,NA,NA,NA,NA,NA,NA,NA,NA,NA,NA,NA,NA,NA,NA,NA,NA,NA,GUQ,HIH,CIJ,WIY,GAX,19,LUP,NEX,LUP,NEX,3,is minder dan,2,is minder dan,3,3,is minder dan,4,,,,1,meer dan,4,no,43,Is,NA,NA,NA,NA,NA,NA,NA,NA,NA,NA,NA,NA,NA,NA,NA,NA,NA,NA,NA,NA,NA,NA,NA,NA,NA,NA,NA,NA,NA,NA,NA,NA,NA,NA,NA,NA,NA,NA
702b5,243,NA,iti,canvas.Screen,1_2_42_1,NA,NA,NA,NA,timeout,1000,224809,224816,224833,225817,225817,2022-04-28T11:18:34.779Z,225833,NA,NA,NA,NA,NA,NA,NA,NA,NA,NA,NA,NA,NA,NA,NA,NA,NA,NA,NA,NA,NA,NA,NA,LUP,NEX,LUP,NEX,3,is minder dan,2,is minder dan,3,3,is minder dan,4,,,,1,meer dan,4,no,43,Is,NA,NA,NA,NA,NA,NA,NA,NA,NA,NA,NA,NA,NA,NA,NA,NA,NA,NA,NA,NA,NA,NA,NA,NA,NA,NA,NA,NA,NA,NA,NA,NA,NA,NA,NA,NA,NA,NA
702b5,243,NA,trial_sequence,flow.Sequence,1_2_42,NA,NA,NA,NA,completion,1300,224503,224499,224517,225817,225818,2022-04-28T11:18:34.779Z,225833,NA,NA,NA,NA,NA,NA,NA,NA,NA,NA,NA,NA,NA,NA,NA,NA,NA,NA,NA,NA,NA,NA,NA,LUP,NEX,LUP,NEX,3,is minder dan,2,is minder dan,3,3,is minder dan,4,,,,1,meer dan,4,no,43,Is,NA,NA,NA,NA,NA,NA,NA,NA,NA,NA,NA,NA,NA,NA,NA,NA,NA,NA,NA,NA,NA,NA,NA,NA,NA,NA,NA,NA,NA,NA,NA,NA,NA,NA,NA,NA,NA,NA
702b5,243,NA,trial,canvas.Screen,1_2_43_0_0,NA,NA,NA,NA,response,420,225821,225817,225833,226237,226233,2022-04-28T11:18:35.195Z,226267,NA,NA,NA,NA,NA,NA,NA,NA,NA,NA,NA,NA,NA,NA,NA,NA,NA,NA,NA,NA,NA,NA,NA,GUQ,HIH,WIY,GUQ,3,is minder dan,2,is minder dan,3,3,is minder dan,4,,,,4,minder dan,1,no,44,Is,HIH,CIJ,no,mousedown @no,no,TRUE,CIJ,WIY,NA,NA,NA,NA,NA,NA,NA,NA,NA,NA,NA,NA,NA,NA,NA,NA,NA,NA,NA,NA,NA,NA,NA,NA,NA,NA,NA,NA,NA,NA
702b5,243,NA,timer,html.Frame,1_2_43_0,NA,NA,NA,NA,NA,402,225819,225817,225833,226235,226235,2022-04-28T11:18:35.197Z,226267,NA,NA,NA,NA,NA,NA,NA,NA,NA,NA,NA,NA,NA,NA,NA,NA,NA,SAV,KEJ,LIY,TUJ,HON,20,LUP,NEX,LUP,NEX,3,is minder dan,2,is minder dan,3,3,is minder dan,4,,,,4,minder dan,1,no,44,Is,NA,NA,NA,NA,NA,NA,NA,NA,NA,NA,NA,NA,NA,NA,NA,NA,NA,NA,NA,NA,NA,NA,NA,NA,NA,NA,NA,NA,NA,NA,NA,NA,NA,NA,NA,NA,NA,NA
702b5,243,NA,iti,canvas.Screen,1_2_43_1,NA,NA,NA,NA,timeout,999,226236,226250,226267,227250,227251,2022-04-28T11:18:36.212Z,227266,NA,NA,NA,NA,NA,NA,NA,NA,NA,NA,NA,NA,NA,NA,NA,NA,NA,NA,NA,NA,NA,NA,NA,LUP,NEX,LUP,NEX,3,is minder dan,2,is minder dan,3,3,is minder dan,4,,,,4,minder dan,1,no,44,Is,NA,NA,NA,NA,NA,NA,NA,NA,NA,NA,NA,NA,NA,NA,NA,NA,NA,NA,NA,NA,NA,NA,NA,NA,NA,NA,NA,NA,NA,NA,NA,NA,NA,NA,NA,NA,NA,NA
702b5,243,NA,trial_sequence,flow.Sequence,1_2_43,NA,NA,NA,NA,completion,1417,225818,225817,225833,227250,227251,2022-04-28T11:18:36.213Z,227266,NA,NA,NA,NA,NA,NA,NA,NA,NA,NA,NA,NA,NA,NA,NA,NA,NA,NA,NA,NA,NA,NA,NA,LUP,NEX,LUP,NEX,3,is minder dan,2,is minder dan,3,3,is minder dan,4,,,,4,minder dan,1,no,44,Is,NA,NA,NA,NA,NA,NA,NA,NA,NA,NA,NA,NA,NA,NA,NA,NA,NA,NA,NA,NA,NA,NA,NA,NA,NA,NA,NA,NA,NA,NA,NA,NA,NA,NA,NA,NA,NA,NA
702b5,243,NA,trial,canvas.Screen,1_2_44_0_0,NA,NA,NA,NA,response,252,227258,227250,227266,227502,227498,2022-04-28T11:18:36.460Z,227517,NA,NA,NA,NA,NA,NA,NA,NA,NA,NA,NA,NA,NA,NA,NA,NA,NA,NA,NA,NA,NA,NA,NA,SAV,KEJ,SAV,HON,3,is minder dan,3,is meer dan,2,3,is minder dan,4,5,is meer dan,4,1,meer dan,5,no,45,Is,LIY,KEJ,no,mousedown @no,no,TRUE,LIY,TUJ,HON,TUJ,NA,NA,NA,NA,NA,NA,NA,NA,NA,NA,NA,NA,NA,NA,NA,NA,NA,NA,NA,NA,NA,NA,NA,NA,NA,NA,NA,NA
702b5,243,NA,timer,html.Frame,1_2_44_0,NA,NA,NA,NA,NA,234,227253,227250,227266,227500,227500,2022-04-28T11:18:36.461Z,227517,NA,NA,NA,NA,NA,NA,NA,NA,NA,NA,NA,NA,NA,NA,NA,NA,NA,SIW,QIM,FAV,QUY,FOF,21,LUP,NEX,LUP,NEX,3,is minder dan,3,is meer dan,2,3,is minder dan,4,5,is meer dan,4,1,meer dan,5,no,45,Is,NA,NA,NA,NA,NA,NA,NA,NA,NA,NA,NA,NA,NA,NA,NA,NA,NA,NA,NA,NA,NA,NA,NA,NA,NA,NA,NA,NA,NA,NA,NA,NA,NA,NA,NA,NA,NA,NA
702b5,243,NA,iti,canvas.Screen,1_2_44_1,NA,NA,NA,NA,timeout,999,227500,227506,227517,228500,228501,2022-04-28T11:18:37.462Z,228516,NA,NA,NA,NA,NA,NA,NA,NA,NA,NA,NA,NA,NA,NA,NA,NA,NA,NA,NA,NA,NA,NA,NA,LUP,NEX,LUP,NEX,3,is minder dan,3,is meer dan,2,3,is minder dan,4,5,is meer dan,4,1,meer dan,5,no,45,Is,NA,NA,NA,NA,NA,NA,NA,NA,NA,NA,NA,NA,NA,NA,NA,NA,NA,NA,NA,NA,NA,NA,NA,NA,NA,NA,NA,NA,NA,NA,NA,NA,NA,NA,NA,NA,NA,NA
702b5,243,NA,trial_sequence,flow.Sequence,1_2_44,NA,NA,NA,NA,completion,1234,227252,227250,227266,228500,228501,2022-04-28T11:18:37.462Z,228516,NA,NA,NA,NA,NA,NA,NA,NA,NA,NA,NA,NA,NA,NA,NA,NA,NA,NA,NA,NA,NA,NA,NA,LUP,NEX,LUP,NEX,3,is minder dan,3,is meer dan,2,3,is minder dan,4,5,is meer dan,4,1,meer dan,5,no,45,Is,NA,NA,NA,NA,NA,NA,NA,NA,NA,NA,NA,NA,NA,NA,NA,NA,NA,NA,NA,NA,NA,NA,NA,NA,NA,NA,NA,NA,NA,NA,NA,NA,NA,NA,NA,NA,NA,NA
702b5,244,NA,trial,canvas.Screen,1_2_45_0_0,NA,NA,NA,NA,response,5173,228506,228500,228516,233673,233671,2022-04-28T11:18:42.632Z,233717,NA,NA,NA,NA,NA,NA,NA,NA,NA,NA,NA,NA,NA,NA,NA,NA,NA,NA,NA,NA,NA,NA,NA,SIW,QIM,FOF,SIW,3,is minder dan,3,is meer dan,2,3,is minder dan,4,5,is meer dan,4,5,minder dan,1,no,46,Is,FAV,QIM,no,mousedown @no,no,TRUE,FAV,QUY,FOF,QUY,NA,NA,NA,NA,NA,NA,NA,NA,NA,NA,NA,NA,NA,NA,NA,NA,NA,NA,NA,NA,NA,NA,NA,NA,NA,NA,NA,NA
702b5,244,NA,timer,html.Frame,1_2_45_0,NA,NA,NA,NA,NA,5156,228503,228500,228516,233672,233673,2022-04-28T11:18:42.634Z,233717,NA,NA,NA,NA,NA,NA,NA,NA,NA,NA,NA,NA,NA,NA,NA,NA,NA,FIJ,GOQ,GUX,XAX,SUZ,22,LUP,NEX,LUP,NEX,3,is minder dan,3,is meer dan,2,3,is minder dan,4,5,is meer dan,4,5,minder dan,1,no,46,Is,NA,NA,NA,NA,NA,NA,NA,NA,NA,NA,NA,NA,NA,NA,NA,NA,NA,NA,NA,NA,NA,NA,NA,NA,NA,NA,NA,NA,NA,NA,NA,NA,NA,NA,NA,NA,NA,NA
702b5,244,NA,iti,canvas.Screen,1_2_45_1,NA,NA,NA,NA,timeout,999,233673,233700,233717,234701,234701,2022-04-28T11:18:43.662Z,234716,NA,NA,NA,NA,NA,NA,NA,NA,NA,NA,NA,NA,NA,NA,NA,NA,NA,NA,NA,NA,NA,NA,NA,LUP,NEX,LUP,NEX,3,is minder dan,3,is meer dan,2,3,is minder dan,4,5,is meer dan,4,5,minder dan,1,no,46,Is,NA,NA,NA,NA,NA,NA,NA,NA,NA,NA,NA,NA,NA,NA,NA,NA,NA,NA,NA,NA,NA,NA,NA,NA,NA,NA,NA,NA,NA,NA,NA,NA,NA,NA,NA,NA,NA,NA
702b5,244,NA,trial_sequence,flow.Sequence,1_2_45,NA,NA,NA,NA,completion,6185,228501,228500,228516,234701,234702,2022-04-28T11:18:43.663Z,234716,NA,NA,NA,NA,NA,NA,NA,NA,NA,NA,NA,NA,NA,NA,NA,NA,NA,NA,NA,NA,NA,NA,NA,LUP,NEX,LUP,NEX,3,is minder dan,3,is meer dan,2,3,is minder dan,4,5,is meer dan,4,5,minder dan,1,no,46,Is,NA,NA,NA,NA,NA,NA,NA,NA,NA,NA,NA,NA,NA,NA,NA,NA,NA,NA,NA,NA,NA,NA,NA,NA,NA,NA,NA,NA,NA,NA,NA,NA,NA,NA,NA,NA,NA,NA
702b5,244,NA,trial,canvas.Screen,1_2_46_0_0,NA,NA,NA,NA,response,217,234706,234701,234716,234918,234913,2022-04-28T11:18:43.875Z,234934,NA,NA,NA,NA,NA,NA,NA,NA,NA,NA,NA,NA,NA,NA,NA,NA,NA,NA,NA,NA,NA,NA,NA,FIJ,GOQ,FIJ,SUZ,3,is meer dan,3,is minder dan,2,3,is meer dan,4,5,is minder dan,4,1,meer dan,5,yes,47,Is,GUX,GOQ,no,mousedown @no,yes,FALSE,GUX,XAX,SUZ,XAX,NA,NA,NA,NA,NA,NA,NA,NA,NA,NA,NA,NA,NA,NA,NA,NA,NA,NA,NA,NA,NA,NA,NA,NA,NA,NA,NA,NA
702b5,244,NA,timer,html.Frame,1_2_46_0,NA,NA,NA,NA,NA,199,234703,234701,234716,234915,234915,2022-04-28T11:18:43.876Z,234934,NA,NA,NA,NA,NA,NA,NA,NA,NA,NA,NA,NA,NA,NA,NA,NA,NA,VUP,WUM,TEK,PUY,CER,NA,LUP,NEX,LUP,NEX,3,is meer dan,3,is minder dan,2,3,is meer dan,4,5,is minder dan,4,1,meer dan,5,yes,47,Is,NA,NA,NA,NA,NA,NA,NA,NA,NA,NA,NA,NA,NA,NA,NA,NA,NA,NA,NA,NA,NA,NA,NA,NA,NA,NA,NA,NA,NA,NA,NA,NA,NA,NA,NA,NA,NA,NA
702b5,244,NA,iti,canvas.Screen,1_2_46_1,NA,NA,NA,NA,timeout,1000,234915,234921,234934,235917,235918,2022-04-28T11:18:44.879Z,235934,NA,NA,NA,NA,NA,NA,NA,NA,NA,NA,NA,NA,NA,NA,NA,NA,NA,NA,NA,NA,NA,NA,NA,LUP,NEX,LUP,NEX,3,is meer dan,3,is minder dan,2,3,is meer dan,4,5,is minder dan,4,1,meer dan,5,yes,47,Is,NA,NA,NA,NA,NA,NA,NA,NA,NA,NA,NA,NA,NA,NA,NA,NA,NA,NA,NA,NA,NA,NA,NA,NA,NA,NA,NA,NA,NA,NA,NA,NA,NA,NA,NA,NA,NA,NA
702b5,244,NA,trial_sequence,flow.Sequence,1_2_46,NA,NA,NA,NA,completion,1201,234702,234701,234716,235917,235918,2022-04-28T11:18:44.879Z,235934,NA,NA,NA,NA,NA,NA,NA,NA,NA,NA,NA,NA,NA,NA,NA,NA,NA,NA,NA,NA,NA,NA,NA,LUP,NEX,LUP,NEX,3,is meer dan,3,is minder dan,2,3,is meer dan,4,5,is minder dan,4,1,meer dan,5,yes,47,Is,NA,NA,NA,NA,NA,NA,NA,NA,NA,NA,NA,NA,NA,NA,NA,NA,NA,NA,NA,NA,NA,NA,NA,NA,NA,NA,NA,NA,NA,NA,NA,NA,NA,NA,NA,NA,NA,NA
702b5,245,NA,trial,canvas.Screen,1_2_47_0_0,NA,NA,NA,NA,response,5181,235923,235917,235934,241098,241094,2022-04-28T11:18:50.055Z,241133,NA,NA,NA,NA,NA,NA,NA,NA,NA,NA,NA,NA,NA,NA,NA,NA,NA,NA,NA,NA,NA,NA,NA,VUP,WUM,CER,VUP,3,is meer dan,3,is minder dan,2,3,is meer dan,4,5,is minder dan,4,5,minder dan,1,yes,48,Is,TEK,WUM,no,mousedown @no,yes,FALSE,TEK,PUY,CER,PUY,NA,NA,NA,NA,NA,NA,NA,NA,NA,NA,NA,NA,NA,NA,NA,NA,NA,NA,NA,NA,NA,NA,NA,NA,NA,NA,NA,NA
702b5,245,NA,timer,html.Frame,1_2_47_0,NA,NA,NA,NA,NA,5161,235920,235917,235934,241095,241096,2022-04-28T11:18:50.057Z,241133,NA,NA,NA,NA,NA,NA,NA,NA,NA,NA,NA,NA,NA,NA,NA,NA,NA,SOH,FIC,COH,BEH,YOT,NA,LUP,NEX,LUP,NEX,3,is meer dan,3,is minder dan,2,3,is meer dan,4,5,is minder dan,4,5,minder dan,1,yes,48,Is,NA,NA,NA,NA,NA,NA,NA,NA,NA,NA,NA,NA,NA,NA,NA,NA,NA,NA,NA,NA,NA,NA,NA,NA,NA,NA,NA,NA,NA,NA,NA,NA,NA,NA,NA,NA,NA,NA
702b5,245,NA,iti,canvas.Screen,1_2_47_1,NA,NA,NA,NA,timeout,1001,241096,241118,241133,242117,242117,2022-04-28T11:18:51.078Z,242134,NA,NA,NA,NA,NA,NA,NA,NA,NA,NA,NA,NA,NA,NA,NA,NA,NA,NA,NA,NA,NA,NA,NA,LUP,NEX,LUP,NEX,3,is meer dan,3,is minder dan,2,3,is meer dan,4,5,is minder dan,4,5,minder dan,1,yes,48,Is,NA,NA,NA,NA,NA,NA,NA,NA,NA,NA,NA,NA,NA,NA,NA,NA,NA,NA,NA,NA,NA,NA,NA,NA,NA,NA,NA,NA,NA,NA,NA,NA,NA,NA,NA,NA,NA,NA
702b5,245,NA,trial_sequence,flow.Sequence,1_2_47,NA,NA,NA,NA,completion,6183,235918,235917,235934,242117,242118,2022-04-28T11:18:51.079Z,242134,NA,NA,NA,NA,NA,NA,NA,NA,NA,NA,NA,NA,NA,NA,NA,NA,NA,NA,NA,NA,NA,NA,NA,LUP,NEX,LUP,NEX,3,is meer dan,3,is minder dan,2,3,is meer dan,4,5,is minder dan,4,5,minder dan,1,yes,48,Is,NA,NA,NA,NA,NA,NA,NA,NA,NA,NA,NA,NA,NA,NA,NA,NA,NA,NA,NA,NA,NA,NA,NA,NA,NA,NA,NA,NA,NA,NA,NA,NA,NA,NA,NA,NA,NA,NA
702b5,245,NA,trial,canvas.Screen,1_2_48_0_0,NA,NA,NA,NA,response,402,242122,242117,242134,242519,242515,2022-04-28T11:18:51.476Z,242551,NA,NA,NA,NA,NA,NA,NA,NA,NA,NA,NA,NA,NA,NA,NA,NA,NA,NA,NA,NA,NA,NA,NA,SOH,FIC,COH,SOH,4,komt voor,2,komt voor,3,,,,,,,3,voor,1,no,49,Komt,FIC,COH,no,mousedown @no,no,TRUE,NA,NA,NA,NA,NA,NA,NA,NA,NA,NA,NA,NA,NA,NA,NA,NA,NA,NA,NA,NA,NA,NA,NA,NA,NA,NA,NA,NA,NA,NA,NA,NA
702b5,245,NA,timer,html.Frame,1_2_48_0,NA,NA,NA,NA,NA,382,242119,242117,242134,242516,242517,2022-04-28T11:18:51.478Z,242551,NA,NA,NA,NA,NA,NA,NA,NA,NA,NA,NA,NA,NA,NA,NA,NA,NA,COV,FOM,YIQ,WOX,HEV,23,LUP,NEX,LUP,NEX,4,komt voor,2,komt voor,3,,,,,,,3,voor,1,no,49,Komt,NA,NA,NA,NA,NA,NA,NA,NA,NA,NA,NA,NA,NA,NA,NA,NA,NA,NA,NA,NA,NA,NA,NA,NA,NA,NA,NA,NA,NA,NA,NA,NA,NA,NA,NA,NA,NA,NA
702b5,245,NA,iti,canvas.Screen,1_2_48_1,NA,NA,NA,NA,timeout,1000,242517,242535,242551,243534,243534,2022-04-28T11:18:52.495Z,243551,NA,NA,NA,NA,NA,NA,NA,NA,NA,NA,NA,NA,NA,NA,NA,NA,NA,NA,NA,NA,NA,NA,NA,LUP,NEX,LUP,NEX,4,komt voor,2,komt voor,3,,,,,,,3,voor,1,no,49,Komt,NA,NA,NA,NA,NA,NA,NA,NA,NA,NA,NA,NA,NA,NA,NA,NA,NA,NA,NA,NA,NA,NA,NA,NA,NA,NA,NA,NA,NA,NA,NA,NA,NA,NA,NA,NA,NA,NA
702b5,245,NA,trial_sequence,flow.Sequence,1_2_48,NA,NA,NA,NA,completion,1400,242118,242117,242134,243534,243534,2022-04-28T11:18:52.495Z,243551,NA,NA,NA,NA,NA,NA,NA,NA,NA,NA,NA,NA,NA,NA,NA,NA,NA,NA,NA,NA,NA,NA,NA,LUP,NEX,LUP,NEX,4,komt voor,2,komt voor,3,,,,,,,3,voor,1,no,49,Komt,NA,NA,NA,NA,NA,NA,NA,NA,NA,NA,NA,NA,NA,NA,NA,NA,NA,NA,NA,NA,NA,NA,NA,NA,NA,NA,NA,NA,NA,NA,NA,NA,NA,NA,NA,NA,NA,NA
702b5,245,NA,trial,canvas.Screen,1_2_49_0_0,NA,NA,NA,NA,response,242,243538,243534,243551,243776,243771,2022-04-28T11:18:52.733Z,243801,NA,NA,NA,NA,NA,NA,NA,NA,NA,NA,NA,NA,NA,NA,NA,NA,NA,NA,NA,NA,NA,NA,NA,COV,FOM,COV,YIQ,4,komt voor,2,komt voor,3,,,,,,,1,na,3,no,50,Komt,FOM,YIQ,no,mousedown @no,no,TRUE,NA,NA,NA,NA,NA,NA,NA,NA,NA,NA,NA,NA,NA,NA,NA,NA,NA,NA,NA,NA,NA,NA,NA,NA,NA,NA,NA,NA,NA,NA,NA,NA
702b5,245,NA,timer,html.Frame,1_2_49_0,NA,NA,NA,NA,NA,222,243535,243534,243551,243773,243773,2022-04-28T11:18:52.734Z,243801,NA,NA,NA,NA,NA,NA,NA,NA,NA,NA,NA,NA,NA,NA,NA,NA,NA,JAC,VIX,XAN,SIV,NIH,24,LUP,NEX,LUP,NEX,4,komt voor,2,komt voor,3,,,,,,,1,na,3,no,50,Komt,NA,NA,NA,NA,NA,NA,NA,NA,NA,NA,NA,NA,NA,NA,NA,NA,NA,NA,NA,NA,NA,NA,NA,NA,NA,NA,NA,NA,NA,NA,NA,NA,NA,NA,NA,NA,NA,NA
702b5,245,NA,iti,canvas.Screen,1_2_49_1,NA,NA,NA,NA,timeout,1000,243773,243784,243801,244785,244785,2022-04-28T11:18:53.746Z,244801,NA,NA,NA,NA,NA,NA,NA,NA,NA,NA,NA,NA,NA,NA,NA,NA,NA,NA,NA,NA,NA,NA,NA,LUP,NEX,LUP,NEX,4,komt voor,2,komt voor,3,,,,,,,1,na,3,no,50,Komt,NA,NA,NA,NA,NA,NA,NA,NA,NA,NA,NA,NA,NA,NA,NA,NA,NA,NA,NA,NA,NA,NA,NA,NA,NA,NA,NA,NA,NA,NA,NA,NA,NA,NA,NA,NA,NA,NA
702b5,245,NA,trial_sequence,flow.Sequence,1_2_49,NA,NA,NA,NA,completion,1234,243534,243534,243551,244785,244786,2022-04-28T11:18:53.747Z,244801,NA,NA,NA,NA,NA,NA,NA,NA,NA,NA,NA,NA,NA,NA,NA,NA,NA,NA,NA,NA,NA,NA,NA,LUP,NEX,LUP,NEX,4,komt voor,2,komt voor,3,,,,,,,1,na,3,no,50,Komt,NA,NA,NA,NA,NA,NA,NA,NA,NA,NA,NA,NA,NA,NA,NA,NA,NA,NA,NA,NA,NA,NA,NA,NA,NA,NA,NA,NA,NA,NA,NA,NA,NA,NA,NA,NA,NA,NA
702b5,245,NA,trial,canvas.Screen,1_2_50_0_0,NA,NA,NA,NA,response,297,244791,244785,244801,245082,245078,2022-04-28T11:18:54.039Z,245101,NA,NA,NA,NA,NA,NA,NA,NA,NA,NA,NA,NA,NA,NA,NA,NA,NA,NA,NA,NA,NA,NA,NA,JAC,VIX,XAN,JAC,4,komt na,2,komt na,3,,,,,,,3,voor,1,yes,51,Komt,VIX,XAN,no,mousedown @no,yes,FALSE,NA,NA,NA,NA,NA,NA,NA,NA,NA,NA,NA,NA,NA,NA,NA,NA,NA,NA,NA,NA,NA,NA,NA,NA,NA,NA,NA,NA,NA,NA,NA,NA
702b5,245,NA,timer,html.Frame,1_2_50_0,NA,NA,NA,NA,NA,278,244788,244785,244801,245079,245080,2022-04-28T11:18:54.041Z,245101,NA,NA,NA,NA,NA,NA,NA,NA,NA,NA,NA,NA,NA,NA,NA,NA,NA,XEN,JUX,FAL,YAG,WOD,NA,LUP,NEX,LUP,NEX,4,komt na,2,komt na,3,,,,,,,3,voor,1,yes,51,Komt,NA,NA,NA,NA,NA,NA,NA,NA,NA,NA,NA,NA,NA,NA,NA,NA,NA,NA,NA,NA,NA,NA,NA,NA,NA,NA,NA,NA,NA,NA,NA,NA,NA,NA,NA,NA,NA,NA
702b5,245,NA,iti,canvas.Screen,1_2_50_1,NA,NA,NA,NA,timeout,999,245080,245086,245101,246084,246087,2022-04-28T11:18:55.047Z,246100,NA,NA,NA,NA,NA,NA,NA,NA,NA,NA,NA,NA,NA,NA,NA,NA,NA,NA,NA,NA,NA,NA,NA,LUP,NEX,LUP,NEX,4,komt na,2,komt na,3,,,,,,,3,voor,1,yes,51,Komt,NA,NA,NA,NA,NA,NA,NA,NA,NA,NA,NA,NA,NA,NA,NA,NA,NA,NA,NA,NA,NA,NA,NA,NA,NA,NA,NA,NA,NA,NA,NA,NA,NA,NA,NA,NA,NA,NA
702b5,245,NA,trial_sequence,flow.Sequence,1_2_50,NA,NA,NA,NA,completion,1283,244786,244785,244801,246084,246087,2022-04-28T11:18:55.048Z,246100,NA,NA,NA,NA,NA,NA,NA,NA,NA,NA,NA,NA,NA,NA,NA,NA,NA,NA,NA,NA,NA,NA,NA,LUP,NEX,LUP,NEX,4,komt na,2,komt na,3,,,,,,,3,voor,1,yes,51,Komt,NA,NA,NA,NA,NA,NA,NA,NA,NA,NA,NA,NA,NA,NA,NA,NA,NA,NA,NA,NA,NA,NA,NA,NA,NA,NA,NA,NA,NA,NA,NA,NA,NA,NA,NA,NA,NA,NA
702b5,245,NA,trial,canvas.Screen,1_2_51_0_0,NA,NA,NA,NA,response,335,246091,246084,246100,246419,246415,2022-04-28T11:18:55.376Z,246435,NA,NA,NA,NA,NA,NA,NA,NA,NA,NA,NA,NA,NA,NA,NA,NA,NA,NA,NA,NA,NA,NA,NA,XEN,JUX,XEN,FAL,4,komt na,2,komt na,3,,,,,,,1,na,3,yes,52,Komt,JUX,FAL,no,mousedown @no,yes,FALSE,NA,NA,NA,NA,NA,NA,NA,NA,NA,NA,NA,NA,NA,NA,NA,NA,NA,NA,NA,NA,NA,NA,NA,NA,NA,NA,NA,NA,NA,NA,NA,NA
702b5,245,NA,timer,html.Frame,1_2_51_0,NA,NA,NA,NA,NA,317,246088,246084,246100,246417,246417,2022-04-28T11:18:55.378Z,246435,NA,NA,NA,NA,NA,NA,NA,NA,NA,NA,NA,NA,NA,NA,NA,NA,NA,MEY,YEL,GUJ,WOV,NOZ,NA,LUP,NEX,LUP,NEX,4,komt na,2,komt na,3,,,,,,,1,na,3,yes,52,Komt,NA,NA,NA,NA,NA,NA,NA,NA,NA,NA,NA,NA,NA,NA,NA,NA,NA,NA,NA,NA,NA,NA,NA,NA,NA,NA,NA,NA,NA,NA,NA,NA,NA,NA,NA,NA,NA,NA
702b5,245,NA,iti,canvas.Screen,1_2_51_1,NA,NA,NA,NA,timeout,1000,246417,246422,246435,247417,247418,2022-04-28T11:18:56.379Z,247435,NA,NA,NA,NA,NA,NA,NA,NA,NA,NA,NA,NA,NA,NA,NA,NA,NA,NA,NA,NA,NA,NA,NA,LUP,NEX,LUP,NEX,4,komt na,2,komt na,3,,,,,,,1,na,3,yes,52,Komt,NA,NA,NA,NA,NA,NA,NA,NA,NA,NA,NA,NA,NA,NA,NA,NA,NA,NA,NA,NA,NA,NA,NA,NA,NA,NA,NA,NA,NA,NA,NA,NA,NA,NA,NA,NA,NA,NA
702b5,245,NA,trial_sequence,flow.Sequence,1_2_51,NA,NA,NA,NA,completion,1317,246087,246084,246100,247417,247418,2022-04-28T11:18:56.379Z,247435,NA,NA,NA,NA,NA,NA,NA,NA,NA,NA,NA,NA,NA,NA,NA,NA,NA,NA,NA,NA,NA,NA,NA,LUP,NEX,LUP,NEX,4,komt na,2,komt na,3,,,,,,,1,na,3,yes,52,Komt,NA,NA,NA,NA,NA,NA,NA,NA,NA,NA,NA,NA,NA,NA,NA,NA,NA,NA,NA,NA,NA,NA,NA,NA,NA,NA,NA,NA,NA,NA,NA,NA,NA,NA,NA,NA,NA,NA
702b5,245,NA,trial,canvas.Screen,1_2_52_0_0,NA,NA,NA,NA,response,276,247424,247417,247435,247693,247688,2022-04-28T11:18:56.649Z,247717,NA,NA,NA,NA,NA,NA,NA,NA,NA,NA,NA,NA,NA,NA,NA,NA,NA,NA,NA,NA,NA,NA,NA,MEY,YEL,GUJ,MEY,4,komt na,3,komt voor,2,,,,,,,3,voor,1,yes,53,Komt,GUJ,YEL,no,mousedown @no,yes,FALSE,NA,NA,NA,NA,NA,NA,NA,NA,NA,NA,NA,NA,NA,NA,NA,NA,NA,NA,NA,NA,NA,NA,NA,NA,NA,NA,NA,NA,NA,NA,NA,NA
702b5,245,NA,timer,html.Frame,1_2_52_0,NA,NA,NA,NA,NA,255,247420,247417,247435,247690,247690,2022-04-28T11:18:56.651Z,247717,NA,NA,NA,NA,NA,NA,NA,NA,NA,NA,NA,NA,NA,NA,NA,NA,NA,VEW,SOG,BUJ,XOM,KAJ,NA,LUP,NEX,LUP,NEX,4,komt na,3,komt voor,2,,,,,,,3,voor,1,yes,53,Komt,NA,NA,NA,NA,NA,NA,NA,NA,NA,NA,NA,NA,NA,NA,NA,NA,NA,NA,NA,NA,NA,NA,NA,NA,NA,NA,NA,NA,NA,NA,NA,NA,NA,NA,NA,NA,NA,NA
702b5,245,NA,iti,canvas.Screen,1_2_52_1,NA,NA,NA,NA,timeout,1001,247690,247701,247717,248702,248702,2022-04-28T11:18:57.663Z,248718,NA,NA,NA,NA,NA,NA,NA,NA,NA,NA,NA,NA,NA,NA,NA,NA,NA,NA,NA,NA,NA,NA,NA,LUP,NEX,LUP,NEX,4,komt na,3,komt voor,2,,,,,,,3,voor,1,yes,53,Komt,NA,NA,NA,NA,NA,NA,NA,NA,NA,NA,NA,NA,NA,NA,NA,NA,NA,NA,NA,NA,NA,NA,NA,NA,NA,NA,NA,NA,NA,NA,NA,NA,NA,NA,NA,NA,NA,NA
702b5,245,NA,trial_sequence,flow.Sequence,1_2_52,NA,NA,NA,NA,completion,1267,247419,247417,247435,248702,248703,2022-04-28T11:18:57.664Z,248718,NA,NA,NA,NA,NA,NA,NA,NA,NA,NA,NA,NA,NA,NA,NA,NA,NA,NA,NA,NA,NA,NA,NA,LUP,NEX,LUP,NEX,4,komt na,3,komt voor,2,,,,,,,3,voor,1,yes,53,Komt,NA,NA,NA,NA,NA,NA,NA,NA,NA,NA,NA,NA,NA,NA,NA,NA,NA,NA,NA,NA,NA,NA,NA,NA,NA,NA,NA,NA,NA,NA,NA,NA,NA,NA,NA,NA,NA,NA
702b5,245,NA,trial,canvas.Screen,1_2_53_0_0,NA,NA,NA,NA,response,368,248707,248702,248718,249070,249065,2022-04-28T11:18:58.026Z,249085,NA,NA,NA,NA,NA,NA,NA,NA,NA,NA,NA,NA,NA,NA,NA,NA,NA,NA,NA,NA,NA,NA,NA,VEW,SOG,VEW,BUJ,4,komt na,3,komt voor,2,,,,,,,1,na,3,yes,54,Komt,BUJ,SOG,no,mousedown @no,yes,FALSE,NA,NA,NA,NA,NA,NA,NA,NA,NA,NA,NA,NA,NA,NA,NA,NA,NA,NA,NA,NA,NA,NA,NA,NA,NA,NA,NA,NA,NA,NA,NA,NA
702b5,245,NA,timer,html.Frame,1_2_53_0,NA,NA,NA,NA,NA,349,248704,248702,248718,249067,249067,2022-04-28T11:18:58.028Z,249085,NA,NA,NA,NA,NA,NA,NA,NA,NA,NA,NA,NA,NA,NA,NA,NA,NA,MOH,VUC,DOD,PUX,KOW,NA,LUP,NEX,LUP,NEX,4,komt na,3,komt voor,2,,,,,,,1,na,3,yes,54,Komt,NA,NA,NA,NA,NA,NA,NA,NA,NA,NA,NA,NA,NA,NA,NA,NA,NA,NA,NA,NA,NA,NA,NA,NA,NA,NA,NA,NA,NA,NA,NA,NA,NA,NA,NA,NA,NA,NA
702b5,245,NA,iti,canvas.Screen,1_2_53_1,NA,NA,NA,NA,timeout,1000,249067,249072,249085,250067,250068,2022-04-28T11:18:59.029Z,250085,NA,NA,NA,NA,NA,NA,NA,NA,NA,NA,NA,NA,NA,NA,NA,NA,NA,NA,NA,NA,NA,NA,NA,LUP,NEX,LUP,NEX,4,komt na,3,komt voor,2,,,,,,,1,na,3,yes,54,Komt,NA,NA,NA,NA,NA,NA,NA,NA,NA,NA,NA,NA,NA,NA,NA,NA,NA,NA,NA,NA,NA,NA,NA,NA,NA,NA,NA,NA,NA,NA,NA,NA,NA,NA,NA,NA,NA,NA
702b5,245,NA,trial_sequence,flow.Sequence,1_2_53,NA,NA,NA,NA,completion,1349,248703,248702,248718,250067,250068,2022-04-28T11:18:59.029Z,250085,NA,NA,NA,NA,NA,NA,NA,NA,NA,NA,NA,NA,NA,NA,NA,NA,NA,NA,NA,NA,NA,NA,NA,LUP,NEX,LUP,NEX,4,komt na,3,komt voor,2,,,,,,,1,na,3,yes,54,Komt,NA,NA,NA,NA,NA,NA,NA,NA,NA,NA,NA,NA,NA,NA,NA,NA,NA,NA,NA,NA,NA,NA,NA,NA,NA,NA,NA,NA,NA,NA,NA,NA,NA,NA,NA,NA,NA,NA
702b5,245,NA,trial,canvas.Screen,1_2_54_0_0,NA,NA,NA,NA,response,381,250073,250067,250085,250448,250443,2022-04-28T11:18:59.404Z,250485,NA,NA,NA,NA,NA,NA,NA,NA,NA,NA,NA,NA,NA,NA,NA,NA,NA,NA,NA,NA,NA,NA,NA,MOH,VUC,PUX,MOH,4,komt voor,3,komt na,2,3,komt voor,4,,,,4,voor,1,no,55,Komt,DOD,VUC,no,mousedown @no,no,TRUE,DOD,PUX,NA,NA,NA,NA,NA,NA,NA,NA,NA,NA,NA,NA,NA,NA,NA,NA,NA,NA,NA,NA,NA,NA,NA,NA,NA,NA,NA,NA,NA,NA
702b5,245,NA,timer,html.Frame,1_2_54_0,NA,NA,NA,NA,NA,360,250070,250067,250085,250445,250445,2022-04-28T11:18:59.406Z,250485,NA,NA,NA,NA,NA,NA,NA,NA,NA,NA,NA,NA,NA,NA,NA,NA,NA,LIM,YAB,MIV,QEV,GUR,25,LUP,NEX,LUP,NEX,4,komt voor,3,komt na,2,3,komt voor,4,,,,4,voor,1,no,55,Komt,NA,NA,NA,NA,NA,NA,NA,NA,NA,NA,NA,NA,NA,NA,NA,NA,NA,NA,NA,NA,NA,NA,NA,NA,NA,NA,NA,NA,NA,NA,NA,NA,NA,NA,NA,NA,NA,NA
702b5,245,NA,iti,canvas.Screen,1_2_54_1,NA,NA,NA,NA,timeout,1000,250445,250468,250485,251469,251469,2022-04-28T11:19:00.430Z,251485,NA,NA,NA,NA,NA,NA,NA,NA,NA,NA,NA,NA,NA,NA,NA,NA,NA,NA,NA,NA,NA,NA,NA,LUP,NEX,LUP,NEX,4,komt voor,3,komt na,2,3,komt voor,4,,,,4,voor,1,no,55,Komt,NA,NA,NA,NA,NA,NA,NA,NA,NA,NA,NA,NA,NA,NA,NA,NA,NA,NA,NA,NA,NA,NA,NA,NA,NA,NA,NA,NA,NA,NA,NA,NA,NA,NA,NA,NA,NA,NA
702b5,245,NA,trial_sequence,flow.Sequence,1_2_54,NA,NA,NA,NA,completion,1384,250069,250067,250085,251469,251470,2022-04-28T11:19:00.430Z,251485,NA,NA,NA,NA,NA,NA,NA,NA,NA,NA,NA,NA,NA,NA,NA,NA,NA,NA,NA,NA,NA,NA,NA,LUP,NEX,LUP,NEX,4,komt voor,3,komt na,2,3,komt voor,4,,,,4,voor,1,no,55,Komt,NA,NA,NA,NA,NA,NA,NA,NA,NA,NA,NA,NA,NA,NA,NA,NA,NA,NA,NA,NA,NA,NA,NA,NA,NA,NA,NA,NA,NA,NA,NA,NA,NA,NA,NA,NA,NA,NA
702b5,245,NA,trial,canvas.Screen,1_2_55_0_0,NA,NA,NA,NA,response,340,251475,251469,251485,251809,251805,2022-04-28T11:19:00.766Z,251834,NA,NA,NA,NA,NA,NA,NA,NA,NA,NA,NA,NA,NA,NA,NA,NA,NA,NA,NA,NA,NA,NA,NA,LIM,YAB,LIM,QEV,4,komt voor,3,komt na,2,3,komt voor,4,,,,1,na,4,no,56,Komt,MIV,YAB,no,mousedown @no,no,TRUE,MIV,QEV,NA,NA,NA,NA,NA,NA,NA,NA,NA,NA,NA,NA,NA,NA,NA,NA,NA,NA,NA,NA,NA,NA,NA,NA,NA,NA,NA,NA,NA,NA
702b5,245,NA,timer,html.Frame,1_2_55_0,NA,NA,NA,NA,NA,321,251471,251469,251485,251806,251807,2022-04-28T11:19:00.767Z,251834,NA,NA,NA,NA,NA,NA,NA,NA,NA,NA,NA,NA,NA,NA,NA,NA,NA,XIW,YIV,VEB,VUF,KEL,26,LUP,NEX,LUP,NEX,4,komt voor,3,komt na,2,3,komt voor,4,,,,1,na,4,no,56,Komt,NA,NA,NA,NA,NA,NA,NA,NA,NA,NA,NA,NA,NA,NA,NA,NA,NA,NA,NA,NA,NA,NA,NA,NA,NA,NA,NA,NA,NA,NA,NA,NA,NA,NA,NA,NA,NA,NA
702b5,245,NA,iti,canvas.Screen,1_2_55_1,NA,NA,NA,NA,timeout,1001,251807,251817,251834,252819,252819,2022-04-28T11:19:01.780Z,252835,NA,NA,NA,NA,NA,NA,NA,NA,NA,NA,NA,NA,NA,NA,NA,NA,NA,NA,NA,NA,NA,NA,NA,LUP,NEX,LUP,NEX,4,komt voor,3,komt na,2,3,komt voor,4,,,,1,na,4,no,56,Komt,NA,NA,NA,NA,NA,NA,NA,NA,NA,NA,NA,NA,NA,NA,NA,NA,NA,NA,NA,NA,NA,NA,NA,NA,NA,NA,NA,NA,NA,NA,NA,NA,NA,NA,NA,NA,NA,NA
702b5,245,NA,trial_sequence,flow.Sequence,1_2_55,NA,NA,NA,NA,completion,1334,251470,251469,251485,252819,252820,2022-04-28T11:19:01.781Z,252835,NA,NA,NA,NA,NA,NA,NA,NA,NA,NA,NA,NA,NA,NA,NA,NA,NA,NA,NA,NA,NA,NA,NA,LUP,NEX,LUP,NEX,4,komt voor,3,komt na,2,3,komt voor,4,,,,1,na,4,no,56,Komt,NA,NA,NA,NA,NA,NA,NA,NA,NA,NA,NA,NA,NA,NA,NA,NA,NA,NA,NA,NA,NA,NA,NA,NA,NA,NA,NA,NA,NA,NA,NA,NA,NA,NA,NA,NA,NA,NA
702b5,245,NA,trial,canvas.Screen,1_2_56_0_0,NA,NA,NA,NA,response,432,252824,252819,252835,253251,253246,2022-04-28T11:19:02.207Z,253285,NA,NA,NA,NA,NA,NA,NA,NA,NA,NA,NA,NA,NA,NA,NA,NA,NA,NA,NA,NA,NA,NA,NA,XIW,YIV,VUF,XIW,4,komt na,2,komt na,3,4,komt voor,3,,,,4,voor,1,yes,57,Komt,YIV,VEB,no,mousedown @no,yes,FALSE,VUF,VEB,NA,NA,NA,NA,NA,NA,NA,NA,NA,NA,NA,NA,NA,NA,NA,NA,NA,NA,NA,NA,NA,NA,NA,NA,NA,NA,NA,NA,NA,NA
702b5,245,NA,timer,html.Frame,1_2_56_0,NA,NA,NA,NA,NA,413.000000000029,252821,252819,252835,253248,253248,2022-04-28T11:19:02.209Z,253285,NA,NA,NA,NA,NA,NA,NA,NA,NA,NA,NA,NA,NA,NA,NA,NA,NA,VUH,TEQ,QOW,CIR,FEG,NA,LUP,NEX,LUP,NEX,4,komt na,2,komt na,3,4,komt voor,3,,,,4,voor,1,yes,57,Komt,NA,NA,NA,NA,NA,NA,NA,NA,NA,NA,NA,NA,NA,NA,NA,NA,NA,NA,NA,NA,NA,NA,NA,NA,NA,NA,NA,NA,NA,NA,NA,NA,NA,NA,NA,NA,NA,NA
702b5,245,NA,iti,canvas.Screen,1_2_56_1,NA,NA,NA,NA,timeout,1000,253248,253268,253285,254268,254271,2022-04-28T11:19:03.232Z,254285,NA,NA,NA,NA,NA,NA,NA,NA,NA,NA,NA,NA,NA,NA,NA,NA,NA,NA,NA,NA,NA,NA,NA,LUP,NEX,LUP,NEX,4,komt na,2,komt na,3,4,komt voor,3,,,,4,voor,1,yes,57,Komt,NA,NA,NA,NA,NA,NA,NA,NA,NA,NA,NA,NA,NA,NA,NA,NA,NA,NA,NA,NA,NA,NA,NA,NA,NA,NA,NA,NA,NA,NA,NA,NA,NA,NA,NA,NA,NA,NA
702b5,245,NA,trial_sequence,flow.Sequence,1_2_56,NA,NA,NA,NA,completion,1433,252820,252819,252835,254268,254272,2022-04-28T11:19:03.232Z,254285,NA,NA,NA,NA,NA,NA,NA,NA,NA,NA,NA,NA,NA,NA,NA,NA,NA,NA,NA,NA,NA,NA,NA,LUP,NEX,LUP,NEX,4,komt na,2,komt na,3,4,komt voor,3,,,,4,voor,1,yes,57,Komt,NA,NA,NA,NA,NA,NA,NA,NA,NA,NA,NA,NA,NA,NA,NA,NA,NA,NA,NA,NA,NA,NA,NA,NA,NA,NA,NA,NA,NA,NA,NA,NA,NA,NA,NA,NA,NA,NA
702b5,245,NA,trial,canvas.Screen,1_2_57_0_0,NA,NA,NA,NA,response,456.000000000029,254277,254268,254285,254724,254719,2022-04-28T11:19:03.680Z,254752,NA,NA,NA,NA,NA,NA,NA,NA,NA,NA,NA,NA,NA,NA,NA,NA,NA,NA,NA,NA,NA,NA,NA,VUH,TEQ,VUH,CIR,4,komt na,2,komt na,3,4,komt voor,3,,,,1,na,4,yes,58,Komt,TEQ,QOW,no,mousedown @no,yes,FALSE,CIR,QOW,NA,NA,NA,NA,NA,NA,NA,NA,NA,NA,NA,NA,NA,NA,NA,NA,NA,NA,NA,NA,NA,NA,NA,NA,NA,NA,NA,NA,NA,NA
702b5,245,NA,timer,html.Frame,1_2_57_0,NA,NA,NA,NA,NA,436,254273,254268,254285,254721,254721,2022-04-28T11:19:03.682Z,254752,NA,NA,NA,NA,NA,NA,NA,NA,NA,NA,NA,NA,NA,NA,NA,NA,NA,GUK,QUJ,KEZ,BIW,KIX,NA,LUP,NEX,LUP,NEX,4,komt na,2,komt na,3,4,komt voor,3,,,,1,na,4,yes,58,Komt,NA,NA,NA,NA,NA,NA,NA,NA,NA,NA,NA,NA,NA,NA,NA,NA,NA,NA,NA,NA,NA,NA,NA,NA,NA,NA,NA,NA,NA,NA,NA,NA,NA,NA,NA,NA,NA,NA
702b5,245,NA,iti,canvas.Screen,1_2_57_1,NA,NA,NA,NA,timeout,1000,254721,254735,254752,255735,255736,2022-04-28T11:19:04.697Z,255752,NA,NA,NA,NA,NA,NA,NA,NA,NA,NA,NA,NA,NA,NA,NA,NA,NA,NA,NA,NA,NA,NA,NA,LUP,NEX,LUP,NEX,4,komt na,2,komt na,3,4,komt voor,3,,,,1,na,4,yes,58,Komt,NA,NA,NA,NA,NA,NA,NA,NA,NA,NA,NA,NA,NA,NA,NA,NA,NA,NA,NA,NA,NA,NA,NA,NA,NA,NA,NA,NA,NA,NA,NA,NA,NA,NA,NA,NA,NA,NA
702b5,245,NA,trial_sequence,flow.Sequence,1_2_57,NA,NA,NA,NA,completion,1450,254272,254268,254285,255735,255736,2022-04-28T11:19:04.697Z,255752,NA,NA,NA,NA,NA,NA,NA,NA,NA,NA,NA,NA,NA,NA,NA,NA,NA,NA,NA,NA,NA,NA,NA,LUP,NEX,LUP,NEX,4,komt na,2,komt na,3,4,komt voor,3,,,,1,na,4,yes,58,Komt,NA,NA,NA,NA,NA,NA,NA,NA,NA,NA,NA,NA,NA,NA,NA,NA,NA,NA,NA,NA,NA,NA,NA,NA,NA,NA,NA,NA,NA,NA,NA,NA,NA,NA,NA,NA,NA,NA
702b5,245,NA,trial,canvas.Screen,1_2_58_0_0,NA,NA,NA,NA,response,294,255741,255735,255752,256029,256024,2022-04-28T11:19:04.985Z,256052,NA,NA,NA,NA,NA,NA,NA,NA,NA,NA,NA,NA,NA,NA,NA,NA,NA,NA,NA,NA,NA,NA,NA,GUK,QUJ,BIW,GUK,4,komt na,3,komt voor,2,3,komt na,4,,,,4,voor,1,yes,59,Komt,KEZ,QUJ,no,mousedown @no,yes,FALSE,KEZ,BIW,NA,NA,NA,NA,NA,NA,NA,NA,NA,NA,NA,NA,NA,NA,NA,NA,NA,NA,NA,NA,NA,NA,NA,NA,NA,NA,NA,NA,NA,NA
702b5,245,NA,timer,html.Frame,1_2_58_0,NA,NA,NA,NA,NA,272.999999999971,255738,255735,255752,256025,256025,2022-04-28T11:19:04.986Z,256052,NA,NA,NA,NA,NA,NA,NA,NA,NA,NA,NA,NA,NA,NA,NA,NA,NA,YAS,MIZ,YEQ,SEF,FAF,NA,LUP,NEX,LUP,NEX,4,komt na,3,komt voor,2,3,komt na,4,,,,4,voor,1,yes,59,Komt,NA,NA,NA,NA,NA,NA,NA,NA,NA,NA,NA,NA,NA,NA,NA,NA,NA,NA,NA,NA,NA,NA,NA,NA,NA,NA,NA,NA,NA,NA,NA,NA,NA,NA,NA,NA,NA,NA
702b5,245,NA,iti,canvas.Screen,1_2_58_1,NA,NA,NA,NA,timeout,1000,256025,256035,256052,257036,257036,2022-04-28T11:19:05.997Z,257052,NA,NA,NA,NA,NA,NA,NA,NA,NA,NA,NA,NA,NA,NA,NA,NA,NA,NA,NA,NA,NA,NA,NA,LUP,NEX,LUP,NEX,4,komt na,3,komt voor,2,3,komt na,4,,,,4,voor,1,yes,59,Komt,NA,NA,NA,NA,NA,NA,NA,NA,NA,NA,NA,NA,NA,NA,NA,NA,NA,NA,NA,NA,NA,NA,NA,NA,NA,NA,NA,NA,NA,NA,NA,NA,NA,NA,NA,NA,NA,NA
702b5,245,NA,trial_sequence,flow.Sequence,1_2_58,NA,NA,NA,NA,completion,1284,255736,255735,255752,257036,257037,2022-04-28T11:19:05.998Z,257052,NA,NA,NA,NA,NA,NA,NA,NA,NA,NA,NA,NA,NA,NA,NA,NA,NA,NA,NA,NA,NA,NA,NA,LUP,NEX,LUP,NEX,4,komt na,3,komt voor,2,3,komt na,4,,,,4,voor,1,yes,59,Komt,NA,NA,NA,NA,NA,NA,NA,NA,NA,NA,NA,NA,NA,NA,NA,NA,NA,NA,NA,NA,NA,NA,NA,NA,NA,NA,NA,NA,NA,NA,NA,NA,NA,NA,NA,NA,NA,NA
702b5,245,NA,trial,canvas.Screen,1_2_59_0_0,NA,NA,NA,NA,response,338.000000000029,257042,257036,257052,257374,257369,2022-04-28T11:19:06.330Z,257402,NA,NA,NA,NA,NA,NA,NA,NA,NA,NA,NA,NA,NA,NA,NA,NA,NA,NA,NA,NA,NA,NA,NA,YAS,MIZ,YAS,SEF,4,komt na,3,komt voor,2,3,komt na,4,,,,1,na,4,yes,60,Komt,YEQ,MIZ,no,mousedown @no,yes,FALSE,YEQ,SEF,NA,NA,NA,NA,NA,NA,NA,NA,NA,NA,NA,NA,NA,NA,NA,NA,NA,NA,NA,NA,NA,NA,NA,NA,NA,NA,NA,NA,NA,NA
702b5,245,NA,timer,html.Frame,1_2_59_0,NA,NA,NA,NA,NA,318.999999999971,257039,257036,257052,257371,257371,2022-04-28T11:19:06.332Z,257402,NA,NA,NA,NA,NA,NA,NA,NA,NA,NA,NA,NA,NA,NA,NA,NA,NA,NEZ,VOG,QUM,SUH,SIZ,NA,LUP,NEX,LUP,NEX,4,komt na,3,komt voor,2,3,komt na,4,,,,1,na,4,yes,60,Komt,NA,NA,NA,NA,NA,NA,NA,NA,NA,NA,NA,NA,NA,NA,NA,NA,NA,NA,NA,NA,NA,NA,NA,NA,NA,NA,NA,NA,NA,NA,NA,NA,NA,NA,NA,NA,NA,NA
702b5,245,NA,iti,canvas.Screen,1_2_59_1,NA,NA,NA,NA,timeout,1000,257371,257385,257402,258386,258386,2022-04-28T11:19:07.347Z,258402,NA,NA,NA,NA,NA,NA,NA,NA,NA,NA,NA,NA,NA,NA,NA,NA,NA,NA,NA,NA,NA,NA,NA,LUP,NEX,LUP,NEX,4,komt na,3,komt voor,2,3,komt na,4,,,,1,na,4,yes,60,Komt,NA,NA,NA,NA,NA,NA,NA,NA,NA,NA,NA,NA,NA,NA,NA,NA,NA,NA,NA,NA,NA,NA,NA,NA,NA,NA,NA,NA,NA,NA,NA,NA,NA,NA,NA,NA,NA,NA
702b5,245,NA,trial_sequence,flow.Sequence,1_2_59,NA,NA,NA,NA,completion,1334,257037,257036,257052,258386,258387,2022-04-28T11:19:07.347Z,258402,NA,NA,NA,NA,NA,NA,NA,NA,NA,NA,NA,NA,NA,NA,NA,NA,NA,NA,NA,NA,NA,NA,NA,LUP,NEX,LUP,NEX,4,komt na,3,komt voor,2,3,komt na,4,,,,1,na,4,yes,60,Komt,NA,NA,NA,NA,NA,NA,NA,NA,NA,NA,NA,NA,NA,NA,NA,NA,NA,NA,NA,NA,NA,NA,NA,NA,NA,NA,NA,NA,NA,NA,NA,NA,NA,NA,NA,NA,NA,NA
702b5,246,NA,trial,canvas.Screen,1_2_60_0_0,NA,NA,NA,NA,response,4164,258391,258386,258402,262550,262545,2022-04-28T11:19:11.505Z,262585,NA,NA,NA,NA,NA,NA,NA,NA,NA,NA,NA,NA,NA,NA,NA,NA,NA,NA,NA,NA,NA,NA,NA,NEZ,VOG,SIZ,NEZ,4,komt na,3,komt voor,2,3,komt na,4,5,komt voor,4,5,voor,1,yes,61,Komt,QUM,VOG,no,mousedown @no,yes,FALSE,QUM,SUH,SIZ,SUH,NA,NA,NA,NA,NA,NA,NA,NA,NA,NA,NA,NA,NA,NA,NA,NA,NA,NA,NA,NA,NA,NA,NA,NA,NA,NA,NA,NA
702b5,246,NA,timer,html.Frame,1_2_60_0,NA,NA,NA,NA,NA,4144,258388,258386,258402,262546,262546,2022-04-28T11:19:11.507Z,262585,NA,NA,NA,NA,NA,NA,NA,NA,NA,NA,NA,NA,NA,NA,NA,NA,NA,MEH,GEW,VEM,HUV,TOQ,NA,LUP,NEX,LUP,NEX,4,komt na,3,komt voor,2,3,komt na,4,5,komt voor,4,5,voor,1,yes,61,Komt,NA,NA,NA,NA,NA,NA,NA,NA,NA,NA,NA,NA,NA,NA,NA,NA,NA,NA,NA,NA,NA,NA,NA,NA,NA,NA,NA,NA,NA,NA,NA,NA,NA,NA,NA,NA,NA,NA
702b5,246,NA,iti,canvas.Screen,1_2_60_1,NA,NA,NA,NA,timeout,1000,262546,262568,262585,263569,263570,2022-04-28T11:19:12.530Z,263585,NA,NA,NA,NA,NA,NA,NA,NA,NA,NA,NA,NA,NA,NA,NA,NA,NA,NA,NA,NA,NA,NA,NA,LUP,NEX,LUP,NEX,4,komt na,3,komt voor,2,3,komt na,4,5,komt voor,4,5,voor,1,yes,61,Komt,NA,NA,NA,NA,NA,NA,NA,NA,NA,NA,NA,NA,NA,NA,NA,NA,NA,NA,NA,NA,NA,NA,NA,NA,NA,NA,NA,NA,NA,NA,NA,NA,NA,NA,NA,NA,NA,NA
702b5,246,NA,trial_sequence,flow.Sequence,1_2_60,NA,NA,NA,NA,completion,5167,258387,258386,258402,263569,263570,2022-04-28T11:19:12.531Z,263585,NA,NA,NA,NA,NA,NA,NA,NA,NA,NA,NA,NA,NA,NA,NA,NA,NA,NA,NA,NA,NA,NA,NA,LUP,NEX,LUP,NEX,4,komt na,3,komt voor,2,3,komt na,4,5,komt voor,4,5,voor,1,yes,61,Komt,NA,NA,NA,NA,NA,NA,NA,NA,NA,NA,NA,NA,NA,NA,NA,NA,NA,NA,NA,NA,NA,NA,NA,NA,NA,NA,NA,NA,NA,NA,NA,NA,NA,NA,NA,NA,NA,NA
702b5,246,NA,trial,canvas.Screen,1_2_61_0_0,NA,NA,NA,NA,response,518,263574,263569,263585,264087,264085,2022-04-28T11:19:13.045Z,264118,NA,NA,NA,NA,NA,NA,NA,NA,NA,NA,NA,NA,NA,NA,NA,NA,NA,NA,NA,NA,NA,NA,NA,MEH,GEW,MEH,TOQ,4,komt na,3,komt voor,2,3,komt na,4,5,komt voor,4,1,na,5,yes,62,Komt,VEM,GEW,no,mousedown @no,yes,FALSE,VEM,HUV,TOQ,HUV,NA,NA,NA,NA,NA,NA,NA,NA,NA,NA,NA,NA,NA,NA,NA,NA,NA,NA,NA,NA,NA,NA,NA,NA,NA,NA,NA,NA
702b5,246,NA,timer,html.Frame,1_2_61_0,NA,NA,NA,NA,NA,501,263571,263569,263585,264086,264086,2022-04-28T11:19:13.047Z,264118,NA,NA,NA,NA,NA,NA,NA,NA,NA,NA,NA,NA,NA,NA,NA,NA,NA,DIL,CEH,GOS,XEZ,DAQ,NA,LUP,NEX,LUP,NEX,4,komt na,3,komt voor,2,3,komt na,4,5,komt voor,4,1,na,5,yes,62,Komt,NA,NA,NA,NA,NA,NA,NA,NA,NA,NA,NA,NA,NA,NA,NA,NA,NA,NA,NA,NA,NA,NA,NA,NA,NA,NA,NA,NA,NA,NA,NA,NA,NA,NA,NA,NA,NA,NA
702b5,246,NA,iti,canvas.Screen,1_2_61_1,NA,NA,NA,NA,timeout,1005,264086,264103,264118,265102,265103,2022-04-28T11:19:14.063Z,265123,NA,NA,NA,NA,NA,NA,NA,NA,NA,NA,NA,NA,NA,NA,NA,NA,NA,NA,NA,NA,NA,NA,NA,LUP,NEX,LUP,NEX,4,komt na,3,komt voor,2,3,komt na,4,5,komt voor,4,1,na,5,yes,62,Komt,NA,NA,NA,NA,NA,NA,NA,NA,NA,NA,NA,NA,NA,NA,NA,NA,NA,NA,NA,NA,NA,NA,NA,NA,NA,NA,NA,NA,NA,NA,NA,NA,NA,NA,NA,NA,NA,NA
702b5,246,NA,trial_sequence,flow.Sequence,1_2_61,NA,NA,NA,NA,completion,1517,263570,263569,263585,265102,265103,2022-04-28T11:19:14.064Z,265123,NA,NA,NA,NA,NA,NA,NA,NA,NA,NA,NA,NA,NA,NA,NA,NA,NA,NA,NA,NA,NA,NA,NA,LUP,NEX,LUP,NEX,4,komt na,3,komt voor,2,3,komt na,4,5,komt voor,4,1,na,5,yes,62,Komt,NA,NA,NA,NA,NA,NA,NA,NA,NA,NA,NA,NA,NA,NA,NA,NA,NA,NA,NA,NA,NA,NA,NA,NA,NA,NA,NA,NA,NA,NA,NA,NA,NA,NA,NA,NA,NA,NA
702b5,246,NA,trial,canvas.Screen,1_2_62_0_0,NA,NA,NA,NA,response,298,265114,265102,265123,265400,265395,2022-04-28T11:19:14.356Z,265418,NA,NA,NA,NA,NA,NA,NA,NA,NA,NA,NA,NA,NA,NA,NA,NA,NA,NA,NA,NA,NA,NA,NA,DIL,CEH,DAQ,DIL,4,komt voor,3,komt na,2,3,komt voor,4,5,komt na,4,5,voor,1,no,63,Komt,GOS,CEH,no,mousedown @no,no,TRUE,GOS,XEZ,DAQ,XEZ,NA,NA,NA,NA,NA,NA,NA,NA,NA,NA,NA,NA,NA,NA,NA,NA,NA,NA,NA,NA,NA,NA,NA,NA,NA,NA,NA,NA
702b5,246,NA,timer,html.Frame,1_2_62_0,NA,NA,NA,NA,NA,274,265109,265102,265123,265397,265397,2022-04-28T11:19:14.358Z,265418,NA,NA,NA,NA,NA,NA,NA,NA,NA,NA,NA,NA,NA,NA,NA,NA,NA,LAJ,LUD,JEX,DEG,KIJ,27,LUP,NEX,LUP,NEX,4,komt voor,3,komt na,2,3,komt voor,4,5,komt na,4,5,voor,1,no,63,Komt,NA,NA,NA,NA,NA,NA,NA,NA,NA,NA,NA,NA,NA,NA,NA,NA,NA,NA,NA,NA,NA,NA,NA,NA,NA,NA,NA,NA,NA,NA,NA,NA,NA,NA,NA,NA,NA,NA
702b5,246,NA,iti,canvas.Screen,1_2_62_1,NA,NA,NA,NA,timeout,1000,265397,265403,265418,266402,266403,2022-04-28T11:19:15.364Z,266418,NA,NA,NA,NA,NA,NA,NA,NA,NA,NA,NA,NA,NA,NA,NA,NA,NA,NA,NA,NA,NA,NA,NA,LUP,NEX,LUP,NEX,4,komt voor,3,komt na,2,3,komt voor,4,5,komt na,4,5,voor,1,no,63,Komt,NA,NA,NA,NA,NA,NA,NA,NA,NA,NA,NA,NA,NA,NA,NA,NA,NA,NA,NA,NA,NA,NA,NA,NA,NA,NA,NA,NA,NA,NA,NA,NA,NA,NA,NA,NA,NA,NA
702b5,246,NA,trial_sequence,flow.Sequence,1_2_62,NA,NA,NA,NA,completion,1279,265103,265102,265123,266402,266404,2022-04-28T11:19:15.364Z,266418,NA,NA,NA,NA,NA,NA,NA,NA,NA,NA,NA,NA,NA,NA,NA,NA,NA,NA,NA,NA,NA,NA,NA,LUP,NEX,LUP,NEX,4,komt voor,3,komt na,2,3,komt voor,4,5,komt na,4,5,voor,1,no,63,Komt,NA,NA,NA,NA,NA,NA,NA,NA,NA,NA,NA,NA,NA,NA,NA,NA,NA,NA,NA,NA,NA,NA,NA,NA,NA,NA,NA,NA,NA,NA,NA,NA,NA,NA,NA,NA,NA,NA
702b5,247,NA,trial,canvas.Screen,1_2_63_0_0,NA,NA,NA,NA,response,4409,266408,266402,266418,270811,270806,2022-04-28T11:19:19.766Z,270836,NA,NA,NA,NA,NA,NA,NA,NA,NA,NA,NA,NA,NA,NA,NA,NA,NA,NA,NA,NA,NA,NA,NA,LAJ,LUD,LAJ,KIJ,4,komt voor,3,komt na,2,3,komt voor,4,5,komt na,4,1,na,5,no,64,Komt,JEX,LUD,no,mousedown @no,no,TRUE,JEX,DEG,KIJ,DEG,NA,NA,NA,NA,NA,NA,NA,NA,NA,NA,NA,NA,NA,NA,NA,NA,NA,NA,NA,NA,NA,NA,NA,NA,NA,NA,NA,NA
702b5,247,NA,timer,html.Frame,1_2_63_0,NA,NA,NA,NA,NA,4389,266405,266402,266418,270807,270807,2022-04-28T11:19:19.768Z,270836,NA,NA,NA,NA,NA,NA,NA,NA,NA,NA,NA,NA,NA,NA,NA,NA,NA,QOB,JUV,PIW,DIY,XIQ,28,LUP,NEX,LUP,NEX,4,komt voor,3,komt na,2,3,komt voor,4,5,komt na,4,1,na,5,no,64,Komt,NA,NA,NA,NA,NA,NA,NA,NA,NA,NA,NA,NA,NA,NA,NA,NA,NA,NA,NA,NA,NA,NA,NA,NA,NA,NA,NA,NA,NA,NA,NA,NA,NA,NA,NA,NA,NA,NA
702b5,247,NA,iti,canvas.Screen,1_2_63_1,NA,NA,NA,NA,timeout,1000,270807,270819,270836,271820,271821,2022-04-28T11:19:20.781Z,271836,NA,NA,NA,NA,NA,NA,NA,NA,NA,NA,NA,NA,NA,NA,NA,NA,NA,NA,NA,NA,NA,NA,NA,LUP,NEX,LUP,NEX,4,komt voor,3,komt na,2,3,komt voor,4,5,komt na,4,1,na,5,no,64,Komt,NA,NA,NA,NA,NA,NA,NA,NA,NA,NA,NA,NA,NA,NA,NA,NA,NA,NA,NA,NA,NA,NA,NA,NA,NA,NA,NA,NA,NA,NA,NA,NA,NA,NA,NA,NA,NA,NA
702b5,247,NA,trial_sequence,flow.Sequence,1_2_63,NA,NA,NA,NA,completion,5402,266404,266402,266418,271820,271821,2022-04-28T11:19:20.782Z,271836,NA,NA,NA,NA,NA,NA,NA,NA,NA,NA,NA,NA,NA,NA,NA,NA,NA,NA,NA,NA,NA,NA,NA,LUP,NEX,LUP,NEX,4,komt voor,3,komt na,2,3,komt voor,4,5,komt na,4,1,na,5,no,64,Komt,NA,NA,NA,NA,NA,NA,NA,NA,NA,NA,NA,NA,NA,NA,NA,NA,NA,NA,NA,NA,NA,NA,NA,NA,NA,NA,NA,NA,NA,NA,NA,NA,NA,NA,NA,NA,NA,NA
702b5,247,NA,trial,canvas.Screen,1_2_64_0_0,NA,NA,NA,NA,response,256,271825,271820,271836,272076,272071,2022-04-28T11:19:21.032Z,272103,NA,NA,NA,NA,NA,NA,NA,NA,NA,NA,NA,NA,NA,NA,NA,NA,NA,NA,NA,NA,NA,NA,NA,QOB,JUV,JUV,QOB,5,bevat,,,,,,,,,,2,Bevat,1,no,65,,NA,NA,no,mousedown @no,no,TRUE,NA,NA,NA,NA,NA,NA,NA,NA,NA,NA,NA,NA,NA,NA,NA,NA,NA,NA,NA,NA,NA,NA,NA,NA,NA,NA,NA,NA,NA,NA,NA,NA
702b5,247,NA,timer,html.Frame,1_2_64_0,NA,NA,NA,NA,NA,237,271823,271820,271836,272073,272073,2022-04-28T11:19:21.034Z,272103,NA,NA,NA,NA,NA,NA,NA,NA,NA,NA,NA,NA,NA,NA,NA,NA,NA,YUV,VIF,HIZ,TIV,RUZ,29,LUP,NEX,LUP,NEX,5,bevat,,,,,,,,,,2,Bevat,1,no,65,,NA,NA,NA,NA,NA,NA,NA,NA,NA,NA,NA,NA,NA,NA,NA,NA,NA,NA,NA,NA,NA,NA,NA,NA,NA,NA,NA,NA,NA,NA,NA,NA,NA,NA,NA,NA,NA,NA
702b5,247,NA,iti,canvas.Screen,1_2_64_1,NA,NA,NA,NA,timeout,1000,272074,272086,272103,273086,273086,2022-04-28T11:19:22.047Z,273103,NA,NA,NA,NA,NA,NA,NA,NA,NA,NA,NA,NA,NA,NA,NA,NA,NA,NA,NA,NA,NA,NA,NA,LUP,NEX,LUP,NEX,5,bevat,,,,,,,,,,2,Bevat,1,no,65,,NA,NA,NA,NA,NA,NA,NA,NA,NA,NA,NA,NA,NA,NA,NA,NA,NA,NA,NA,NA,NA,NA,NA,NA,NA,NA,NA,NA,NA,NA,NA,NA,NA,NA,NA,NA,NA,NA
702b5,247,NA,trial_sequence,flow.Sequence,1_2_64,NA,NA,NA,NA,completion,1250,271821,271820,271836,273086,273087,2022-04-28T11:19:22.047Z,273103,NA,NA,NA,NA,NA,NA,NA,NA,NA,NA,NA,NA,NA,NA,NA,NA,NA,NA,NA,NA,NA,NA,NA,LUP,NEX,LUP,NEX,5,bevat,,,,,,,,,,2,Bevat,1,no,65,,NA,NA,NA,NA,NA,NA,NA,NA,NA,NA,NA,NA,NA,NA,NA,NA,NA,NA,NA,NA,NA,NA,NA,NA,NA,NA,NA,NA,NA,NA,NA,NA,NA,NA,NA,NA,NA,NA
702b5,247,NA,trial,canvas.Screen,1_2_65_0_0,NA,NA,NA,NA,response,511,273092,273086,273103,273597,273593,2022-04-28T11:19:22.553Z,273636,NA,NA,NA,NA,NA,NA,NA,NA,NA,NA,NA,NA,NA,NA,NA,NA,NA,NA,NA,NA,NA,NA,NA,YUV,VIF,VIF,YUV,5,is binnen,,,,,,,,,,2,Bevat,1,yes,66,,NA,NA,no,mousedown @no,yes,FALSE,NA,NA,NA,NA,NA,NA,NA,NA,NA,NA,NA,NA,NA,NA,NA,NA,NA,NA,NA,NA,NA,NA,NA,NA,NA,NA,NA,NA,NA,NA,NA,NA
702b5,247,NA,timer,html.Frame,1_2_65_0,NA,NA,NA,NA,NA,491,273088,273086,273103,273594,273594,2022-04-28T11:19:22.555Z,273636,NA,NA,NA,NA,NA,NA,NA,NA,NA,NA,NA,NA,NA,NA,NA,NA,NA,PAB,NID,JIQ,JEP,BOV,NA,LUP,NEX,LUP,NEX,5,is binnen,,,,,,,,,,2,Bevat,1,yes,66,,NA,NA,NA,NA,NA,NA,NA,NA,NA,NA,NA,NA,NA,NA,NA,NA,NA,NA,NA,NA,NA,NA,NA,NA,NA,NA,NA,NA,NA,NA,NA,NA,NA,NA,NA,NA,NA,NA
702b5,247,NA,iti,canvas.Screen,1_2_65_1,NA,NA,NA,NA,timeout,1001,273595,273620,273636,274619,274620,2022-04-28T11:19:23.580Z,274637,NA,NA,NA,NA,NA,NA,NA,NA,NA,NA,NA,NA,NA,NA,NA,NA,NA,NA,NA,NA,NA,NA,NA,LUP,NEX,LUP,NEX,5,is binnen,,,,,,,,,,2,Bevat,1,yes,66,,NA,NA,NA,NA,NA,NA,NA,NA,NA,NA,NA,NA,NA,NA,NA,NA,NA,NA,NA,NA,NA,NA,NA,NA,NA,NA,NA,NA,NA,NA,NA,NA,NA,NA,NA,NA,NA,NA
702b5,247,NA,trial_sequence,flow.Sequence,1_2_65,NA,NA,NA,NA,completion,1516,273087,273086,273103,274619,274620,2022-04-28T11:19:23.581Z,274637,NA,NA,NA,NA,NA,NA,NA,NA,NA,NA,NA,NA,NA,NA,NA,NA,NA,NA,NA,NA,NA,NA,NA,LUP,NEX,LUP,NEX,5,is binnen,,,,,,,,,,2,Bevat,1,yes,66,,NA,NA,NA,NA,NA,NA,NA,NA,NA,NA,NA,NA,NA,NA,NA,NA,NA,NA,NA,NA,NA,NA,NA,NA,NA,NA,NA,NA,NA,NA,NA,NA,NA,NA,NA,NA,NA,NA
702b5,248,NA,trial,canvas.Screen,1_2_66_0_0,NA,NA,NA,NA,response,6949,274624,274619,274637,281568,281564,2022-04-28T11:19:30.525Z,281603,NA,NA,NA,NA,NA,NA,NA,NA,NA,NA,NA,NA,NA,NA,NA,NA,NA,NA,NA,NA,NA,NA,NA,PAB,NID,JIQ,PAB,5,bevat,2,bevat,3,,,,,,,3,binnen,1,yes,67,Is,NID,JIQ,no,mousedown @no,yes,FALSE,NA,NA,NA,NA,NA,NA,NA,NA,NA,NA,NA,NA,NA,NA,NA,NA,NA,NA,NA,NA,NA,NA,NA,NA,NA,NA,NA,NA,NA,NA,NA,NA
702b5,248,NA,timer,html.Frame,1_2_66_0,NA,NA,NA,NA,NA,6928,274621,274619,274637,281565,281565,2022-04-28T11:19:30.526Z,281603,NA,NA,NA,NA,NA,NA,NA,NA,NA,NA,NA,NA,NA,NA,NA,NA,NA,YIJ,QOK,CIQ,CUH,RIW,NA,LUP,NEX,LUP,NEX,5,bevat,2,bevat,3,,,,,,,3,binnen,1,yes,67,Is,NA,NA,NA,NA,NA,NA,NA,NA,NA,NA,NA,NA,NA,NA,NA,NA,NA,NA,NA,NA,NA,NA,NA,NA,NA,NA,NA,NA,NA,NA,NA,NA,NA,NA,NA,NA,NA,NA
702b5,248,NA,iti,canvas.Screen,1_2_66_1,NA,NA,NA,NA,timeout,1000,281566,281586,281603,282587,282588,2022-04-28T11:19:31.548Z,282603,NA,NA,NA,NA,NA,NA,NA,NA,NA,NA,NA,NA,NA,NA,NA,NA,NA,NA,NA,NA,NA,NA,NA,LUP,NEX,LUP,NEX,5,bevat,2,bevat,3,,,,,,,3,binnen,1,yes,67,Is,NA,NA,NA,NA,NA,NA,NA,NA,NA,NA,NA,NA,NA,NA,NA,NA,NA,NA,NA,NA,NA,NA,NA,NA,NA,NA,NA,NA,NA,NA,NA,NA,NA,NA,NA,NA,NA,NA
702b5,248,NA,trial_sequence,flow.Sequence,1_2_66,NA,NA,NA,NA,completion,7950,274620,274619,274637,282587,282588,2022-04-28T11:19:31.548Z,282603,NA,NA,NA,NA,NA,NA,NA,NA,NA,NA,NA,NA,NA,NA,NA,NA,NA,NA,NA,NA,NA,NA,NA,LUP,NEX,LUP,NEX,5,bevat,2,bevat,3,,,,,,,3,binnen,1,yes,67,Is,NA,NA,NA,NA,NA,NA,NA,NA,NA,NA,NA,NA,NA,NA,NA,NA,NA,NA,NA,NA,NA,NA,NA,NA,NA,NA,NA,NA,NA,NA,NA,NA,NA,NA,NA,NA,NA,NA
702b5,248,NA,trial,canvas.Screen,1_2_67_0_0,NA,NA,NA,NA,response,1215,282593,282587,282603,283802,283797,2022-04-28T11:19:32.757Z,283836,NA,NA,NA,NA,NA,NA,NA,NA,NA,NA,NA,NA,NA,NA,NA,NA,NA,NA,NA,NA,NA,NA,NA,YIJ,QOK,CIQ,YIJ,5,bevat,3,is binnen,2,,,,,,,3,Bevat,1,no,68,,CIQ,QOK,no,mousedown @no,no,TRUE,NA,NA,NA,NA,NA,NA,NA,NA,NA,NA,NA,NA,NA,NA,NA,NA,NA,NA,NA,NA,NA,NA,NA,NA,NA,NA,NA,NA,NA,NA,NA,NA
702b5,248,NA,timer,html.Frame,1_2_67_0,NA,NA,NA,NA,NA,1196,282590,282587,282603,283799,283799,2022-04-28T11:19:32.760Z,283836,NA,NA,NA,NA,NA,NA,NA,NA,NA,NA,NA,NA,NA,NA,NA,NA,NA,QES,SAQ,XIJ,LUZ,BEQ,30,LUP,NEX,LUP,NEX,5,bevat,3,is binnen,2,,,,,,,3,Bevat,1,no,68,,NA,NA,NA,NA,NA,NA,NA,NA,NA,NA,NA,NA,NA,NA,NA,NA,NA,NA,NA,NA,NA,NA,NA,NA,NA,NA,NA,NA,NA,NA,NA,NA,NA,NA,NA,NA,NA,NA
702b5,248,NA,iti,canvas.Screen,1_2_67_1,NA,NA,NA,NA,timeout,1000,283799,283820,283836,284820,284820,2022-04-28T11:19:33.781Z,284836,NA,NA,NA,NA,NA,NA,NA,NA,NA,NA,NA,NA,NA,NA,NA,NA,NA,NA,NA,NA,NA,NA,NA,LUP,NEX,LUP,NEX,5,bevat,3,is binnen,2,,,,,,,3,Bevat,1,no,68,,NA,NA,NA,NA,NA,NA,NA,NA,NA,NA,NA,NA,NA,NA,NA,NA,NA,NA,NA,NA,NA,NA,NA,NA,NA,NA,NA,NA,NA,NA,NA,NA,NA,NA,NA,NA,NA,NA
702b5,248,NA,trial_sequence,flow.Sequence,1_2_67,NA,NA,NA,NA,completion,2217,282588,282587,282603,284820,284821,2022-04-28T11:19:33.781Z,284836,NA,NA,NA,NA,NA,NA,NA,NA,NA,NA,NA,NA,NA,NA,NA,NA,NA,NA,NA,NA,NA,NA,NA,LUP,NEX,LUP,NEX,5,bevat,3,is binnen,2,,,,,,,3,Bevat,1,no,68,,NA,NA,NA,NA,NA,NA,NA,NA,NA,NA,NA,NA,NA,NA,NA,NA,NA,NA,NA,NA,NA,NA,NA,NA,NA,NA,NA,NA,NA,NA,NA,NA,NA,NA,NA,NA,NA,NA
702b5,248,NA,trial,canvas.Screen,1_2_68_0_0,NA,NA,NA,NA,response,351,284826,284820,284836,285171,285166,2022-04-28T11:19:34.126Z,285187,NA,NA,NA,NA,NA,NA,NA,NA,NA,NA,NA,NA,NA,NA,NA,NA,NA,NA,NA,NA,NA,NA,NA,QES,SAQ,QES,XIJ,5,bevat,3,is binnen,2,,,,,,,1,binnen,3,no,69,Is,XIJ,SAQ,no,mousedown @no,no,TRUE,NA,NA,NA,NA,NA,NA,NA,NA,NA,NA,NA,NA,NA,NA,NA,NA,NA,NA,NA,NA,NA,NA,NA,NA,NA,NA,NA,NA,NA,NA,NA,NA
702b5,248,NA,timer,html.Frame,1_2_68_0,NA,NA,NA,NA,NA,332,284823,284820,284836,285168,285168,2022-04-28T11:19:34.128Z,285187,NA,NA,NA,NA,NA,NA,NA,NA,NA,NA,NA,NA,NA,NA,NA,NA,NA,XUL,KIG,KUX,CIL,TOJ,31,LUP,NEX,LUP,NEX,5,bevat,3,is binnen,2,,,,,,,1,binnen,3,no,69,Is,NA,NA,NA,NA,NA,NA,NA,NA,NA,NA,NA,NA,NA,NA,NA,NA,NA,NA,NA,NA,NA,NA,NA,NA,NA,NA,NA,NA,NA,NA,NA,NA,NA,NA,NA,NA,NA,NA
702b5,248,NA,iti,canvas.Screen,1_2_68_1,NA,NA,NA,NA,timeout,1001,285168,285173,285187,286171,286171,2022-04-28T11:19:35.132Z,286188,NA,NA,NA,NA,NA,NA,NA,NA,NA,NA,NA,NA,NA,NA,NA,NA,NA,NA,NA,NA,NA,NA,NA,LUP,NEX,LUP,NEX,5,bevat,3,is binnen,2,,,,,,,1,binnen,3,no,69,Is,NA,NA,NA,NA,NA,NA,NA,NA,NA,NA,NA,NA,NA,NA,NA,NA,NA,NA,NA,NA,NA,NA,NA,NA,NA,NA,NA,NA,NA,NA,NA,NA,NA,NA,NA,NA,NA,NA
702b5,248,NA,trial_sequence,flow.Sequence,1_2_68,NA,NA,NA,NA,completion,1335,284821,284820,284836,286171,286172,2022-04-28T11:19:35.132Z,286188,NA,NA,NA,NA,NA,NA,NA,NA,NA,NA,NA,NA,NA,NA,NA,NA,NA,NA,NA,NA,NA,NA,NA,LUP,NEX,LUP,NEX,5,bevat,3,is binnen,2,,,,,,,1,binnen,3,no,69,Is,NA,NA,NA,NA,NA,NA,NA,NA,NA,NA,NA,NA,NA,NA,NA,NA,NA,NA,NA,NA,NA,NA,NA,NA,NA,NA,NA,NA,NA,NA,NA,NA,NA,NA,NA,NA,NA,NA
702b5,248,NA,trial,canvas.Screen,1_2_69_0_0,NA,NA,NA,NA,response,333,286176,286171,286188,286504,286499,2022-04-28T11:19:35.459Z,286520,NA,NA,NA,NA,NA,NA,NA,NA,NA,NA,NA,NA,NA,NA,NA,NA,NA,NA,NA,NA,NA,NA,NA,XUL,KIG,KUX,XUL,5,is binnen,2,is binnen,3,,,,,,,3,Bevat,1,yes,70,,KIG,KUX,no,mousedown @no,yes,FALSE,NA,NA,NA,NA,NA,NA,NA,NA,NA,NA,NA,NA,NA,NA,NA,NA,NA,NA,NA,NA,NA,NA,NA,NA,NA,NA,NA,NA,NA,NA,NA,NA
702b5,248,NA,timer,html.Frame,1_2_69_0,NA,NA,NA,NA,NA,312,286173,286171,286188,286500,286500,2022-04-28T11:19:35.461Z,286520,NA,NA,NA,NA,NA,NA,NA,NA,NA,NA,NA,NA,NA,NA,NA,NA,NA,WUF,CIF,MUC,KUN,QAD,NA,LUP,NEX,LUP,NEX,5,is binnen,2,is binnen,3,,,,,,,3,Bevat,1,yes,70,,NA,NA,NA,NA,NA,NA,NA,NA,NA,NA,NA,NA,NA,NA,NA,NA,NA,NA,NA,NA,NA,NA,NA,NA,NA,NA,NA,NA,NA,NA,NA,NA,NA,NA,NA,NA,NA,NA
702b5,248,NA,iti,canvas.Screen,1_2_69_1,NA,NA,NA,NA,timeout,1001,286500,286506,286520,287504,287504,2022-04-28T11:19:36.465Z,287521,NA,NA,NA,NA,NA,NA,NA,NA,NA,NA,NA,NA,NA,NA,NA,NA,NA,NA,NA,NA,NA,NA,NA,LUP,NEX,LUP,NEX,5,is binnen,2,is binnen,3,,,,,,,3,Bevat,1,yes,70,,NA,NA,NA,NA,NA,NA,NA,NA,NA,NA,NA,NA,NA,NA,NA,NA,NA,NA,NA,NA,NA,NA,NA,NA,NA,NA,NA,NA,NA,NA,NA,NA,NA,NA,NA,NA,NA,NA
702b5,248,NA,trial_sequence,flow.Sequence,1_2_69,NA,NA,NA,NA,completion,1316,286172,286171,286188,287504,287505,2022-04-28T11:19:36.466Z,287521,NA,NA,NA,NA,NA,NA,NA,NA,NA,NA,NA,NA,NA,NA,NA,NA,NA,NA,NA,NA,NA,NA,NA,LUP,NEX,LUP,NEX,5,is binnen,2,is binnen,3,,,,,,,3,Bevat,1,yes,70,,NA,NA,NA,NA,NA,NA,NA,NA,NA,NA,NA,NA,NA,NA,NA,NA,NA,NA,NA,NA,NA,NA,NA,NA,NA,NA,NA,NA,NA,NA,NA,NA,NA,NA,NA,NA,NA,NA
702b5,248,NA,trial,canvas.Screen,1_2_70_0_0,NA,NA,NA,NA,response,434,287511,287504,287521,287938,287932,2022-04-28T11:19:36.892Z,287971,NA,NA,NA,NA,NA,NA,NA,NA,NA,NA,NA,NA,NA,NA,NA,NA,NA,NA,NA,NA,NA,NA,NA,WUF,CIF,WUF,KUN,5,bevat,3,is binnen,2,3,bevat,4,,,,1,Bevat,4,yes,71,,MUC,CIF,no,mousedown @no,yes,FALSE,MUC,KUN,NA,NA,NA,NA,NA,NA,NA,NA,NA,NA,NA,NA,NA,NA,NA,NA,NA,NA,NA,NA,NA,NA,NA,NA,NA,NA,NA,NA,NA,NA
702b5,248,NA,timer,html.Frame,1_2_70_0,NA,NA,NA,NA,NA,412,287507,287504,287521,287933,287934,2022-04-28T11:19:36.894Z,287971,NA,NA,NA,NA,NA,NA,NA,NA,NA,NA,NA,NA,NA,NA,NA,NA,NA,XIF,WAH,HED,XOD,XAQ,NA,LUP,NEX,LUP,NEX,5,bevat,3,is binnen,2,3,bevat,4,,,,1,Bevat,4,yes,71,,NA,NA,NA,NA,NA,NA,NA,NA,NA,NA,NA,NA,NA,NA,NA,NA,NA,NA,NA,NA,NA,NA,NA,NA,NA,NA,NA,NA,NA,NA,NA,NA,NA,NA,NA,NA,NA,NA
702b5,248,NA,iti,canvas.Screen,1_2_70_1,NA,NA,NA,NA,timeout,999,287934,287954,287971,288954,288955,2022-04-28T11:19:37.915Z,288970,NA,NA,NA,NA,NA,NA,NA,NA,NA,NA,NA,NA,NA,NA,NA,NA,NA,NA,NA,NA,NA,NA,NA,LUP,NEX,LUP,NEX,5,bevat,3,is binnen,2,3,bevat,4,,,,1,Bevat,4,yes,71,,NA,NA,NA,NA,NA,NA,NA,NA,NA,NA,NA,NA,NA,NA,NA,NA,NA,NA,NA,NA,NA,NA,NA,NA,NA,NA,NA,NA,NA,NA,NA,NA,NA,NA,NA,NA,NA,NA
702b5,248,NA,trial_sequence,flow.Sequence,1_2_70,NA,NA,NA,NA,completion,1433,287506,287504,287521,288954,288955,2022-04-28T11:19:37.916Z,288970,NA,NA,NA,NA,NA,NA,NA,NA,NA,NA,NA,NA,NA,NA,NA,NA,NA,NA,NA,NA,NA,NA,NA,LUP,NEX,LUP,NEX,5,bevat,3,is binnen,2,3,bevat,4,,,,1,Bevat,4,yes,71,,NA,NA,NA,NA,NA,NA,NA,NA,NA,NA,NA,NA,NA,NA,NA,NA,NA,NA,NA,NA,NA,NA,NA,NA,NA,NA,NA,NA,NA,NA,NA,NA,NA,NA,NA,NA,NA,NA
702b5,248,NA,trial,canvas.Screen,1_2_71_0_0,NA,NA,NA,NA,response,241,288962,288954,288970,289195,289189,2022-04-28T11:19:38.150Z,289221,NA,NA,NA,NA,NA,NA,NA,NA,NA,NA,NA,NA,NA,NA,NA,NA,NA,NA,NA,NA,NA,NA,NA,XIF,WAH,XOD,XIF,5,bevat,3,is binnen,2,3,bevat,4,,,,4,binnen,1,yes,72,Is,HED,WAH,no,mousedown @no,yes,FALSE,HED,XOD,NA,NA,NA,NA,NA,NA,NA,NA,NA,NA,NA,NA,NA,NA,NA,NA,NA,NA,NA,NA,NA,NA,NA,NA,NA,NA,NA,NA,NA,NA
702b5,248,NA,timer,html.Frame,1_2_71_0,NA,NA,NA,NA,NA,221.000000000058,288957,288954,288970,289191,289191,2022-04-28T11:19:38.151Z,289221,NA,NA,NA,NA,NA,NA,NA,NA,NA,NA,NA,NA,NA,NA,NA,NA,NA,QET,SUC,MAV,GEC,PUJ,NA,LUP,NEX,LUP,NEX,5,bevat,3,is binnen,2,3,bevat,4,,,,4,binnen,1,yes,72,Is,NA,NA,NA,NA,NA,NA,NA,NA,NA,NA,NA,NA,NA,NA,NA,NA,NA,NA,NA,NA,NA,NA,NA,NA,NA,NA,NA,NA,NA,NA,NA,NA,NA,NA,NA,NA,NA,NA
702b5,248,NA,iti,canvas.Screen,1_2_71_1,NA,NA,NA,NA,timeout,1000,289191,289204,289221,290204,290205,2022-04-28T11:19:39.165Z,290221,NA,NA,NA,NA,NA,NA,NA,NA,NA,NA,NA,NA,NA,NA,NA,NA,NA,NA,NA,NA,NA,NA,NA,LUP,NEX,LUP,NEX,5,bevat,3,is binnen,2,3,bevat,4,,,,4,binnen,1,yes,72,Is,NA,NA,NA,NA,NA,NA,NA,NA,NA,NA,NA,NA,NA,NA,NA,NA,NA,NA,NA,NA,NA,NA,NA,NA,NA,NA,NA,NA,NA,NA,NA,NA,NA,NA,NA,NA,NA,NA
702b5,248,NA,trial_sequence,flow.Sequence,1_2_71,NA,NA,NA,NA,completion,1234,288955,288954,288970,290204,290205,2022-04-28T11:19:39.166Z,290221,NA,NA,NA,NA,NA,NA,NA,NA,NA,NA,NA,NA,NA,NA,NA,NA,NA,NA,NA,NA,NA,NA,NA,LUP,NEX,LUP,NEX,5,bevat,3,is binnen,2,3,bevat,4,,,,4,binnen,1,yes,72,Is,NA,NA,NA,NA,NA,NA,NA,NA,NA,NA,NA,NA,NA,NA,NA,NA,NA,NA,NA,NA,NA,NA,NA,NA,NA,NA,NA,NA,NA,NA,NA,NA,NA,NA,NA,NA,NA,NA
702b5,249,NA,trial,canvas.Screen,1_2_72_0_0,NA,NA,NA,NA,response,3572,290211,290204,290221,293776,293770,2022-04-28T11:19:42.730Z,293805,NA,NA,NA,NA,NA,NA,NA,NA,NA,NA,NA,NA,NA,NA,NA,NA,NA,NA,NA,NA,NA,NA,NA,QET,SUC,GEC,QET,5,is binnen,3,bevat,2,4,bevat,3,,,,4,Bevat,1,yes,73,,MAV,SUC,no,mousedown @no,yes,FALSE,GEC,MAV,NA,NA,NA,NA,NA,NA,NA,NA,NA,NA,NA,NA,NA,NA,NA,NA,NA,NA,NA,NA,NA,NA,NA,NA,NA,NA,NA,NA,NA,NA
702b5,249,NA,timer,html.Frame,1_2_72_0,NA,NA,NA,NA,NA,3551,290207,290204,290221,293772,293772,2022-04-28T11:19:42.732Z,293805,NA,NA,NA,NA,NA,NA,NA,NA,NA,NA,NA,NA,NA,NA,NA,NA,NA,QIQ,BIY,NIN,WUP,HAB,NA,LUP,NEX,LUP,NEX,5,is binnen,3,bevat,2,4,bevat,3,,,,4,Bevat,1,yes,73,,NA,NA,NA,NA,NA,NA,NA,NA,NA,NA,NA,NA,NA,NA,NA,NA,NA,NA,NA,NA,NA,NA,NA,NA,NA,NA,NA,NA,NA,NA,NA,NA,NA,NA,NA,NA,NA,NA
702b5,249,NA,iti,canvas.Screen,1_2_72_1,NA,NA,NA,NA,timeout,999,293772,293787,293805,294788,294788,2022-04-28T11:19:43.748Z,294804,NA,NA,NA,NA,NA,NA,NA,NA,NA,NA,NA,NA,NA,NA,NA,NA,NA,NA,NA,NA,NA,NA,NA,LUP,NEX,LUP,NEX,5,is binnen,3,bevat,2,4,bevat,3,,,,4,Bevat,1,yes,73,,NA,NA,NA,NA,NA,NA,NA,NA,NA,NA,NA,NA,NA,NA,NA,NA,NA,NA,NA,NA,NA,NA,NA,NA,NA,NA,NA,NA,NA,NA,NA,NA,NA,NA,NA,NA,NA,NA
702b5,249,NA,trial_sequence,flow.Sequence,1_2_72,NA,NA,NA,NA,completion,4567,290206,290204,290221,294788,294788,2022-04-28T11:19:43.749Z,294804,NA,NA,NA,NA,NA,NA,NA,NA,NA,NA,NA,NA,NA,NA,NA,NA,NA,NA,NA,NA,NA,NA,NA,LUP,NEX,LUP,NEX,5,is binnen,3,bevat,2,4,bevat,3,,,,4,Bevat,1,yes,73,,NA,NA,NA,NA,NA,NA,NA,NA,NA,NA,NA,NA,NA,NA,NA,NA,NA,NA,NA,NA,NA,NA,NA,NA,NA,NA,NA,NA,NA,NA,NA,NA,NA,NA,NA,NA,NA,NA
702b5,249,NA,trial,canvas.Screen,1_2_73_0_0,NA,NA,NA,NA,response,245,294793,294788,294804,295033,295028,2022-04-28T11:19:43.988Z,295054,NA,NA,NA,NA,NA,NA,NA,NA,NA,NA,NA,NA,NA,NA,NA,NA,NA,NA,NA,NA,NA,NA,NA,QIQ,BIY,QIQ,WUP,5,is binnen,3,bevat,2,4,bevat,3,,,,1,binnen,4,yes,74,Is,NIN,BIY,no,mousedown @no,yes,FALSE,WUP,NIN,NA,NA,NA,NA,NA,NA,NA,NA,NA,NA,NA,NA,NA,NA,NA,NA,NA,NA,NA,NA,NA,NA,NA,NA,NA,NA,NA,NA,NA,NA
702b5,249,NA,timer,html.Frame,1_2_73_0,NA,NA,NA,NA,NA,226.000000000058,294790,294788,294804,295030,295031,2022-04-28T11:19:43.991Z,295054,NA,NA,NA,NA,NA,NA,NA,NA,NA,NA,NA,NA,NA,NA,NA,NA,NA,PEH,WOZ,ROJ,RUQ,KEW,NA,LUP,NEX,LUP,NEX,5,is binnen,3,bevat,2,4,bevat,3,,,,1,binnen,4,yes,74,Is,NA,NA,NA,NA,NA,NA,NA,NA,NA,NA,NA,NA,NA,NA,NA,NA,NA,NA,NA,NA,NA,NA,NA,NA,NA,NA,NA,NA,NA,NA,NA,NA,NA,NA,NA,NA,NA,NA
702b5,249,NA,iti,canvas.Screen,1_2_73_1,NA,NA,NA,NA,timeout,1000,295031,295037,295054,296037,296038,2022-04-28T11:19:44.998Z,296054,NA,NA,NA,NA,NA,NA,NA,NA,NA,NA,NA,NA,NA,NA,NA,NA,NA,NA,NA,NA,NA,NA,NA,LUP,NEX,LUP,NEX,5,is binnen,3,bevat,2,4,bevat,3,,,,1,binnen,4,yes,74,Is,NA,NA,NA,NA,NA,NA,NA,NA,NA,NA,NA,NA,NA,NA,NA,NA,NA,NA,NA,NA,NA,NA,NA,NA,NA,NA,NA,NA,NA,NA,NA,NA,NA,NA,NA,NA,NA,NA
702b5,249,NA,trial_sequence,flow.Sequence,1_2_73,NA,NA,NA,NA,completion,1233,294789,294788,294804,296037,296038,2022-04-28T11:19:44.998Z,296054,NA,NA,NA,NA,NA,NA,NA,NA,NA,NA,NA,NA,NA,NA,NA,NA,NA,NA,NA,NA,NA,NA,NA,LUP,NEX,LUP,NEX,5,is binnen,3,bevat,2,4,bevat,3,,,,1,binnen,4,yes,74,Is,NA,NA,NA,NA,NA,NA,NA,NA,NA,NA,NA,NA,NA,NA,NA,NA,NA,NA,NA,NA,NA,NA,NA,NA,NA,NA,NA,NA,NA,NA,NA,NA,NA,NA,NA,NA,NA,NA
702b5,249,NA,trial,canvas.Screen,1_2_74_0_0,NA,NA,NA,NA,response,349,296045,296037,296054,296386,296381,2022-04-28T11:19:45.341Z,296404,NA,NA,NA,NA,NA,NA,NA,NA,NA,NA,NA,NA,NA,NA,NA,NA,NA,NA,NA,NA,NA,NA,NA,PEH,WOZ,PEH,RUQ,5,is binnen,2,is binnen,3,4,bevat,3,,,,1,Bevat,4,no,75,,WOZ,ROJ,no,mousedown @no,no,TRUE,RUQ,ROJ,NA,NA,NA,NA,NA,NA,NA,NA,NA,NA,NA,NA,NA,NA,NA,NA,NA,NA,NA,NA,NA,NA,NA,NA,NA,NA,NA,NA,NA,NA
702b5,249,NA,timer,html.Frame,1_2_74_0,NA,NA,NA,NA,NA,329,296040,296037,296054,296383,296383,2022-04-28T11:19:45.343Z,296404,NA,NA,NA,NA,NA,NA,NA,NA,NA,NA,NA,NA,NA,NA,NA,NA,NA,NUH,VIW,SAH,LAV,CUJ,32,LUP,NEX,LUP,NEX,5,is binnen,2,is binnen,3,4,bevat,3,,,,1,Bevat,4,no,75,,NA,NA,NA,NA,NA,NA,NA,NA,NA,NA,NA,NA,NA,NA,NA,NA,NA,NA,NA,NA,NA,NA,NA,NA,NA,NA,NA,NA,NA,NA,NA,NA,NA,NA,NA,NA,NA,NA
702b5,249,NA,iti,canvas.Screen,1_2_74_1,NA,NA,NA,NA,timeout,1000,296383,296389,296404,297387,297388,2022-04-28T11:19:46.348Z,297404,NA,NA,NA,NA,NA,NA,NA,NA,NA,NA,NA,NA,NA,NA,NA,NA,NA,NA,NA,NA,NA,NA,NA,LUP,NEX,LUP,NEX,5,is binnen,2,is binnen,3,4,bevat,3,,,,1,Bevat,4,no,75,,NA,NA,NA,NA,NA,NA,NA,NA,NA,NA,NA,NA,NA,NA,NA,NA,NA,NA,NA,NA,NA,NA,NA,NA,NA,NA,NA,NA,NA,NA,NA,NA,NA,NA,NA,NA,NA,NA
702b5,249,NA,trial_sequence,flow.Sequence,1_2_74,NA,NA,NA,NA,completion,1333,296038,296037,296054,297387,297388,2022-04-28T11:19:46.348Z,297404,NA,NA,NA,NA,NA,NA,NA,NA,NA,NA,NA,NA,NA,NA,NA,NA,NA,NA,NA,NA,NA,NA,NA,LUP,NEX,LUP,NEX,5,is binnen,2,is binnen,3,4,bevat,3,,,,1,Bevat,4,no,75,,NA,NA,NA,NA,NA,NA,NA,NA,NA,NA,NA,NA,NA,NA,NA,NA,NA,NA,NA,NA,NA,NA,NA,NA,NA,NA,NA,NA,NA,NA,NA,NA,NA,NA,NA,NA,NA,NA
702b5,249,NA,trial,canvas.Screen,1_2_75_0_0,NA,NA,NA,NA,response,449,297394,297387,297404,297836,297830,2022-04-28T11:19:46.790Z,297871,NA,NA,NA,NA,NA,NA,NA,NA,NA,NA,NA,NA,NA,NA,NA,NA,NA,NA,NA,NA,NA,NA,NA,NUH,VIW,LAV,NUH,5,is binnen,2,is binnen,3,4,bevat,3,,,,4,binnen,1,no,76,Is,VIW,SAH,no,mousedown @no,no,TRUE,LAV,SAH,NA,NA,NA,NA,NA,NA,NA,NA,NA,NA,NA,NA,NA,NA,NA,NA,NA,NA,NA,NA,NA,NA,NA,NA,NA,NA,NA,NA,NA,NA
702b5,249,NA,timer,html.Frame,1_2_75_0,NA,NA,NA,NA,NA,428,297390,297387,297404,297832,297832,2022-04-28T11:19:46.792Z,297871,NA,NA,NA,NA,NA,NA,NA,NA,NA,NA,NA,NA,NA,NA,NA,NA,NA,JEC,WUX,YOC,DIZ,JAZ,33,LUP,NEX,LUP,NEX,5,is binnen,2,is binnen,3,4,bevat,3,,,,4,binnen,1,no,76,Is,NA,NA,NA,NA,NA,NA,NA,NA,NA,NA,NA,NA,NA,NA,NA,NA,NA,NA,NA,NA,NA,NA,NA,NA,NA,NA,NA,NA,NA,NA,NA,NA,NA,NA,NA,NA,NA,NA
702b5,249,NA,iti,canvas.Screen,1_2_75_1,NA,NA,NA,NA,timeout,1001,297832,297854,297871,298855,298856,2022-04-28T11:19:47.816Z,298872,NA,NA,NA,NA,NA,NA,NA,NA,NA,NA,NA,NA,NA,NA,NA,NA,NA,NA,NA,NA,NA,NA,NA,LUP,NEX,LUP,NEX,5,is binnen,2,is binnen,3,4,bevat,3,,,,4,binnen,1,no,76,Is,NA,NA,NA,NA,NA,NA,NA,NA,NA,NA,NA,NA,NA,NA,NA,NA,NA,NA,NA,NA,NA,NA,NA,NA,NA,NA,NA,NA,NA,NA,NA,NA,NA,NA,NA,NA,NA,NA
702b5,249,NA,trial_sequence,flow.Sequence,1_2_75,NA,NA,NA,NA,completion,1451,297388,297387,297404,298855,298856,2022-04-28T11:19:47.816Z,298872,NA,NA,NA,NA,NA,NA,NA,NA,NA,NA,NA,NA,NA,NA,NA,NA,NA,NA,NA,NA,NA,NA,NA,LUP,NEX,LUP,NEX,5,is binnen,2,is binnen,3,4,bevat,3,,,,4,binnen,1,no,76,Is,NA,NA,NA,NA,NA,NA,NA,NA,NA,NA,NA,NA,NA,NA,NA,NA,NA,NA,NA,NA,NA,NA,NA,NA,NA,NA,NA,NA,NA,NA,NA,NA,NA,NA,NA,NA,NA,NA
702b5,249,NA,trial,canvas.Screen,1_2_76_0_0,NA,NA,NA,NA,response,486,298862,298855,298872,299341,299336,2022-04-28T11:19:48.296Z,299372,NA,NA,NA,NA,NA,NA,NA,NA,NA,NA,NA,NA,NA,NA,NA,NA,NA,NA,NA,NA,NA,NA,NA,JEC,WUX,JEC,JAZ,5,bevat,3,is binnen,2,3,bevat,4,5,is binnen,4,1,Bevat,5,yes,77,,YOC,WUX,no,mousedown @no,yes,FALSE,YOC,DIZ,JAZ,DIZ,NA,NA,NA,NA,NA,NA,NA,NA,NA,NA,NA,NA,NA,NA,NA,NA,NA,NA,NA,NA,NA,NA,NA,NA,NA,NA,NA,NA
702b5,249,NA,timer,html.Frame,1_2_76_0,NA,NA,NA,NA,NA,466,298858,298855,298872,299338,299338,2022-04-28T11:19:48.298Z,299372,NA,NA,NA,NA,NA,NA,NA,NA,NA,NA,NA,NA,NA,NA,NA,NA,NA,HAC,XOJ,XOV,RAR,WEK,NA,LUP,NEX,LUP,NEX,5,bevat,3,is binnen,2,3,bevat,4,5,is binnen,4,1,Bevat,5,yes,77,,NA,NA,NA,NA,NA,NA,NA,NA,NA,NA,NA,NA,NA,NA,NA,NA,NA,NA,NA,NA,NA,NA,NA,NA,NA,NA,NA,NA,NA,NA,NA,NA,NA,NA,NA,NA,NA,NA
702b5,249,NA,iti,canvas.Screen,1_2_76_1,NA,NA,NA,NA,timeout,1000,299338,299355,299372,300355,300356,2022-04-28T11:19:49.316Z,300372,NA,NA,NA,NA,NA,NA,NA,NA,NA,NA,NA,NA,NA,NA,NA,NA,NA,NA,NA,NA,NA,NA,NA,LUP,NEX,LUP,NEX,5,bevat,3,is binnen,2,3,bevat,4,5,is binnen,4,1,Bevat,5,yes,77,,NA,NA,NA,NA,NA,NA,NA,NA,NA,NA,NA,NA,NA,NA,NA,NA,NA,NA,NA,NA,NA,NA,NA,NA,NA,NA,NA,NA,NA,NA,NA,NA,NA,NA,NA,NA,NA,NA
702b5,249,NA,trial_sequence,flow.Sequence,1_2_76,NA,NA,NA,NA,completion,1483,298856,298855,298872,300355,300356,2022-04-28T11:19:49.316Z,300372,NA,NA,NA,NA,NA,NA,NA,NA,NA,NA,NA,NA,NA,NA,NA,NA,NA,NA,NA,NA,NA,NA,NA,LUP,NEX,LUP,NEX,5,bevat,3,is binnen,2,3,bevat,4,5,is binnen,4,1,Bevat,5,yes,77,,NA,NA,NA,NA,NA,NA,NA,NA,NA,NA,NA,NA,NA,NA,NA,NA,NA,NA,NA,NA,NA,NA,NA,NA,NA,NA,NA,NA,NA,NA,NA,NA,NA,NA,NA,NA,NA,NA
702b5,249,NA,trial,canvas.Screen,1_2_77_0_0,NA,NA,NA,NA,response,355,300361,300355,300372,300710,300705,2022-04-28T11:19:49.665Z,300739,NA,NA,NA,NA,NA,NA,NA,NA,NA,NA,NA,NA,NA,NA,NA,NA,NA,NA,NA,NA,NA,NA,NA,HAC,XOJ,WEK,HAC,5,bevat,3,is binnen,2,3,bevat,4,4,bevat,5,5,Bevat,1,no,78,,XOV,XOJ,no,mousedown @no,no,TRUE,XOV,RAR,RAR,WEK,NA,NA,NA,NA,NA,NA,NA,NA,NA,NA,NA,NA,NA,NA,NA,NA,NA,NA,NA,NA,NA,NA,NA,NA,NA,NA,NA,NA
702b5,249,NA,timer,html.Frame,1_2_77_0,NA,NA,NA,NA,NA,335,300358,300355,300372,300707,300707,2022-04-28T11:19:49.668Z,300739,NA,NA,NA,NA,NA,NA,NA,NA,NA,NA,NA,NA,NA,NA,NA,NA,NA,LEZ,QAW,GOZ,JIX,VAH,34,LUP,NEX,LUP,NEX,5,bevat,3,is binnen,2,3,bevat,4,4,bevat,5,5,Bevat,1,no,78,,NA,NA,NA,NA,NA,NA,NA,NA,NA,NA,NA,NA,NA,NA,NA,NA,NA,NA,NA,NA,NA,NA,NA,NA,NA,NA,NA,NA,NA,NA,NA,NA,NA,NA,NA,NA,NA,NA
702b5,249,NA,iti,canvas.Screen,1_2_77_1,NA,NA,NA,NA,timeout,998,300708,300722,300739,301722,301722,2022-04-28T11:19:50.682Z,301737,NA,NA,NA,NA,NA,NA,NA,NA,NA,NA,NA,NA,NA,NA,NA,NA,NA,NA,NA,NA,NA,NA,NA,LUP,NEX,LUP,NEX,5,bevat,3,is binnen,2,3,bevat,4,4,bevat,5,5,Bevat,1,no,78,,NA,NA,NA,NA,NA,NA,NA,NA,NA,NA,NA,NA,NA,NA,NA,NA,NA,NA,NA,NA,NA,NA,NA,NA,NA,NA,NA,NA,NA,NA,NA,NA,NA,NA,NA,NA,NA,NA
702b5,249,NA,trial_sequence,flow.Sequence,1_2_77,NA,NA,NA,NA,completion,1350,300357,300355,300372,301722,301723,2022-04-28T11:19:50.683Z,301737,NA,NA,NA,NA,NA,NA,NA,NA,NA,NA,NA,NA,NA,NA,NA,NA,NA,NA,NA,NA,NA,NA,NA,LUP,NEX,LUP,NEX,5,bevat,3,is binnen,2,3,bevat,4,4,bevat,5,5,Bevat,1,no,78,,NA,NA,NA,NA,NA,NA,NA,NA,NA,NA,NA,NA,NA,NA,NA,NA,NA,NA,NA,NA,NA,NA,NA,NA,NA,NA,NA,NA,NA,NA,NA,NA,NA,NA,NA,NA,NA,NA
702b5,249,NA,trial,canvas.Screen,1_2_78_0_0,NA,NA,NA,NA,response,310,301728,301722,301737,302032,302026,2022-04-28T11:19:50.987Z,302054,NA,NA,NA,NA,NA,NA,NA,NA,NA,NA,NA,NA,NA,NA,NA,NA,NA,NA,NA,NA,NA,NA,NA,LEZ,QAW,VAH,LEZ,5,is binnen,3,bevat,2,4,bevat,3,5,bevat,4,5,binnen,1,no,79,Is,GOZ,QAW,no,mousedown @no,no,TRUE,JIX,GOZ,VAH,JIX,NA,NA,NA,NA,NA,NA,NA,NA,NA,NA,NA,NA,NA,NA,NA,NA,NA,NA,NA,NA,NA,NA,NA,NA,NA,NA,NA,NA
702b5,249,NA,timer,html.Frame,1_2_78_0,NA,NA,NA,NA,NA,291,301724,301722,301737,302028,302029,2022-04-28T11:19:50.989Z,302054,NA,NA,NA,NA,NA,NA,NA,NA,NA,NA,NA,NA,NA,NA,NA,NA,NA,YIF,HUF,NUZ,WEC,POG,35,LUP,NEX,LUP,NEX,5,is binnen,3,bevat,2,4,bevat,3,5,bevat,4,5,binnen,1,no,79,Is,NA,NA,NA,NA,NA,NA,NA,NA,NA,NA,NA,NA,NA,NA,NA,NA,NA,NA,NA,NA,NA,NA,NA,NA,NA,NA,NA,NA,NA,NA,NA,NA,NA,NA,NA,NA,NA,NA
702b5,249,NA,iti,canvas.Screen,1_2_78_1,NA,NA,NA,NA,timeout,1001,302029,302039,302054,303038,303038,2022-04-28T11:19:51.998Z,303055,NA,NA,NA,NA,NA,NA,NA,NA,NA,NA,NA,NA,NA,NA,NA,NA,NA,NA,NA,NA,NA,NA,NA,LUP,NEX,LUP,NEX,5,is binnen,3,bevat,2,4,bevat,3,5,bevat,4,5,binnen,1,no,79,Is,NA,NA,NA,NA,NA,NA,NA,NA,NA,NA,NA,NA,NA,NA,NA,NA,NA,NA,NA,NA,NA,NA,NA,NA,NA,NA,NA,NA,NA,NA,NA,NA,NA,NA,NA,NA,NA,NA
702b5,249,NA,trial_sequence,flow.Sequence,1_2_78,NA,NA,NA,NA,completion,1301,301723,301722,301737,303038,303039,2022-04-28T11:19:51.999Z,303055,NA,NA,NA,NA,NA,NA,NA,NA,NA,NA,NA,NA,NA,NA,NA,NA,NA,NA,NA,NA,NA,NA,NA,LUP,NEX,LUP,NEX,5,is binnen,3,bevat,2,4,bevat,3,5,bevat,4,5,binnen,1,no,79,Is,NA,NA,NA,NA,NA,NA,NA,NA,NA,NA,NA,NA,NA,NA,NA,NA,NA,NA,NA,NA,NA,NA,NA,NA,NA,NA,NA,NA,NA,NA,NA,NA,NA,NA,NA,NA,NA,NA
702b5,249,NA,trial,canvas.Screen,1_2_79_0_0,NA,NA,NA,NA,response,299,303045,303038,303055,303337,303332,2022-04-28T11:19:52.292Z,303355,NA,NA,NA,NA,NA,NA,NA,NA,NA,NA,NA,NA,NA,NA,NA,NA,NA,NA,NA,NA,NA,NA,NA,YIF,HUF,YIF,POG,5,is binnen,2,is binnen,3,4,bevat,3,5,bevat,4,1,binnen,5,yes,80,Is,HUF,NUZ,no,mousedown @no,yes,FALSE,WEC,NUZ,POG,WEC,NA,NA,NA,NA,NA,NA,NA,NA,NA,NA,NA,NA,NA,NA,NA,NA,NA,NA,NA,NA,NA,NA,NA,NA,NA,NA,NA,NA
702b5,249,NA,timer,html.Frame,1_2_79_0,NA,NA,NA,NA,NA,278,303041,303038,303055,303333,303334,2022-04-28T11:19:52.294Z,303355,NA,NA,NA,NA,NA,NA,NA,NA,NA,NA,NA,NA,NA,NA,NA,NA,NA,KUK,GOW,QIV,"NAJ",KUR,NA,LUP,NEX,LUP,NEX,5,is binnen,2,is binnen,3,4,bevat,3,5,bevat,4,1,binnen,5,yes,80,Is,NA,NA,NA,NA,NA,NA,NA,NA,NA,NA,NA,NA,NA,NA,NA,NA,NA,NA,NA,NA,NA,NA,NA,NA,NA,NA,NA,NA,NA,NA,NA,NA,NA,NA,NA,NA,NA,NA
702b5,249,NA,iti,canvas.Screen,1_2_79_1,NA,NA,NA,NA,timeout,1050,303334,303339,303355,304338,304338,2022-04-28T11:19:53.299Z,304405,NA,NA,NA,NA,NA,NA,NA,NA,NA,NA,NA,NA,NA,NA,NA,NA,NA,NA,NA,NA,NA,NA,NA,LUP,NEX,LUP,NEX,5,is binnen,2,is binnen,3,4,bevat,3,5,bevat,4,1,binnen,5,yes,80,Is,NA,NA,NA,NA,NA,NA,NA,NA,NA,NA,NA,NA,NA,NA,NA,NA,NA,NA,NA,NA,NA,NA,NA,NA,NA,NA,NA,NA,NA,NA,NA,NA,NA,NA,NA,NA,NA,NA
702b5,249,NA,trial_sequence,flow.Sequence,1_2_79,NA,NA,NA,NA,completion,1283,303039,303038,303055,304338,304339,2022-04-28T11:19:53.299Z,304405,NA,NA,NA,NA,NA,NA,NA,NA,NA,NA,NA,NA,NA,NA,NA,NA,NA,NA,NA,NA,NA,NA,NA,LUP,NEX,LUP,NEX,5,is binnen,2,is binnen,3,4,bevat,3,5,bevat,4,1,binnen,5,yes,80,Is,NA,NA,NA,NA,NA,NA,NA,NA,NA,NA,NA,NA,NA,NA,NA,NA,NA,NA,NA,NA,NA,NA,NA,NA,NA,NA,NA,NA,NA,NA,NA,NA,NA,NA,NA,NA,NA,NA
702b5,249,NA,standard_trial_list,flow.Loop,1_2,NA,NA,NA,NA,completion,172227,132059,132093,132111,304338,304339,2022-04-28T11:19:53.299Z,304405,NA,NA,NA,NA,NA,NA,NA,NA,NA,NA,NA,NA,NA,NA,NA,NA,NA,NA,NA,NA,NA,NA,NA,LUP,NEX,LUP,NEX,NA,NA,NA,NA,NA,NA,NA,NA,NA,NA,NA,NA,NA,NA,NA,NA,NA,NA,NA,NA,NA,NA,NA,NA,NA,NA,NA,NA,NA,NA,NA,NA,NA,NA,NA,NA,NA,NA,NA,NA,NA,NA,NA,NA,NA,NA,NA,NA,NA,NA,NA,NA,NA,NA,NA
702b5,249,NA,trial,canvas.Screen,1_3_0_0_0,NA,NA,NA,NA,response,568,304389,304338,304405,304906,304901,2022-04-28T11:19:53.861Z,304938,NA,NA,NA,NA,NA,NA,NA,NA,NA,NA,NA,NA,NA,NA,NA,NA,NA,GUG,NEN,BEX,XEX,NA,NA,GUG,NEN,GUG,NEN,6,is hetzelfde als,NA,is hetzelfde als,NA,NA,NA,NA,NA,NA,NA,1,hetzelfde als,2,yes,81,NA,BEX,XEX,no,mousedown @no,yes,FALSE,NA,NA,NA,NA,BEX,XEX,3,4,NA,NA,NA,NA,NA,NA,NA,NA,NA,NA,NA,NA,NA,NA,NA,NA,NA,NA,NA,NA,NA,NA,NA,NA
702b5,249,NA,timer,html.Frame,1_3_0_0,NA,NA,NA,NA,NA,498,304386,304338,304405,304903,304903,2022-04-28T11:19:53.863Z,304938,NA,NA,NA,NA,NA,NA,NA,NA,NA,NA,NA,NA,NA,NA,NA,NA,NA,LOV,GUF,HAV,XOZ,NA,NA,GUG,NEN,GUG,NEN,6,is hetzelfde als,NA,is hetzelfde als,NA,NA,NA,NA,NA,NA,NA,1,hetzelfde als,2,yes,81,NA,BEX,XEX,NA,NA,NA,NA,NA,NA,NA,NA,BEX,XEX,3,4,NA,NA,NA,NA,NA,NA,NA,NA,NA,NA,NA,NA,NA,NA,NA,NA,NA,NA,NA,NA,NA,NA,NA,NA
702b5,249,NA,iti,canvas.Screen,1_3_0_1,NA,NA,NA,NA,timeout,1001,304903,304922,304938,305922,305923,2022-04-28T11:19:54.883Z,305939,NA,NA,NA,NA,NA,NA,NA,NA,NA,NA,NA,NA,NA,NA,NA,NA,NA,NA,NA,NA,NA,NA,NA,GUG,NEN,GUG,NEN,6,is hetzelfde als,NA,is hetzelfde als,NA,NA,NA,NA,NA,NA,NA,1,hetzelfde als,2,yes,81,NA,BEX,XEX,NA,NA,NA,NA,NA,NA,NA,NA,BEX,XEX,3,4,NA,NA,NA,NA,NA,NA,NA,NA,NA,NA,NA,NA,NA,NA,NA,NA,NA,NA,NA,NA,NA,NA,NA,NA
702b5,249,NA,trial_sequence,flow.Sequence,1_3_0,NA,NA,NA,NA,completion,1517,304385,304338,304405,305922,305924,2022-04-28T11:19:54.884Z,305939,NA,NA,NA,NA,NA,NA,NA,NA,NA,NA,NA,NA,NA,NA,NA,NA,NA,NA,NA,NA,NA,NA,NA,GUG,NEN,GUG,NEN,6,is hetzelfde als,NA,is hetzelfde als,NA,NA,NA,NA,NA,NA,NA,1,hetzelfde als,2,yes,81,NA,BEX,XEX,NA,NA,NA,NA,NA,NA,NA,NA,BEX,XEX,3,4,NA,NA,NA,NA,NA,NA,NA,NA,NA,NA,NA,NA,NA,NA,NA,NA,NA,NA,NA,NA,NA,NA,NA,NA
702b5,250,NA,trial,canvas.Screen,1_3_1_0_0,NA,NA,NA,NA,response,19614,305929,305922,305939,325536,325536,2022-04-28T11:20:14.496Z,325573,NA,NA,NA,NA,NA,NA,NA,NA,NA,NA,NA,NA,NA,NA,NA,NA,NA,NA,NA,NA,NA,NA,NA,LOV,GUF,LOV,GUF,6,is hetzelfde als,NA,is hetzelfde als,NA,NA,NA,NA,NA,NA,NA,1,het tegenovergestelde van,2,no,82,NA,HAV,XOZ,no,mousedown @no,no,TRUE,NA,NA,NA,NA,HAV,XOZ,4,3,NA,NA,NA,NA,NA,NA,NA,NA,NA,NA,NA,NA,NA,NA,NA,NA,NA,NA,NA,NA,NA,NA,NA,NA
702b5,250,NA,timer,html.Frame,1_3_1_0,NA,NA,NA,NA,NA,19598.0000000001,305925,305922,305939,325537,325537,2022-04-28T11:20:14.497Z,325573,NA,NA,NA,NA,NA,NA,NA,NA,NA,NA,NA,NA,NA,NA,NA,NA,NA,QEZ,CUL,YUN,XIK,NA,36,GUG,NEN,GUG,NEN,6,is hetzelfde als,NA,is hetzelfde als,NA,NA,NA,NA,NA,NA,NA,1,het tegenovergestelde van,2,no,82,NA,BEX,XEX,NA,NA,NA,NA,NA,NA,NA,NA,BEX,XEX,4,3,NA,NA,NA,NA,NA,NA,NA,NA,NA,NA,NA,NA,NA,NA,NA,NA,NA,NA,NA,NA,NA,NA,NA,NA
702b5,250,NA,iti,canvas.Screen,1_3_1_1,NA,NA,NA,NA,timeout,1000,325538,325557,325573,326557,326558,2022-04-28T11:20:15.518Z,326573,NA,NA,NA,NA,NA,NA,NA,NA,NA,NA,NA,NA,NA,NA,NA,NA,NA,NA,NA,NA,NA,NA,NA,GUG,NEN,GUG,NEN,6,is hetzelfde als,NA,is hetzelfde als,NA,NA,NA,NA,NA,NA,NA,1,het tegenovergestelde van,2,no,82,NA,BEX,XEX,NA,NA,NA,NA,NA,NA,NA,NA,BEX,XEX,4,3,NA,NA,NA,NA,NA,NA,NA,NA,NA,NA,NA,NA,NA,NA,NA,NA,NA,NA,NA,NA,NA,NA,NA,NA
702b5,250,NA,trial_sequence,flow.Sequence,1_3_1,NA,NA,NA,NA,completion,20618,305924,305922,305939,326557,326559,2022-04-28T11:20:15.518Z,326573,NA,NA,NA,NA,NA,NA,NA,NA,NA,NA,NA,NA,NA,NA,NA,NA,NA,NA,NA,NA,NA,NA,NA,GUG,NEN,GUG,NEN,6,is hetzelfde als,NA,is hetzelfde als,NA,NA,NA,NA,NA,NA,NA,1,het tegenovergestelde van,2,no,82,NA,BEX,XEX,NA,NA,NA,NA,NA,NA,NA,NA,BEX,XEX,4,3,NA,NA,NA,NA,NA,NA,NA,NA,NA,NA,NA,NA,NA,NA,NA,NA,NA,NA,NA,NA,NA,NA,NA,NA
702b5,250,NA,trial,canvas.Screen,1_3_2_0_0,NA,NA,NA,NA,response,1281,326563,326557,326573,327838,327832,2022-04-28T11:20:16.792Z,327874,NA,NA,NA,NA,NA,NA,NA,NA,NA,NA,NA,NA,NA,NA,NA,NA,NA,NA,NA,NA,NA,NA,NA,QEZ,CUL,CUL,QEZ,6,is hetzelfde als,NA,is hetzelfde als,NA,NA,NA,NA,NA,NA,NA,2,het tegenovergestelde van,1,no,83,NA,YUN,XIK,no,mousedown @no,no,TRUE,NA,NA,NA,NA,YUN,XIK,4,3,NA,NA,NA,NA,NA,NA,NA,NA,NA,NA,NA,NA,NA,NA,NA,NA,NA,NA,NA,NA,NA,NA,NA,NA
702b5,250,NA,timer,html.Frame,1_3_2_0,NA,NA,NA,NA,NA,1262,326560,326557,326573,327835,327835,2022-04-28T11:20:16.795Z,327874,NA,NA,NA,NA,NA,NA,NA,NA,NA,NA,NA,NA,NA,NA,NA,NA,NA,VOR,NOC,XOQ,GEQ,NA,37,GUG,NEN,GUG,NEN,6,is hetzelfde als,NA,is hetzelfde als,NA,NA,NA,NA,NA,NA,NA,2,het tegenovergestelde van,1,no,83,NA,BEX,XEX,NA,NA,NA,NA,NA,NA,NA,NA,BEX,XEX,4,3,NA,NA,NA,NA,NA,NA,NA,NA,NA,NA,NA,NA,NA,NA,NA,NA,NA,NA,NA,NA,NA,NA,NA,NA
702b5,250,NA,iti,canvas.Screen,1_3_2_1,NA,NA,NA,NA,timeout,999,327835,327857,327874,328857,328858,2022-04-28T11:20:17.817Z,328873,NA,NA,NA,NA,NA,NA,NA,NA,NA,NA,NA,NA,NA,NA,NA,NA,NA,NA,NA,NA,NA,NA,NA,GUG,NEN,GUG,NEN,6,is hetzelfde als,NA,is hetzelfde als,NA,NA,NA,NA,NA,NA,NA,2,het tegenovergestelde van,1,no,83,NA,BEX,XEX,NA,NA,NA,NA,NA,NA,NA,NA,BEX,XEX,4,3,NA,NA,NA,NA,NA,NA,NA,NA,NA,NA,NA,NA,NA,NA,NA,NA,NA,NA,NA,NA,NA,NA,NA,NA
702b5,250,NA,trial_sequence,flow.Sequence,1_3_2,NA,NA,NA,NA,completion,2284,326559,326557,326573,328857,328858,2022-04-28T11:20:17.818Z,328873,NA,NA,NA,NA,NA,NA,NA,NA,NA,NA,NA,NA,NA,NA,NA,NA,NA,NA,NA,NA,NA,NA,NA,GUG,NEN,GUG,NEN,6,is hetzelfde als,NA,is hetzelfde als,NA,NA,NA,NA,NA,NA,NA,2,het tegenovergestelde van,1,no,83,NA,BEX,XEX,NA,NA,NA,NA,NA,NA,NA,NA,BEX,XEX,4,3,NA,NA,NA,NA,NA,NA,NA,NA,NA,NA,NA,NA,NA,NA,NA,NA,NA,NA,NA,NA,NA,NA,NA,NA
702b5,251,NA,trial,canvas.Screen,1_3_3_0_0,NA,NA,NA,NA,response,8687,328863,328857,328873,337544,337540,2022-04-28T11:20:26.500Z,337591,NA,NA,NA,NA,NA,NA,NA,NA,NA,NA,NA,NA,NA,NA,NA,NA,NA,NA,NA,NA,NA,NA,NA,VOR,NOC,VOR,NOC,6,is hetzelfde als,NA,is het tegenovergestelde van,NA,NA,NA,NA,NA,NA,NA,1,hetzelfde als,2,no,84,NA,XOQ,GEQ,no,mousedown @no,no,TRUE,NA,NA,NA,NA,XOQ,GEQ,4,3,NA,NA,NA,NA,NA,NA,NA,NA,NA,NA,NA,NA,NA,NA,NA,NA,NA,NA,NA,NA,NA,NA,NA,NA
702b5,251,NA,timer,html.Frame,1_3_3_0,NA,NA,NA,NA,NA,8674,328860,328857,328873,337547,337548,2022-04-28T11:20:26.507Z,337591,NA,NA,NA,NA,NA,NA,NA,NA,NA,NA,NA,NA,NA,NA,NA,NA,NA,CIP,DOH,VUZ,QER,NA,38,GUG,NEN,GUG,NEN,6,is hetzelfde als,NA,is het tegenovergestelde van,NA,NA,NA,NA,NA,NA,NA,1,hetzelfde als,2,no,84,NA,BEX,XEX,NA,NA,NA,NA,NA,NA,NA,NA,BEX,XEX,4,3,NA,NA,NA,NA,NA,NA,NA,NA,NA,NA,NA,NA,NA,NA,NA,NA,NA,NA,NA,NA,NA,NA,NA,NA
702b5,251,NA,iti,canvas.Screen,1_3_3_1,NA,NA,NA,NA,timeout,999,337548,337575,337591,338575,338575,2022-04-28T11:20:27.535Z,338590,NA,NA,NA,NA,NA,NA,NA,NA,NA,NA,NA,NA,NA,NA,NA,NA,NA,NA,NA,NA,NA,NA,NA,GUG,NEN,GUG,NEN,6,is hetzelfde als,NA,is het tegenovergestelde van,NA,NA,NA,NA,NA,NA,NA,1,hetzelfde als,2,no,84,NA,BEX,XEX,NA,NA,NA,NA,NA,NA,NA,NA,BEX,XEX,4,3,NA,NA,NA,NA,NA,NA,NA,NA,NA,NA,NA,NA,NA,NA,NA,NA,NA,NA,NA,NA,NA,NA,NA,NA
702b5,251,NA,trial_sequence,flow.Sequence,1_3_3,NA,NA,NA,NA,completion,9702,328859,328857,328873,338575,338576,2022-04-28T11:20:27.536Z,338590,NA,NA,NA,NA,NA,NA,NA,NA,NA,NA,NA,NA,NA,NA,NA,NA,NA,NA,NA,NA,NA,NA,NA,GUG,NEN,GUG,NEN,6,is hetzelfde als,NA,is het tegenovergestelde van,NA,NA,NA,NA,NA,NA,NA,1,hetzelfde als,2,no,84,NA,BEX,XEX,NA,NA,NA,NA,NA,NA,NA,NA,BEX,XEX,4,3,NA,NA,NA,NA,NA,NA,NA,NA,NA,NA,NA,NA,NA,NA,NA,NA,NA,NA,NA,NA,NA,NA,NA,NA
702b5,252,NA,trial,canvas.Screen,1_3_4_0_0,NA,NA,NA,NA,response,4126,338582,338575,338590,342701,342696,2022-04-28T11:20:31.656Z,342740,NA,NA,NA,NA,NA,NA,NA,NA,NA,NA,NA,NA,NA,NA,NA,NA,NA,NA,NA,NA,NA,NA,NA,CIP,DOH,DOH,CIP,6,is hetzelfde als,NA,is het tegenovergestelde van,NA,NA,NA,NA,NA,NA,NA,2,het tegenovergestelde van,1,yes,85,NA,VUZ,QER,no,mousedown @no,yes,FALSE,NA,NA,NA,NA,VUZ,QER,3,4,NA,NA,NA,NA,NA,NA,NA,NA,NA,NA,NA,NA,NA,NA,NA,NA,NA,NA,NA,NA,NA,NA,NA,NA
702b5,252,NA,timer,html.Frame,1_3_4_0,NA,NA,NA,NA,NA,4108,338578,338575,338590,342698,342698,2022-04-28T11:20:31.658Z,342740,NA,NA,NA,NA,NA,NA,NA,NA,NA,NA,NA,NA,NA,NA,NA,NA,NA,WEY,WEH,WOQ,NIQ,NA,NA,GUG,NEN,GUG,NEN,6,is hetzelfde als,NA,is het tegenovergestelde van,NA,NA,NA,NA,NA,NA,NA,2,het tegenovergestelde van,1,yes,85,NA,BEX,XEX,NA,NA,NA,NA,NA,NA,NA,NA,BEX,XEX,3,4,NA,NA,NA,NA,NA,NA,NA,NA,NA,NA,NA,NA,NA,NA,NA,NA,NA,NA,NA,NA,NA,NA,NA,NA
702b5,252,NA,iti,canvas.Screen,1_3_4_1,NA,NA,NA,NA,timeout,1001,342698,342724,342740,343725,343725,2022-04-28T11:20:32.685Z,343741,NA,NA,NA,NA,NA,NA,NA,NA,NA,NA,NA,NA,NA,NA,NA,NA,NA,NA,NA,NA,NA,NA,NA,GUG,NEN,GUG,NEN,6,is hetzelfde als,NA,is het tegenovergestelde van,NA,NA,NA,NA,NA,NA,NA,2,het tegenovergestelde van,1,yes,85,NA,BEX,XEX,NA,NA,NA,NA,NA,NA,NA,NA,BEX,XEX,3,4,NA,NA,NA,NA,NA,NA,NA,NA,NA,NA,NA,NA,NA,NA,NA,NA,NA,NA,NA,NA,NA,NA,NA,NA
702b5,252,NA,trial_sequence,flow.Sequence,1_3_4,NA,NA,NA,NA,completion,5135,338576,338575,338590,343725,343726,2022-04-28T11:20:32.685Z,343741,NA,NA,NA,NA,NA,NA,NA,NA,NA,NA,NA,NA,NA,NA,NA,NA,NA,NA,NA,NA,NA,NA,NA,GUG,NEN,GUG,NEN,6,is hetzelfde als,NA,is het tegenovergestelde van,NA,NA,NA,NA,NA,NA,NA,2,het tegenovergestelde van,1,yes,85,NA,BEX,XEX,NA,NA,NA,NA,NA,NA,NA,NA,BEX,XEX,3,4,NA,NA,NA,NA,NA,NA,NA,NA,NA,NA,NA,NA,NA,NA,NA,NA,NA,NA,NA,NA,NA,NA,NA,NA
702b5,252,NA,trial,canvas.Screen,1_3_5_0_0,NA,NA,NA,NA,response,361,343731,343725,343741,344086,344080,2022-04-28T11:20:33.039Z,344108,NA,NA,NA,NA,NA,NA,NA,NA,NA,NA,NA,NA,NA,NA,NA,NA,NA,NA,NA,NA,NA,NA,NA,WEY,WEH,WEY,WEH,6,is het tegenovergestelde van,NA,is het tegenovergestelde van,NA,NA,NA,NA,NA,NA,NA,1,hetzelfde als,2,yes,86,NA,WOQ,NIQ,no,mousedown @no,yes,FALSE,NA,NA,NA,NA,WOQ,NIQ,4,3,NA,NA,NA,NA,NA,NA,NA,NA,NA,NA,NA,NA,NA,NA,NA,NA,NA,NA,NA,NA,NA,NA,NA,NA
702b5,252,NA,timer,html.Frame,1_3_5_0,NA,NA,NA,NA,NA,340,343728,343725,343741,344081,344081,2022-04-28T11:20:33.040Z,344108,NA,NA,NA,NA,NA,NA,NA,NA,NA,NA,NA,NA,NA,NA,NA,NA,NA,JIP,KEQ,PID,FIF,NA,NA,GUG,NEN,GUG,NEN,6,is het tegenovergestelde van,NA,is het tegenovergestelde van,NA,NA,NA,NA,NA,NA,NA,1,hetzelfde als,2,yes,86,NA,BEX,XEX,NA,NA,NA,NA,NA,NA,NA,NA,BEX,XEX,4,3,NA,NA,NA,NA,NA,NA,NA,NA,NA,NA,NA,NA,NA,NA,NA,NA,NA,NA,NA,NA,NA,NA,NA,NA
702b5,252,NA,iti,canvas.Screen,1_3_5_1,NA,NA,NA,NA,timeout,1000,344081,344091,344108,345092,345092,2022-04-28T11:20:34.052Z,345108,NA,NA,NA,NA,NA,NA,NA,NA,NA,NA,NA,NA,NA,NA,NA,NA,NA,NA,NA,NA,NA,NA,NA,GUG,NEN,GUG,NEN,6,is het tegenovergestelde van,NA,is het tegenovergestelde van,NA,NA,NA,NA,NA,NA,NA,1,hetzelfde als,2,yes,86,NA,BEX,XEX,NA,NA,NA,NA,NA,NA,NA,NA,BEX,XEX,4,3,NA,NA,NA,NA,NA,NA,NA,NA,NA,NA,NA,NA,NA,NA,NA,NA,NA,NA,NA,NA,NA,NA,NA,NA
702b5,252,NA,trial_sequence,flow.Sequence,1_3_5,NA,NA,NA,NA,completion,1351,343726,343725,343741,345092,345093,2022-04-28T11:20:34.052Z,345108,NA,NA,NA,NA,NA,NA,NA,NA,NA,NA,NA,NA,NA,NA,NA,NA,NA,NA,NA,NA,NA,NA,NA,GUG,NEN,GUG,NEN,6,is het tegenovergestelde van,NA,is het tegenovergestelde van,NA,NA,NA,NA,NA,NA,NA,1,hetzelfde als,2,yes,86,NA,BEX,XEX,NA,NA,NA,NA,NA,NA,NA,NA,BEX,XEX,4,3,NA,NA,NA,NA,NA,NA,NA,NA,NA,NA,NA,NA,NA,NA,NA,NA,NA,NA,NA,NA,NA,NA,NA,NA
702b5,252,NA,trial,canvas.Screen,1_3_6_0_0,NA,NA,NA,NA,response,1220,345098,345092,345108,346312,346306,2022-04-28T11:20:35.266Z,346342,NA,NA,NA,NA,NA,NA,NA,NA,NA,NA,NA,NA,NA,NA,NA,NA,NA,NA,NA,NA,NA,NA,NA,JIP,KEQ,JIP,KEQ,6,is het tegenovergestelde van,NA,is het tegenovergestelde van,NA,NA,NA,NA,NA,NA,NA,1,het tegenovergestelde van,2,no,87,NA,PID,FIF,no,mousedown @no,no,TRUE,NA,NA,NA,NA,PID,FIF,3,4,NA,NA,NA,NA,NA,NA,NA,NA,NA,NA,NA,NA,NA,NA,NA,NA,NA,NA,NA,NA,NA,NA,NA,NA
702b5,252,NA,timer,html.Frame,1_3_6_0,NA,NA,NA,NA,NA,1199,345095,345092,345108,346307,346308,2022-04-28T11:20:35.267Z,346342,NA,NA,NA,NA,NA,NA,NA,NA,NA,NA,NA,NA,NA,NA,NA,NA,NA,KUZ,QUL,BEJ,CUV,NA,39,GUG,NEN,GUG,NEN,6,is het tegenovergestelde van,NA,is het tegenovergestelde van,NA,NA,NA,NA,NA,NA,NA,1,het tegenovergestelde van,2,no,87,NA,BEX,XEX,NA,NA,NA,NA,NA,NA,NA,NA,BEX,XEX,3,4,NA,NA,NA,NA,NA,NA,NA,NA,NA,NA,NA,NA,NA,NA,NA,NA,NA,NA,NA,NA,NA,NA,NA,NA
702b5,252,NA,iti,canvas.Screen,1_3_6_1,NA,NA,NA,NA,timeout,1000,346308,346325,346342,347324,347325,2022-04-28T11:20:36.284Z,347342,NA,NA,NA,NA,NA,NA,NA,NA,NA,NA,NA,NA,NA,NA,NA,NA,NA,NA,NA,NA,NA,NA,NA,GUG,NEN,GUG,NEN,6,is het tegenovergestelde van,NA,is het tegenovergestelde van,NA,NA,NA,NA,NA,NA,NA,1,het tegenovergestelde van,2,no,87,NA,BEX,XEX,NA,NA,NA,NA,NA,NA,NA,NA,BEX,XEX,3,4,NA,NA,NA,NA,NA,NA,NA,NA,NA,NA,NA,NA,NA,NA,NA,NA,NA,NA,NA,NA,NA,NA,NA,NA
702b5,252,NA,trial_sequence,flow.Sequence,1_3_6,NA,NA,NA,NA,completion,2216,345093,345092,345108,347324,347325,2022-04-28T11:20:36.284Z,347342,NA,NA,NA,NA,NA,NA,NA,NA,NA,NA,NA,NA,NA,NA,NA,NA,NA,NA,NA,NA,NA,NA,NA,GUG,NEN,GUG,NEN,6,is het tegenovergestelde van,NA,is het tegenovergestelde van,NA,NA,NA,NA,NA,NA,NA,1,het tegenovergestelde van,2,no,87,NA,BEX,XEX,NA,NA,NA,NA,NA,NA,NA,NA,BEX,XEX,3,4,NA,NA,NA,NA,NA,NA,NA,NA,NA,NA,NA,NA,NA,NA,NA,NA,NA,NA,NA,NA,NA,NA,NA,NA
702b5,252,NA,trial,canvas.Screen,1_3_7_0_0,NA,NA,NA,NA,response,325,347330,347324,347342,347649,347644,2022-04-28T11:20:36.604Z,347675,NA,NA,NA,NA,NA,NA,NA,NA,NA,NA,NA,NA,NA,NA,NA,NA,NA,NA,NA,NA,NA,NA,NA,KUZ,QUL,QUL,KUZ,6,is het tegenovergestelde van,NA,is het tegenovergestelde van,NA,NA,NA,NA,NA,NA,NA,2,het tegenovergestelde van,1,no,88,NA,BEJ,CUV,no,mousedown @no,no,TRUE,NA,NA,NA,NA,BEJ,CUV,3,4,NA,NA,NA,NA,NA,NA,NA,NA,NA,NA,NA,NA,NA,NA,NA,NA,NA,NA,NA,NA,NA,NA,NA,NA
702b5,252,NA,timer,html.Frame,1_3_7_0,NA,NA,NA,NA,NA,303,347327,347324,347342,347645,347646,2022-04-28T11:20:36.605Z,347675,NA,NA,NA,NA,NA,NA,NA,NA,NA,NA,NA,NA,NA,NA,NA,NA,NA,CIH,XAY,XAM,XUK,NA,40,GUG,NEN,GUG,NEN,6,is het tegenovergestelde van,NA,is het tegenovergestelde van,NA,NA,NA,NA,NA,NA,NA,2,het tegenovergestelde van,1,no,88,NA,BEX,XEX,NA,NA,NA,NA,NA,NA,NA,NA,BEX,XEX,3,4,NA,NA,NA,NA,NA,NA,NA,NA,NA,NA,NA,NA,NA,NA,NA,NA,NA,NA,NA,NA,NA,NA,NA,NA
702b5,252,NA,iti,canvas.Screen,1_3_7_1,NA,NA,NA,NA,timeout,1000,347646,347658,347675,348657,348658,2022-04-28T11:20:37.617Z,348675,NA,NA,NA,NA,NA,NA,NA,NA,NA,NA,NA,NA,NA,NA,NA,NA,NA,NA,NA,NA,NA,NA,NA,GUG,NEN,GUG,NEN,6,is het tegenovergestelde van,NA,is het tegenovergestelde van,NA,NA,NA,NA,NA,NA,NA,2,het tegenovergestelde van,1,no,88,NA,BEX,XEX,NA,NA,NA,NA,NA,NA,NA,NA,BEX,XEX,3,4,NA,NA,NA,NA,NA,NA,NA,NA,NA,NA,NA,NA,NA,NA,NA,NA,NA,NA,NA,NA,NA,NA,NA,NA
702b5,252,NA,trial_sequence,flow.Sequence,1_3_7,NA,NA,NA,NA,completion,1315,347325,347324,347342,348657,348658,2022-04-28T11:20:37.618Z,348675,NA,NA,NA,NA,NA,NA,NA,NA,NA,NA,NA,NA,NA,NA,NA,NA,NA,NA,NA,NA,NA,NA,NA,GUG,NEN,GUG,NEN,6,is het tegenovergestelde van,NA,is het tegenovergestelde van,NA,NA,NA,NA,NA,NA,NA,2,het tegenovergestelde van,1,no,88,NA,BEX,XEX,NA,NA,NA,NA,NA,NA,NA,NA,BEX,XEX,3,4,NA,NA,NA,NA,NA,NA,NA,NA,NA,NA,NA,NA,NA,NA,NA,NA,NA,NA,NA,NA,NA,NA,NA,NA
702b5,252,NA,trial,canvas.Screen,1_3_8_0_0,NA,NA,NA,NA,response,361,348664,348657,348675,349018,349012,2022-04-28T11:20:37.972Z,349041,NA,NA,NA,NA,NA,NA,NA,NA,NA,NA,NA,NA,NA,NA,NA,NA,NA,NA,NA,NA,NA,NA,NA,CIH,XAY,CIH,XAY,6,is meer dan,NA,is meer dan,NA,NA,NA,NA,NA,NA,NA,1,hetzelfde als,2,no,89,NA,XAM,XUK,no,mousedown @no,no,TRUE,NA,NA,NA,NA,XAM,XUK,4,3,NA,NA,NA,NA,NA,NA,NA,NA,NA,NA,NA,NA,NA,NA,NA,NA,NA,NA,NA,NA,NA,NA,NA,NA
702b5,252,NA,timer,html.Frame,1_3_8_0,NA,NA,NA,NA,NA,339,348661,348657,348675,349014,349014,2022-04-28T11:20:37.973Z,349041,NA,NA,NA,NA,NA,NA,NA,NA,NA,NA,NA,NA,NA,NA,NA,NA,NA,CIC,DAJ,TUV,WUL,NA,41,GUG,NEN,GUG,NEN,6,is meer dan,NA,is meer dan,NA,NA,NA,NA,NA,NA,NA,1,hetzelfde als,2,no,89,NA,BEX,XEX,NA,NA,NA,NA,NA,NA,NA,NA,BEX,XEX,4,3,NA,NA,NA,NA,NA,NA,NA,NA,NA,NA,NA,NA,NA,NA,NA,NA,NA,NA,NA,NA,NA,NA,NA,NA
702b5,252,NA,iti,canvas.Screen,1_3_8_1,NA,NA,NA,NA,timeout,1000,349014,349025,349041,350025,350025,2022-04-28T11:20:38.984Z,350041,NA,NA,NA,NA,NA,NA,NA,NA,NA,NA,NA,NA,NA,NA,NA,NA,NA,NA,NA,NA,NA,NA,NA,GUG,NEN,GUG,NEN,6,is meer dan,NA,is meer dan,NA,NA,NA,NA,NA,NA,NA,1,hetzelfde als,2,no,89,NA,BEX,XEX,NA,NA,NA,NA,NA,NA,NA,NA,BEX,XEX,4,3,NA,NA,NA,NA,NA,NA,NA,NA,NA,NA,NA,NA,NA,NA,NA,NA,NA,NA,NA,NA,NA,NA,NA,NA
702b5,252,NA,trial_sequence,flow.Sequence,1_3_8,NA,NA,NA,NA,completion,1350,348659,348657,348675,350025,350025,2022-04-28T11:20:38.985Z,350041,NA,NA,NA,NA,NA,NA,NA,NA,NA,NA,NA,NA,NA,NA,NA,NA,NA,NA,NA,NA,NA,NA,NA,GUG,NEN,GUG,NEN,6,is meer dan,NA,is meer dan,NA,NA,NA,NA,NA,NA,NA,1,hetzelfde als,2,no,89,NA,BEX,XEX,NA,NA,NA,NA,NA,NA,NA,NA,BEX,XEX,4,3,NA,NA,NA,NA,NA,NA,NA,NA,NA,NA,NA,NA,NA,NA,NA,NA,NA,NA,NA,NA,NA,NA,NA,NA
702b5,252,NA,trial,canvas.Screen,1_3_9_0_0,NA,NA,NA,NA,response,411.000000000058,350031,350025,350041,350436,350429,2022-04-28T11:20:39.389Z,350458,NA,NA,NA,NA,NA,NA,NA,NA,NA,NA,NA,NA,NA,NA,NA,NA,NA,NA,NA,NA,NA,NA,NA,CIC,DAJ,CIC,DAJ,6,is meer dan,NA,is meer dan,NA,NA,NA,NA,NA,NA,NA,1,het tegenovergestelde van,2,no,90,NA,TUV,WUL,no,mousedown @no,no,TRUE,NA,NA,NA,NA,TUV,WUL,3,4,NA,NA,NA,NA,NA,NA,NA,NA,NA,NA,NA,NA,NA,NA,NA,NA,NA,NA,NA,NA,NA,NA,NA,NA
702b5,252,NA,timer,html.Frame,1_3_9_0,NA,NA,NA,NA,NA,389,350027,350025,350041,350430,350431,2022-04-28T11:20:39.390Z,350458,NA,NA,NA,NA,NA,NA,NA,NA,NA,NA,NA,NA,NA,NA,NA,NA,NA,QIJ,MEJ,CEQ,KOZ,NA,42,GUG,NEN,GUG,NEN,6,is meer dan,NA,is meer dan,NA,NA,NA,NA,NA,NA,NA,1,het tegenovergestelde van,2,no,90,NA,BEX,XEX,NA,NA,NA,NA,NA,NA,NA,NA,BEX,XEX,3,4,NA,NA,NA,NA,NA,NA,NA,NA,NA,NA,NA,NA,NA,NA,NA,NA,NA,NA,NA,NA,NA,NA,NA,NA
702b5,252,NA,iti,canvas.Screen,1_3_9_1,NA,NA,NA,NA,timeout,1001,350431,350441,350458,351442,351443,2022-04-28T11:20:40.402Z,351459,NA,NA,NA,NA,NA,NA,NA,NA,NA,NA,NA,NA,NA,NA,NA,NA,NA,NA,NA,NA,NA,NA,NA,GUG,NEN,GUG,NEN,6,is meer dan,NA,is meer dan,NA,NA,NA,NA,NA,NA,NA,1,het tegenovergestelde van,2,no,90,NA,BEX,XEX,NA,NA,NA,NA,NA,NA,NA,NA,BEX,XEX,3,4,NA,NA,NA,NA,NA,NA,NA,NA,NA,NA,NA,NA,NA,NA,NA,NA,NA,NA,NA,NA,NA,NA,NA,NA
702b5,252,NA,trial_sequence,flow.Sequence,1_3_9,NA,NA,NA,NA,completion,1401,350026,350025,350041,351442,351443,2022-04-28T11:20:40.402Z,351459,NA,NA,NA,NA,NA,NA,NA,NA,NA,NA,NA,NA,NA,NA,NA,NA,NA,NA,NA,NA,NA,NA,NA,GUG,NEN,GUG,NEN,6,is meer dan,NA,is meer dan,NA,NA,NA,NA,NA,NA,NA,1,het tegenovergestelde van,2,no,90,NA,BEX,XEX,NA,NA,NA,NA,NA,NA,NA,NA,BEX,XEX,3,4,NA,NA,NA,NA,NA,NA,NA,NA,NA,NA,NA,NA,NA,NA,NA,NA,NA,NA,NA,NA,NA,NA,NA,NA
702b5,252,NA,trial,canvas.Screen,1_3_10_0_0,NA,NA,NA,NA,response,419,351448,351442,351459,351861,351855,2022-04-28T11:20:40.814Z,351892,NA,NA,NA,NA,NA,NA,NA,NA,NA,NA,NA,NA,NA,NA,NA,NA,NA,NA,NA,NA,NA,NA,NA,QIJ,MEJ,MEJ,QIJ,6,is meer dan,NA,is meer dan,NA,NA,NA,NA,NA,NA,NA,2,het tegenovergestelde van,1,yes,91,NA,CEQ,KOZ,no,mousedown @no,yes,FALSE,NA,NA,NA,NA,CEQ,KOZ,3,4,NA,NA,NA,NA,NA,NA,NA,NA,NA,NA,NA,NA,NA,NA,NA,NA,NA,NA,NA,NA,NA,NA,NA,NA
702b5,252,NA,timer,html.Frame,1_3_10_0,NA,NA,NA,NA,NA,397,351445,351442,351459,351856,351856,2022-04-28T11:20:40.816Z,351892,NA,NA,NA,NA,NA,NA,NA,NA,NA,NA,NA,NA,NA,NA,NA,NA,NA,YEB,VOC,SUQ,BOH,NA,NA,GUG,NEN,GUG,NEN,6,is meer dan,NA,is meer dan,NA,NA,NA,NA,NA,NA,NA,2,het tegenovergestelde van,1,yes,91,NA,BEX,XEX,NA,NA,NA,NA,NA,NA,NA,NA,BEX,XEX,3,4,NA,NA,NA,NA,NA,NA,NA,NA,NA,NA,NA,NA,NA,NA,NA,NA,NA,NA,NA,NA,NA,NA,NA,NA
702b5,252,NA,iti,canvas.Screen,1_3_10_1,NA,NA,NA,NA,timeout,999,351857,351875,351892,352876,352876,2022-04-28T11:20:41.835Z,352891,NA,NA,NA,NA,NA,NA,NA,NA,NA,NA,NA,NA,NA,NA,NA,NA,NA,NA,NA,NA,NA,NA,NA,GUG,NEN,GUG,NEN,6,is meer dan,NA,is meer dan,NA,NA,NA,NA,NA,NA,NA,2,het tegenovergestelde van,1,yes,91,NA,BEX,XEX,NA,NA,NA,NA,NA,NA,NA,NA,BEX,XEX,3,4,NA,NA,NA,NA,NA,NA,NA,NA,NA,NA,NA,NA,NA,NA,NA,NA,NA,NA,NA,NA,NA,NA,NA,NA
702b5,252,NA,trial_sequence,flow.Sequence,1_3_10,NA,NA,NA,NA,completion,1417,351443,351442,351459,352876,352877,2022-04-28T11:20:41.836Z,352891,NA,NA,NA,NA,NA,NA,NA,NA,NA,NA,NA,NA,NA,NA,NA,NA,NA,NA,NA,NA,NA,NA,NA,GUG,NEN,GUG,NEN,6,is meer dan,NA,is meer dan,NA,NA,NA,NA,NA,NA,NA,2,het tegenovergestelde van,1,yes,91,NA,BEX,XEX,NA,NA,NA,NA,NA,NA,NA,NA,BEX,XEX,3,4,NA,NA,NA,NA,NA,NA,NA,NA,NA,NA,NA,NA,NA,NA,NA,NA,NA,NA,NA,NA,NA,NA,NA,NA
702b5,252,NA,trial,canvas.Screen,1_3_11_0_0,NA,NA,NA,NA,response,474,352881,352876,352891,353350,353344,2022-04-28T11:20:42.303Z,353376,NA,NA,NA,NA,NA,NA,NA,NA,NA,NA,NA,NA,NA,NA,NA,NA,NA,NA,NA,NA,NA,NA,NA,YEB,VOC,YEB,VOC,6,is meer dan,NA,is minder dan,NA,NA,NA,NA,NA,NA,NA,1,hetzelfde als,2,no,92,NA,SUQ,BOH,no,mousedown @no,no,TRUE,NA,NA,NA,NA,SUQ,BOH,3,4,NA,NA,NA,NA,NA,NA,NA,NA,NA,NA,NA,NA,NA,NA,NA,NA,NA,NA,NA,NA,NA,NA,NA,NA
702b5,252,NA,timer,html.Frame,1_3_11_0,NA,NA,NA,NA,NA,454,352878,352876,352891,353345,353345,2022-04-28T11:20:42.305Z,353376,NA,NA,NA,NA,NA,NA,NA,NA,NA,NA,NA,NA,NA,NA,NA,NA,NA,XIC,XEW,CUC,HAX,NA,43,GUG,NEN,GUG,NEN,6,is meer dan,NA,is minder dan,NA,NA,NA,NA,NA,NA,NA,1,hetzelfde als,2,no,92,NA,BEX,XEX,NA,NA,NA,NA,NA,NA,NA,NA,BEX,XEX,3,4,NA,NA,NA,NA,NA,NA,NA,NA,NA,NA,NA,NA,NA,NA,NA,NA,NA,NA,NA,NA,NA,NA,NA,NA
702b5,252,NA,iti,canvas.Screen,1_3_11_1,NA,NA,NA,NA,timeout,1000,353346,353358,353376,354359,354360,2022-04-28T11:20:43.319Z,354376,NA,NA,NA,NA,NA,NA,NA,NA,NA,NA,NA,NA,NA,NA,NA,NA,NA,NA,NA,NA,NA,NA,NA,GUG,NEN,GUG,NEN,6,is meer dan,NA,is minder dan,NA,NA,NA,NA,NA,NA,NA,1,hetzelfde als,2,no,92,NA,BEX,XEX,NA,NA,NA,NA,NA,NA,NA,NA,BEX,XEX,3,4,NA,NA,NA,NA,NA,NA,NA,NA,NA,NA,NA,NA,NA,NA,NA,NA,NA,NA,NA,NA,NA,NA,NA,NA
702b5,252,NA,trial_sequence,flow.Sequence,1_3_11,NA,NA,NA,NA,completion,1468,352877,352876,352891,354359,354360,2022-04-28T11:20:43.319Z,354376,NA,NA,NA,NA,NA,NA,NA,NA,NA,NA,NA,NA,NA,NA,NA,NA,NA,NA,NA,NA,NA,NA,NA,GUG,NEN,GUG,NEN,6,is meer dan,NA,is minder dan,NA,NA,NA,NA,NA,NA,NA,1,hetzelfde als,2,no,92,NA,BEX,XEX,NA,NA,NA,NA,NA,NA,NA,NA,BEX,XEX,3,4,NA,NA,NA,NA,NA,NA,NA,NA,NA,NA,NA,NA,NA,NA,NA,NA,NA,NA,NA,NA,NA,NA,NA,NA
702b5,252,NA,trial,canvas.Screen,1_3_12_0_0,NA,NA,NA,NA,response,440.000000000058,354366,354359,354376,354799,354793,2022-04-28T11:20:43.752Z,354826,NA,NA,NA,NA,NA,NA,NA,NA,NA,NA,NA,NA,NA,NA,NA,NA,NA,NA,NA,NA,NA,NA,NA,XIC,XEW,XEW,XIC,6,is meer dan,NA,is minder dan,NA,NA,NA,NA,NA,NA,NA,2,het tegenovergestelde van,1,yes,93,NA,CUC,HAX,no,mousedown @no,yes,FALSE,NA,NA,NA,NA,CUC,HAX,4,3,NA,NA,NA,NA,NA,NA,NA,NA,NA,NA,NA,NA,NA,NA,NA,NA,NA,NA,NA,NA,NA,NA,NA,NA
702b5,252,NA,timer,html.Frame,1_3_12_0,NA,NA,NA,NA,NA,418,354362,354359,354376,354794,354794,2022-04-28T11:20:43.753Z,354826,NA,NA,NA,NA,NA,NA,NA,NA,NA,NA,NA,NA,NA,NA,NA,NA,NA,QED,PAQ,LEC,VAY,NA,NA,GUG,NEN,GUG,NEN,6,is meer dan,NA,is minder dan,NA,NA,NA,NA,NA,NA,NA,2,het tegenovergestelde van,1,yes,93,NA,BEX,XEX,NA,NA,NA,NA,NA,NA,NA,NA,BEX,XEX,4,3,NA,NA,NA,NA,NA,NA,NA,NA,NA,NA,NA,NA,NA,NA,NA,NA,NA,NA,NA,NA,NA,NA,NA,NA
702b5,252,NA,iti,canvas.Screen,1_3_12_1,NA,NA,NA,NA,timeout,999,354794,354809,354826,355808,355811,2022-04-28T11:20:44.770Z,355825,NA,NA,NA,NA,NA,NA,NA,NA,NA,NA,NA,NA,NA,NA,NA,NA,NA,NA,NA,NA,NA,NA,NA,GUG,NEN,GUG,NEN,6,is meer dan,NA,is minder dan,NA,NA,NA,NA,NA,NA,NA,2,het tegenovergestelde van,1,yes,93,NA,BEX,XEX,NA,NA,NA,NA,NA,NA,NA,NA,BEX,XEX,4,3,NA,NA,NA,NA,NA,NA,NA,NA,NA,NA,NA,NA,NA,NA,NA,NA,NA,NA,NA,NA,NA,NA,NA,NA
702b5,252,NA,trial_sequence,flow.Sequence,1_3_12,NA,NA,NA,NA,completion,1432,354360,354359,354376,355808,355812,2022-04-28T11:20:44.771Z,355825,NA,NA,NA,NA,NA,NA,NA,NA,NA,NA,NA,NA,NA,NA,NA,NA,NA,NA,NA,NA,NA,NA,NA,GUG,NEN,GUG,NEN,6,is meer dan,NA,is minder dan,NA,NA,NA,NA,NA,NA,NA,2,het tegenovergestelde van,1,yes,93,NA,BEX,XEX,NA,NA,NA,NA,NA,NA,NA,NA,BEX,XEX,4,3,NA,NA,NA,NA,NA,NA,NA,NA,NA,NA,NA,NA,NA,NA,NA,NA,NA,NA,NA,NA,NA,NA,NA,NA
702b5,252,NA,trial,canvas.Screen,1_3_13_0_0,NA,NA,NA,NA,response,488,355816,355808,355825,356296,356290,2022-04-28T11:20:45.249Z,356325,NA,NA,NA,NA,NA,NA,NA,NA,NA,NA,NA,NA,NA,NA,NA,NA,NA,NA,NA,NA,NA,NA,NA,QED,PAQ,PAQ,QED,6,is minder dan,NA,is minder dan,NA,NA,NA,NA,NA,NA,NA,2,hetzelfde als,1,no,94,NA,LEC,VAY,no,mousedown @no,no,TRUE,NA,NA,NA,NA,LEC,VAY,3,4,NA,NA,NA,NA,NA,NA,NA,NA,NA,NA,NA,NA,NA,NA,NA,NA,NA,NA,NA,NA,NA,NA,NA,NA
702b5,252,NA,timer,html.Frame,1_3_13_0,NA,NA,NA,NA,NA,466,355813,355808,355825,356291,356291,2022-04-28T11:20:45.250Z,356325,NA,NA,NA,NA,NA,NA,NA,NA,NA,NA,NA,NA,NA,NA,NA,NA,NA,XAC,GIH,POB,WEP,NA,44,GUG,NEN,GUG,NEN,6,is minder dan,NA,is minder dan,NA,NA,NA,NA,NA,NA,NA,2,hetzelfde als,1,no,94,NA,BEX,XEX,NA,NA,NA,NA,NA,NA,NA,NA,BEX,XEX,3,4,NA,NA,NA,NA,NA,NA,NA,NA,NA,NA,NA,NA,NA,NA,NA,NA,NA,NA,NA,NA,NA,NA,NA,NA
702b5,252,NA,iti,canvas.Screen,1_3_13_1,NA,NA,NA,NA,timeout,1001,356291,356309,356325,357309,357309,2022-04-28T11:20:46.268Z,357326,NA,NA,NA,NA,NA,NA,NA,NA,NA,NA,NA,NA,NA,NA,NA,NA,NA,NA,NA,NA,NA,NA,NA,GUG,NEN,GUG,NEN,6,is minder dan,NA,is minder dan,NA,NA,NA,NA,NA,NA,NA,2,hetzelfde als,1,no,94,NA,BEX,XEX,NA,NA,NA,NA,NA,NA,NA,NA,BEX,XEX,3,4,NA,NA,NA,NA,NA,NA,NA,NA,NA,NA,NA,NA,NA,NA,NA,NA,NA,NA,NA,NA,NA,NA,NA,NA
702b5,252,NA,trial_sequence,flow.Sequence,1_3_13,NA,NA,NA,NA,completion,1484,355812,355808,355825,357309,357310,2022-04-28T11:20:46.269Z,357326,NA,NA,NA,NA,NA,NA,NA,NA,NA,NA,NA,NA,NA,NA,NA,NA,NA,NA,NA,NA,NA,NA,NA,GUG,NEN,GUG,NEN,6,is minder dan,NA,is minder dan,NA,NA,NA,NA,NA,NA,NA,2,hetzelfde als,1,no,94,NA,BEX,XEX,NA,NA,NA,NA,NA,NA,NA,NA,BEX,XEX,3,4,NA,NA,NA,NA,NA,NA,NA,NA,NA,NA,NA,NA,NA,NA,NA,NA,NA,NA,NA,NA,NA,NA,NA,NA
702b5,252,NA,trial,canvas.Screen,1_3_14_0_0,NA,NA,NA,NA,response,1557,357314,357309,357326,358866,358860,2022-04-28T11:20:47.819Z,358893,NA,NA,NA,NA,NA,NA,NA,NA,NA,NA,NA,NA,NA,NA,NA,NA,NA,NA,NA,NA,NA,NA,NA,XAC,GIH,XAC,GIH,6,is minder dan,NA,is minder dan,NA,NA,NA,NA,NA,NA,NA,1,het tegenovergestelde van,2,yes,95,NA,POB,WEP,no,mousedown @no,yes,FALSE,NA,NA,NA,NA,POB,WEP,4,3,NA,NA,NA,NA,NA,NA,NA,NA,NA,NA,NA,NA,NA,NA,NA,NA,NA,NA,NA,NA,NA,NA,NA,NA
702b5,252,NA,timer,html.Frame,1_3_14_0,NA,NA,NA,NA,NA,1535,357311,357309,357326,358861,358862,2022-04-28T11:20:47.821Z,358893,NA,NA,NA,NA,NA,NA,NA,NA,NA,NA,NA,NA,NA,NA,NA,NA,NA,YEC,TOV,KAW,RUX,NA,NA,GUG,NEN,GUG,NEN,6,is minder dan,NA,is minder dan,NA,NA,NA,NA,NA,NA,NA,1,het tegenovergestelde van,2,yes,95,NA,BEX,XEX,NA,NA,NA,NA,NA,NA,NA,NA,BEX,XEX,4,3,NA,NA,NA,NA,NA,NA,NA,NA,NA,NA,NA,NA,NA,NA,NA,NA,NA,NA,NA,NA,NA,NA,NA,NA
702b5,252,NA,iti,canvas.Screen,1_3_14_1,NA,NA,NA,NA,timeout,999,358862,358876,358893,359876,359877,2022-04-28T11:20:48.836Z,359892,NA,NA,NA,NA,NA,NA,NA,NA,NA,NA,NA,NA,NA,NA,NA,NA,NA,NA,NA,NA,NA,NA,NA,GUG,NEN,GUG,NEN,6,is minder dan,NA,is minder dan,NA,NA,NA,NA,NA,NA,NA,1,het tegenovergestelde van,2,yes,95,NA,BEX,XEX,NA,NA,NA,NA,NA,NA,NA,NA,BEX,XEX,4,3,NA,NA,NA,NA,NA,NA,NA,NA,NA,NA,NA,NA,NA,NA,NA,NA,NA,NA,NA,NA,NA,NA,NA,NA
702b5,252,NA,trial_sequence,flow.Sequence,1_3_14,NA,NA,NA,NA,completion,2550,357310,357309,357326,359876,359877,2022-04-28T11:20:48.836Z,359892,NA,NA,NA,NA,NA,NA,NA,NA,NA,NA,NA,NA,NA,NA,NA,NA,NA,NA,NA,NA,NA,NA,NA,GUG,NEN,GUG,NEN,6,is minder dan,NA,is minder dan,NA,NA,NA,NA,NA,NA,NA,1,het tegenovergestelde van,2,yes,95,NA,BEX,XEX,NA,NA,NA,NA,NA,NA,NA,NA,BEX,XEX,4,3,NA,NA,NA,NA,NA,NA,NA,NA,NA,NA,NA,NA,NA,NA,NA,NA,NA,NA,NA,NA,NA,NA,NA,NA
702b5,252,NA,trial,canvas.Screen,1_3_15_0_0,NA,NA,NA,NA,response,527,359881,359876,359892,360403,360396,2022-04-28T11:20:49.356Z,360426,NA,NA,NA,NA,NA,NA,NA,NA,NA,NA,NA,NA,NA,NA,NA,NA,NA,NA,NA,NA,NA,NA,NA,YEC,TOV,TOV,YEC,6,is minder dan,NA,is minder dan,NA,NA,NA,NA,NA,NA,NA,2,het tegenovergestelde van,1,no,96,NA,KAW,RUX,no,mousedown @no,no,TRUE,NA,NA,NA,NA,KAW,RUX,4,3,NA,NA,NA,NA,NA,NA,NA,NA,NA,NA,NA,NA,NA,NA,NA,NA,NA,NA,NA,NA,NA,NA,NA,NA
702b5,252,NA,timer,html.Frame,1_3_15_0,NA,NA,NA,NA,NA,506,359879,359876,359892,360398,360398,2022-04-28T11:20:49.357Z,360426,NA,NA,NA,NA,NA,NA,NA,NA,NA,NA,NA,NA,NA,NA,NA,NA,NA,KAQ,MIP,XUG,XER,NA,45,GUG,NEN,GUG,NEN,6,is minder dan,NA,is minder dan,NA,NA,NA,NA,NA,NA,NA,2,het tegenovergestelde van,1,no,96,NA,BEX,XEX,NA,NA,NA,NA,NA,NA,NA,NA,BEX,XEX,4,3,NA,NA,NA,NA,NA,NA,NA,NA,NA,NA,NA,NA,NA,NA,NA,NA,NA,NA,NA,NA,NA,NA,NA,NA
702b5,252,NA,iti,canvas.Screen,1_3_15_1,NA,NA,NA,NA,timeout,1049,360398,360409,360426,361409,361410,2022-04-28T11:20:50.369Z,361475,NA,NA,NA,NA,NA,NA,NA,NA,NA,NA,NA,NA,NA,NA,NA,NA,NA,NA,NA,NA,NA,NA,NA,GUG,NEN,GUG,NEN,6,is minder dan,NA,is minder dan,NA,NA,NA,NA,NA,NA,NA,2,het tegenovergestelde van,1,no,96,NA,BEX,XEX,NA,NA,NA,NA,NA,NA,NA,NA,BEX,XEX,4,3,NA,NA,NA,NA,NA,NA,NA,NA,NA,NA,NA,NA,NA,NA,NA,NA,NA,NA,NA,NA,NA,NA,NA,NA
702b5,252,NA,trial_sequence,flow.Sequence,1_3_15,NA,NA,NA,NA,completion,1517,359877,359876,359892,361409,361413,2022-04-28T11:20:50.372Z,361475,NA,NA,NA,NA,NA,NA,NA,NA,NA,NA,NA,NA,NA,NA,NA,NA,NA,NA,NA,NA,NA,NA,NA,GUG,NEN,GUG,NEN,6,is minder dan,NA,is minder dan,NA,NA,NA,NA,NA,NA,NA,2,het tegenovergestelde van,1,no,96,NA,BEX,XEX,NA,NA,NA,NA,NA,NA,NA,NA,BEX,XEX,4,3,NA,NA,NA,NA,NA,NA,NA,NA,NA,NA,NA,NA,NA,NA,NA,NA,NA,NA,NA,NA,NA,NA,NA,NA
702b5,252,NA,trial_list_analogical ,flow.Loop,1_3,NA,NA,NA,NA,completion,57004,304385,304338,304405,361409,361413,2022-04-28T11:20:50.373Z,361475,NA,NA,NA,NA,NA,NA,NA,NA,NA,NA,NA,NA,NA,NA,NA,NA,NA,NA,NA,NA,NA,NA,NA,GUG,NEN,GUG,NEN,NA,NA,NA,NA,NA,NA,NA,NA,NA,NA,NA,NA,NA,NA,NA,NA,NA,BEX,XEX,NA,NA,NA,NA,NA,NA,NA,NA,BEX,XEX,NA,NA,NA,NA,NA,NA,NA,NA,NA,NA,NA,NA,NA,NA,NA,NA,NA,NA,NA,NA,NA,NA,NA,NA,NA,NA
702b5,252,NA,trial,canvas.Screen,1_4_0_0_0,NA,NA,NA,NA,response,371.000000000058,361466,361409,361475,361780,361773,2022-04-28T11:20:50.732Z,361793,NA,NA,NA,NA,NA,NA,NA,NA,NA,NA,NA,NA,NA,NA,NA,NA,NA,XEJ,XOS,KAC,YEK,NA,NA,XEJ,XOS,XEJ,XOS,7,NA,NA,NA,NA,NA,NA,NA,NA,NA,NA,1,NA,NA,yes,97,NA,KAC,YEK,no,mousedown @no,yes,FALSE,NA,NA,NA,NA,KAC,YEK,NA,NA,1,is,hier,,2,is,daar,,Als hier is daar en daar is hier,,,,,,daar,,NA,NA,NA,NA,NA,NA,NA,NA
702b5,252,NA,timer,html.Frame,1_4_0_0,NA,NA,NA,NA,NA,300.000000000058,361463,361409,361475,361775,361775,2022-04-28T11:20:50.734Z,361793,NA,NA,NA,NA,NA,NA,NA,NA,NA,NA,NA,NA,NA,NA,NA,NA,NA,TUS,BIM,VID,KER,NA,NA,XEJ,XOS,XEJ,XOS,7,NA,NA,NA,NA,NA,NA,NA,NA,NA,NA,1,NA,NA,yes,97,NA,KAC,YEK,NA,NA,NA,NA,NA,NA,NA,NA,KAC,YEK,NA,NA,1,is,hier,,2,is,daar,,Als hier is daar en daar is hier,,,,,,daar,,NA,NA,NA,NA,NA,NA,NA,NA
702b5,252,NA,iti,canvas.Screen,1_4_0_1,NA,NA,NA,NA,timeout,1000,361775,361781,361793,362776,362777,2022-04-28T11:20:51.736Z,362793,NA,NA,NA,NA,NA,NA,NA,NA,NA,NA,NA,NA,NA,NA,NA,NA,NA,NA,NA,NA,NA,NA,NA,XEJ,XOS,XEJ,XOS,7,NA,NA,NA,NA,NA,NA,NA,NA,NA,NA,1,NA,NA,yes,97,NA,KAC,YEK,NA,NA,NA,NA,NA,NA,NA,NA,KAC,YEK,NA,NA,1,is,hier,,2,is,daar,,Als hier is daar en daar is hier,,,,,,daar,,NA,NA,NA,NA,NA,NA,NA,NA
702b5,252,NA,trial_sequence,flow.Sequence,1_4_0,NA,NA,NA,NA,completion,1301,361462,361409,361475,362776,362777,2022-04-28T11:20:51.736Z,362793,NA,NA,NA,NA,NA,NA,NA,NA,NA,NA,NA,NA,NA,NA,NA,NA,NA,NA,NA,NA,NA,NA,NA,XEJ,XOS,XEJ,XOS,7,NA,NA,NA,NA,NA,NA,NA,NA,NA,NA,1,NA,NA,yes,97,NA,KAC,YEK,NA,NA,NA,NA,NA,NA,NA,NA,KAC,YEK,NA,NA,1,is,hier,,2,is,daar,,Als hier is daar en daar is hier,,,,,,daar,,NA,NA,NA,NA,NA,NA,NA,NA
702b5,253,NA,trial,canvas.Screen,1_4_1_0_0,NA,NA,NA,NA,response,9000,362783,362776,362793,371776,371773,2022-04-28T11:21:00.732Z,371809,NA,NA,NA,NA,NA,NA,NA,NA,NA,NA,NA,NA,NA,NA,NA,NA,NA,NA,NA,NA,NA,NA,NA,TUS,BIM,BIM,BIM,7,NA,NA,NA,NA,NA,NA,NA,NA,NA,NA,2,NA,NA,yes,98,NA,VID,KER,no,mousedown @no,yes,FALSE,NA,NA,NA,NA,VID,KER,NA,NA,1,is,hier,,2,is,daar,,Als hier is daar en daar is hier,,,,,,hier,,NA,NA,NA,NA,NA,NA,NA,NA
702b5,253,NA,timer,html.Frame,1_4_1_0,NA,NA,NA,NA,NA,8981,362779,362776,362793,371774,371774,2022-04-28T11:21:00.733Z,371809,NA,NA,NA,NA,NA,NA,NA,NA,NA,NA,NA,NA,NA,NA,NA,NA,NA,KOH,SOC,DOZ,XOW,NA,NA,XEJ,XOS,XEJ,XOS,7,NA,NA,NA,NA,NA,NA,NA,NA,NA,NA,2,NA,NA,yes,98,NA,KAC,YEK,NA,NA,NA,NA,NA,NA,NA,NA,KAC,YEK,NA,NA,1,is,hier,,2,is,daar,,Als hier is daar en daar is hier,,,,,,hier,,NA,NA,NA,NA,NA,NA,NA,NA
702b5,253,NA,iti,canvas.Screen,1_4_1_1,NA,NA,NA,NA,timeout,1001,371774,371794,371809,372793,372796,2022-04-28T11:21:01.755Z,372810,NA,NA,NA,NA,NA,NA,NA,NA,NA,NA,NA,NA,NA,NA,NA,NA,NA,NA,NA,NA,NA,NA,NA,XEJ,XOS,XEJ,XOS,7,NA,NA,NA,NA,NA,NA,NA,NA,NA,NA,2,NA,NA,yes,98,NA,KAC,YEK,NA,NA,NA,NA,NA,NA,NA,NA,KAC,YEK,NA,NA,1,is,hier,,2,is,daar,,Als hier is daar en daar is hier,,,,,,hier,,NA,NA,NA,NA,NA,NA,NA,NA
702b5,253,NA,trial_sequence,flow.Sequence,1_4_1,NA,NA,NA,NA,completion,10000,362777,362776,362793,372793,372796,2022-04-28T11:21:01.755Z,372810,NA,NA,NA,NA,NA,NA,NA,NA,NA,NA,NA,NA,NA,NA,NA,NA,NA,NA,NA,NA,NA,NA,NA,XEJ,XOS,XEJ,XOS,7,NA,NA,NA,NA,NA,NA,NA,NA,NA,NA,2,NA,NA,yes,98,NA,KAC,YEK,NA,NA,NA,NA,NA,NA,NA,NA,KAC,YEK,NA,NA,1,is,hier,,2,is,daar,,Als hier is daar en daar is hier,,,,,,hier,,NA,NA,NA,NA,NA,NA,NA,NA
702b5,253,NA,trial,canvas.Screen,1_4_2_0_0,NA,NA,NA,NA,response,296,372800,372793,372810,373089,373082,2022-04-28T11:21:02.041Z,373110,NA,NA,NA,NA,NA,NA,NA,NA,NA,NA,NA,NA,NA,NA,NA,NA,NA,NA,NA,NA,NA,NA,NA,KOH,SOC,KOH,SOC,7,NA,NA,NA,NA,NA,NA,NA,NA,NA,NA,1,NA,NA,no,99,NA,DOZ,XOW,no,mousedown @no,no,TRUE,NA,NA,NA,NA,DOZ,XOW,NA,NA,1,is,hier,nu,2,was,daar,toen,Als hier is daar en daar is hier,,,,,,hier,nu,NA,NA,NA,NA,NA,NA,NA,NA
702b5,253,NA,timer,html.Frame,1_4_2_0,NA,NA,NA,NA,NA,273,372797,372793,372810,373083,373084,2022-04-28T11:21:02.043Z,373110,NA,NA,NA,NA,NA,NA,NA,NA,NA,NA,NA,NA,NA,NA,NA,NA,NA,DUZ,XIY,NER,HEJ,NA,46,XEJ,XOS,XEJ,XOS,7,NA,NA,NA,NA,NA,NA,NA,NA,NA,NA,1,NA,NA,no,99,NA,KAC,YEK,NA,NA,NA,NA,NA,NA,NA,NA,KAC,YEK,NA,NA,1,is,hier,nu,2,was,daar,toen,Als hier is daar en daar is hier,,,,,,hier,nu,NA,NA,NA,NA,NA,NA,NA,NA
702b5,253,NA,iti,canvas.Screen,1_4_2_1,NA,NA,NA,NA,timeout,1000,373084,373094,373110,374094,374094,2022-04-28T11:21:03.053Z,374110,NA,NA,NA,NA,NA,NA,NA,NA,NA,NA,NA,NA,NA,NA,NA,NA,NA,NA,NA,NA,NA,NA,NA,XEJ,XOS,XEJ,XOS,7,NA,NA,NA,NA,NA,NA,NA,NA,NA,NA,1,NA,NA,no,99,NA,KAC,YEK,NA,NA,NA,NA,NA,NA,NA,NA,KAC,YEK,NA,NA,1,is,hier,nu,2,was,daar,toen,Als hier is daar en daar is hier,,,,,,hier,nu,NA,NA,NA,NA,NA,NA,NA,NA
702b5,253,NA,trial_sequence,flow.Sequence,1_4_2,NA,NA,NA,NA,completion,1284,372796,372793,372810,374094,374095,2022-04-28T11:21:03.054Z,374110,NA,NA,NA,NA,NA,NA,NA,NA,NA,NA,NA,NA,NA,NA,NA,NA,NA,NA,NA,NA,NA,NA,NA,XEJ,XOS,XEJ,XOS,7,NA,NA,NA,NA,NA,NA,NA,NA,NA,NA,1,NA,NA,no,99,NA,KAC,YEK,NA,NA,NA,NA,NA,NA,NA,NA,KAC,YEK,NA,NA,1,is,hier,nu,2,was,daar,toen,Als hier is daar en daar is hier,,,,,,hier,nu,NA,NA,NA,NA,NA,NA,NA,NA
702b5,253,NA,trial,canvas.Screen,1_4_3_0_0,NA,NA,NA,NA,response,316,374100,374094,374110,374410,374403,2022-04-28T11:21:03.362Z,374427,NA,NA,NA,NA,NA,NA,NA,NA,NA,NA,NA,NA,NA,NA,NA,NA,NA,NA,NA,NA,NA,NA,NA,DUZ,XIY,DUZ,XIY,7,NA,NA,NA,NA,NA,NA,NA,NA,NA,NA,1,NA,NA,no,100,NA,NER,HEJ,no,mousedown @no,no,TRUE,NA,NA,NA,NA,NER,HEJ,NA,NA,1,is,hier,nu,2,was,daar,toen,Als hier is daar en daar is hier,,,,,,daar,toen,NA,NA,NA,NA,NA,NA,NA,NA
702b5,253,NA,timer,html.Frame,1_4_3_0,NA,NA,NA,NA,NA,295.000000000058,374097,374094,374110,374405,374405,2022-04-28T11:21:03.364Z,374427,NA,NA,NA,NA,NA,NA,NA,NA,NA,NA,NA,NA,NA,NA,NA,NA,NA,"NAS",WIX,YUJ,XOB,NA,47,XEJ,XOS,XEJ,XOS,7,NA,NA,NA,NA,NA,NA,NA,NA,NA,NA,1,NA,NA,no,100,NA,KAC,YEK,NA,NA,NA,NA,NA,NA,NA,NA,KAC,YEK,NA,NA,1,is,hier,nu,2,was,daar,toen,Als hier is daar en daar is hier,,,,,,daar,toen,NA,NA,NA,NA,NA,NA,NA,NA
702b5,253,NA,iti,canvas.Screen,1_4_3_1,NA,NA,NA,NA,timeout,999,374405,374411,374427,375410,375412,2022-04-28T11:21:04.371Z,375426,NA,NA,NA,NA,NA,NA,NA,NA,NA,NA,NA,NA,NA,NA,NA,NA,NA,NA,NA,NA,NA,NA,NA,XEJ,XOS,XEJ,XOS,7,NA,NA,NA,NA,NA,NA,NA,NA,NA,NA,1,NA,NA,no,100,NA,KAC,YEK,NA,NA,NA,NA,NA,NA,NA,NA,KAC,YEK,NA,NA,1,is,hier,nu,2,was,daar,toen,Als hier is daar en daar is hier,,,,,,daar,toen,NA,NA,NA,NA,NA,NA,NA,NA
702b5,253,NA,trial_sequence,flow.Sequence,1_4_3,NA,NA,NA,NA,completion,1300,374095,374094,374110,375410,375413,2022-04-28T11:21:04.372Z,375426,NA,NA,NA,NA,NA,NA,NA,NA,NA,NA,NA,NA,NA,NA,NA,NA,NA,NA,NA,NA,NA,NA,NA,XEJ,XOS,XEJ,XOS,7,NA,NA,NA,NA,NA,NA,NA,NA,NA,NA,1,NA,NA,no,100,NA,KAC,YEK,NA,NA,NA,NA,NA,NA,NA,NA,KAC,YEK,NA,NA,1,is,hier,nu,2,was,daar,toen,Als hier is daar en daar is hier,,,,,,daar,toen,NA,NA,NA,NA,NA,NA,NA,NA
702b5,253,NA,trial,canvas.Screen,1_4_4_0_0,NA,NA,NA,NA,response,281.000000000058,375417,375410,375426,375691,375685,2022-04-28T11:21:04.644Z,375710,NA,NA,NA,NA,NA,NA,NA,NA,NA,NA,NA,NA,NA,NA,NA,NA,NA,NA,NA,NA,NA,NA,NA,"NAS",WIX,"NAS",WIX,7,NA,NA,NA,NA,NA,NA,NA,NA,NA,NA,1,NA,NA,yes,101,NA,YUJ,XOB,no,mousedown @no,yes,FALSE,NA,NA,NA,NA,YUJ,XOB,NA,NA,1,is,hier,nu,2,was,daar,toen,Als nu is toen en toen is nu,,,,,,hier,toen,NA,NA,NA,NA,NA,NA,NA,NA
702b5,253,NA,timer,html.Frame,1_4_4_0,NA,NA,NA,NA,NA,262,375414,375410,375426,375688,375688,2022-04-28T11:21:04.647Z,375710,NA,NA,NA,NA,NA,NA,NA,NA,NA,NA,NA,NA,NA,NA,NA,NA,NA,JIS,CAJ,DUK,SAR,NA,NA,XEJ,XOS,XEJ,XOS,7,NA,NA,NA,NA,NA,NA,NA,NA,NA,NA,1,NA,NA,yes,101,NA,KAC,YEK,NA,NA,NA,NA,NA,NA,NA,NA,KAC,YEK,NA,NA,1,is,hier,nu,2,was,daar,toen,Als nu is toen en toen is nu,,,,,,hier,toen,NA,NA,NA,NA,NA,NA,NA,NA
702b5,253,NA,iti,canvas.Screen,1_4_4_1,NA,NA,NA,NA,timeout,1000,375688,375694,375710,376694,376695,2022-04-28T11:21:05.654Z,376710,NA,NA,NA,NA,NA,NA,NA,NA,NA,NA,NA,NA,NA,NA,NA,NA,NA,NA,NA,NA,NA,NA,NA,XEJ,XOS,XEJ,XOS,7,NA,NA,NA,NA,NA,NA,NA,NA,NA,NA,1,NA,NA,yes,101,NA,KAC,YEK,NA,NA,NA,NA,NA,NA,NA,NA,KAC,YEK,NA,NA,1,is,hier,nu,2,was,daar,toen,Als nu is toen en toen is nu,,,,,,hier,toen,NA,NA,NA,NA,NA,NA,NA,NA
702b5,253,NA,trial_sequence,flow.Sequence,1_4_4,NA,NA,NA,NA,completion,1268,375413,375410,375426,376694,376695,2022-04-28T11:21:05.654Z,376710,NA,NA,NA,NA,NA,NA,NA,NA,NA,NA,NA,NA,NA,NA,NA,NA,NA,NA,NA,NA,NA,NA,NA,XEJ,XOS,XEJ,XOS,7,NA,NA,NA,NA,NA,NA,NA,NA,NA,NA,1,NA,NA,yes,101,NA,KAC,YEK,NA,NA,NA,NA,NA,NA,NA,NA,KAC,YEK,NA,NA,1,is,hier,nu,2,was,daar,toen,Als nu is toen en toen is nu,,,,,,hier,toen,NA,NA,NA,NA,NA,NA,NA,NA
702b5,253,NA,trial,canvas.Screen,1_4_5_0_0,NA,NA,NA,NA,response,294,376700,376694,376710,376988,376982,2022-04-28T11:21:05.941Z,377011,NA,NA,NA,NA,NA,NA,NA,NA,NA,NA,NA,NA,NA,NA,NA,NA,NA,NA,NA,NA,NA,NA,NA,JIS,CAJ,JIS,CAJ,7,NA,NA,NA,NA,NA,NA,NA,NA,NA,NA,1,NA,NA,no,102,NA,DUK,SAR,no,mousedown @no,no,TRUE,NA,NA,NA,NA,DUK,SAR,NA,NA,1,is,hier,nu,2,was,daar,toen,Als nu is toen en toen is nu,,,,,,daar,nu,NA,NA,NA,NA,NA,NA,NA,NA
702b5,253,NA,timer,html.Frame,1_4_5_0,NA,NA,NA,NA,NA,274,376697,376694,376710,376984,376984,2022-04-28T11:21:05.943Z,377011,NA,NA,NA,NA,NA,NA,NA,NA,NA,NA,NA,NA,NA,NA,NA,NA,NA,KOB,PEQ,XUG,TOB,NA,48,XEJ,XOS,XEJ,XOS,7,NA,NA,NA,NA,NA,NA,NA,NA,NA,NA,1,NA,NA,no,102,NA,KAC,YEK,NA,NA,NA,NA,NA,NA,NA,NA,KAC,YEK,NA,NA,1,is,hier,nu,2,was,daar,toen,Als nu is toen en toen is nu,,,,,,daar,nu,NA,NA,NA,NA,NA,NA,NA,NA
702b5,253,NA,iti,canvas.Screen,1_4_5_1,NA,NA,NA,NA,timeout,1000,376984,376993,377011,377994,377994,2022-04-28T11:21:06.953Z,378011,NA,NA,NA,NA,NA,NA,NA,NA,NA,NA,NA,NA,NA,NA,NA,NA,NA,NA,NA,NA,NA,NA,NA,XEJ,XOS,XEJ,XOS,7,NA,NA,NA,NA,NA,NA,NA,NA,NA,NA,1,NA,NA,no,102,NA,KAC,YEK,NA,NA,NA,NA,NA,NA,NA,NA,KAC,YEK,NA,NA,1,is,hier,nu,2,was,daar,toen,Als nu is toen en toen is nu,,,,,,daar,nu,NA,NA,NA,NA,NA,NA,NA,NA
702b5,253,NA,trial_sequence,flow.Sequence,1_4_5,NA,NA,NA,NA,completion,1284,376695,376694,376710,377994,377995,2022-04-28T11:21:06.954Z,378011,NA,NA,NA,NA,NA,NA,NA,NA,NA,NA,NA,NA,NA,NA,NA,NA,NA,NA,NA,NA,NA,NA,NA,XEJ,XOS,XEJ,XOS,7,NA,NA,NA,NA,NA,NA,NA,NA,NA,NA,1,NA,NA,no,102,NA,KAC,YEK,NA,NA,NA,NA,NA,NA,NA,NA,KAC,YEK,NA,NA,1,is,hier,nu,2,was,daar,toen,Als nu is toen en toen is nu,,,,,,daar,nu,NA,NA,NA,NA,NA,NA,NA,NA
702b5,253,NA,trial,canvas.Screen,1_4_6_0_0,NA,NA,NA,NA,response,307,378000,377994,378011,378301,378295,2022-04-28T11:21:07.254Z,378326,NA,NA,NA,NA,NA,NA,NA,NA,NA,NA,NA,NA,NA,NA,NA,NA,NA,NA,NA,NA,NA,NA,NA,KOB,PEQ,KOB,PEQ,7,NA,NA,NA,NA,NA,NA,NA,NA,NA,NA,1,NA,NA,yes,103,NA,XUG,TOB,no,mousedown @no,yes,FALSE,NA,NA,NA,NA,XUG,TOB,NA,NA,1,is,hier,nu,2,was,daar,toen,Als hier is daar en daar is hier,1,is,2,en,als,hier,toen,KOB,PEQ,NA,NA,NA,NA,NA,NA
702b5,253,NA,timer,html.Frame,1_4_6_0,NA,NA,NA,NA,NA,285,377997,377994,378011,378296,378297,2022-04-28T11:21:07.256Z,378326,NA,NA,NA,NA,NA,NA,NA,NA,NA,NA,NA,NA,NA,NA,NA,NA,NA,JEK,NUC,VEC,JOF,NA,NA,XEJ,XOS,XEJ,XOS,7,NA,NA,NA,NA,NA,NA,NA,NA,NA,NA,1,NA,NA,yes,103,NA,KAC,YEK,NA,NA,NA,NA,NA,NA,NA,NA,KAC,YEK,NA,NA,1,is,hier,nu,2,was,daar,toen,Als hier is daar en daar is hier,1,is,2,en,als,hier,toen,NA,NA,NA,NA,NA,NA,NA,NA
702b5,253,NA,iti,canvas.Screen,1_4_6_1,NA,NA,NA,NA,timeout,1001,378297,378311,378326,379310,379310,2022-04-28T11:21:08.269Z,379327,NA,NA,NA,NA,NA,NA,NA,NA,NA,NA,NA,NA,NA,NA,NA,NA,NA,NA,NA,NA,NA,NA,NA,XEJ,XOS,XEJ,XOS,7,NA,NA,NA,NA,NA,NA,NA,NA,NA,NA,1,NA,NA,yes,103,NA,KAC,YEK,NA,NA,NA,NA,NA,NA,NA,NA,KAC,YEK,NA,NA,1,is,hier,nu,2,was,daar,toen,Als hier is daar en daar is hier,1,is,2,en,als,hier,toen,NA,NA,NA,NA,NA,NA,NA,NA
702b5,253,NA,trial_sequence,flow.Sequence,1_4_6,NA,NA,NA,NA,completion,1299,377995,377994,378011,379310,379311,2022-04-28T11:21:08.270Z,379327,NA,NA,NA,NA,NA,NA,NA,NA,NA,NA,NA,NA,NA,NA,NA,NA,NA,NA,NA,NA,NA,NA,NA,XEJ,XOS,XEJ,XOS,7,NA,NA,NA,NA,NA,NA,NA,NA,NA,NA,1,NA,NA,yes,103,NA,KAC,YEK,NA,NA,NA,NA,NA,NA,NA,NA,KAC,YEK,NA,NA,1,is,hier,nu,2,was,daar,toen,Als hier is daar en daar is hier,1,is,2,en,als,hier,toen,NA,NA,NA,NA,NA,NA,NA,NA
702b5,254,NA,trial,canvas.Screen,1_4_7_0_0,NA,NA,NA,NA,response,4712,379315,379310,379327,384022,384016,2022-04-28T11:21:12.975Z,384061,NA,NA,NA,NA,NA,NA,NA,NA,NA,NA,NA,NA,NA,NA,NA,NA,NA,NA,NA,NA,NA,NA,NA,JEK,NUC,JEK,NUC,7,NA,NA,NA,NA,NA,NA,NA,NA,NA,NA,1,NA,NA,no,104,NA,VEC,JOF,no,mousedown @no,no,TRUE,NA,NA,NA,NA,VEC,JOF,NA,NA,1,is,hier,nu,2,was,daar,toen,Als hier is daar en daar is hier,1,is,2,en,als,daar,toen,JEK,NUC,NA,NA,NA,NA,NA,NA
702b5,254,NA,timer,html.Frame,1_4_7_0,NA,NA,NA,NA,NA,4690,379312,379310,379327,384017,384017,2022-04-28T11:21:12.976Z,384061,NA,NA,NA,NA,NA,NA,NA,NA,NA,NA,NA,NA,NA,NA,NA,NA,NA,TEY,PEJ,XAD,GIW,NA,49,XEJ,XOS,XEJ,XOS,7,NA,NA,NA,NA,NA,NA,NA,NA,NA,NA,1,NA,NA,no,104,NA,KAC,YEK,NA,NA,NA,NA,NA,NA,NA,NA,KAC,YEK,NA,NA,1,is,hier,nu,2,was,daar,toen,Als hier is daar en daar is hier,1,is,2,en,als,daar,toen,NA,NA,NA,NA,NA,NA,NA,NA
702b5,254,NA,iti,canvas.Screen,1_4_7_1,NA,NA,NA,NA,timeout,1000,384018,384043,384061,385044,385045,2022-04-28T11:21:14.004Z,385061,NA,NA,NA,NA,NA,NA,NA,NA,NA,NA,NA,NA,NA,NA,NA,NA,NA,NA,NA,NA,NA,NA,NA,XEJ,XOS,XEJ,XOS,7,NA,NA,NA,NA,NA,NA,NA,NA,NA,NA,1,NA,NA,no,104,NA,KAC,YEK,NA,NA,NA,NA,NA,NA,NA,NA,KAC,YEK,NA,NA,1,is,hier,nu,2,was,daar,toen,Als hier is daar en daar is hier,1,is,2,en,als,daar,toen,NA,NA,NA,NA,NA,NA,NA,NA
702b5,254,NA,trial_sequence,flow.Sequence,1_4_7,NA,NA,NA,NA,completion,5717,379311,379310,379327,385044,385046,2022-04-28T11:21:14.005Z,385061,NA,NA,NA,NA,NA,NA,NA,NA,NA,NA,NA,NA,NA,NA,NA,NA,NA,NA,NA,NA,NA,NA,NA,XEJ,XOS,XEJ,XOS,7,NA,NA,NA,NA,NA,NA,NA,NA,NA,NA,1,NA,NA,no,104,NA,KAC,YEK,NA,NA,NA,NA,NA,NA,NA,NA,KAC,YEK,NA,NA,1,is,hier,nu,2,was,daar,toen,Als hier is daar en daar is hier,1,is,2,en,als,daar,toen,NA,NA,NA,NA,NA,NA,NA,NA
702b5,254,NA,trial,canvas.Screen,1_4_8_0_0,NA,NA,NA,NA,response,1833,385053,385044,385061,386877,386870,2022-04-28T11:21:15.829Z,386911,NA,NA,NA,NA,NA,NA,NA,NA,NA,NA,NA,NA,NA,NA,NA,NA,NA,NA,NA,NA,NA,NA,NA,TEY,PEJ,PEJ,PEJ,7,NA,NA,NA,NA,NA,NA,NA,NA,NA,NA,2,NA,NA,no,105,NA,XAD,GIW,no,mousedown @no,no,TRUE,NA,NA,NA,NA,XAD,GIW,NA,NA,1,is,hier,nu,2,was,daar,toen,Als hier is daar en daar is hier,1,is,2,en,als,hier,nu,TEY,PEJ,NA,NA,NA,NA,NA,NA
702b5,254,NA,timer,html.Frame,1_4_8_0,NA,NA,NA,NA,NA,1810,385048,385044,385061,386871,386872,2022-04-28T11:21:15.830Z,386911,NA,NA,NA,NA,NA,NA,NA,NA,NA,NA,NA,NA,NA,NA,NA,NA,NA,COC,MAZ,MEF,FIQ,NA,50,XEJ,XOS,XEJ,XOS,7,NA,NA,NA,NA,NA,NA,NA,NA,NA,NA,2,NA,NA,no,105,NA,KAC,YEK,NA,NA,NA,NA,NA,NA,NA,NA,KAC,YEK,NA,NA,1,is,hier,nu,2,was,daar,toen,Als hier is daar en daar is hier,1,is,2,en,als,hier,nu,NA,NA,NA,NA,NA,NA,NA,NA
702b5,254,NA,iti,canvas.Screen,1_4_8_1,NA,NA,NA,NA,timeout,1000,386872,386894,386911,387895,387895,2022-04-28T11:21:16.854Z,387911,NA,NA,NA,NA,NA,NA,NA,NA,NA,NA,NA,NA,NA,NA,NA,NA,NA,NA,NA,NA,NA,NA,NA,XEJ,XOS,XEJ,XOS,7,NA,NA,NA,NA,NA,NA,NA,NA,NA,NA,2,NA,NA,no,105,NA,KAC,YEK,NA,NA,NA,NA,NA,NA,NA,NA,KAC,YEK,NA,NA,1,is,hier,nu,2,was,daar,toen,Als hier is daar en daar is hier,1,is,2,en,als,hier,nu,NA,NA,NA,NA,NA,NA,NA,NA
702b5,254,NA,trial_sequence,flow.Sequence,1_4_8,NA,NA,NA,NA,completion,2834,385046,385044,385061,387895,387896,2022-04-28T11:21:16.855Z,387911,NA,NA,NA,NA,NA,NA,NA,NA,NA,NA,NA,NA,NA,NA,NA,NA,NA,NA,NA,NA,NA,NA,NA,XEJ,XOS,XEJ,XOS,7,NA,NA,NA,NA,NA,NA,NA,NA,NA,NA,2,NA,NA,no,105,NA,KAC,YEK,NA,NA,NA,NA,NA,NA,NA,NA,KAC,YEK,NA,NA,1,is,hier,nu,2,was,daar,toen,Als hier is daar en daar is hier,1,is,2,en,als,hier,nu,NA,NA,NA,NA,NA,NA,NA,NA
702b5,254,NA,trial,canvas.Screen,1_4_9_0_0,NA,NA,NA,NA,response,318,387901,387895,387911,388213,388207,2022-04-28T11:21:17.166Z,388228,NA,NA,NA,NA,NA,NA,NA,NA,NA,NA,NA,NA,NA,NA,NA,NA,NA,NA,NA,NA,NA,NA,NA,COC,MAZ,MAZ,MAZ,7,NA,NA,NA,NA,NA,NA,NA,NA,NA,NA,2,NA,NA,no,106,NA,MEF,FIQ,no,mousedown @no,no,TRUE,NA,NA,NA,NA,MEF,FIQ,NA,NA,1,is,hier,nu,2,was,daar,toen,Als hier is daar en daar is hier,1,is,2,en,als,hier,toen,COC,MAZ,NA,NA,NA,NA,NA,NA
702b5,254,NA,timer,html.Frame,1_4_9_0,NA,NA,NA,NA,NA,297,387898,387895,387911,388208,388208,2022-04-28T11:21:17.167Z,388228,NA,NA,NA,NA,NA,NA,NA,NA,NA,NA,NA,NA,NA,NA,NA,NA,NA,WEQ,VUQ,SUD,VEF,NA,51,XEJ,XOS,XEJ,XOS,7,NA,NA,NA,NA,NA,NA,NA,NA,NA,NA,2,NA,NA,no,106,NA,KAC,YEK,NA,NA,NA,NA,NA,NA,NA,NA,KAC,YEK,NA,NA,1,is,hier,nu,2,was,daar,toen,Als hier is daar en daar is hier,1,is,2,en,als,hier,toen,NA,NA,NA,NA,NA,NA,NA,NA
702b5,254,NA,iti,canvas.Screen,1_4_9_1,NA,NA,NA,NA,timeout,999,388209,388214,388228,389211,389212,2022-04-28T11:21:18.171Z,389227,NA,NA,NA,NA,NA,NA,NA,NA,NA,NA,NA,NA,NA,NA,NA,NA,NA,NA,NA,NA,NA,NA,NA,XEJ,XOS,XEJ,XOS,7,NA,NA,NA,NA,NA,NA,NA,NA,NA,NA,2,NA,NA,no,106,NA,KAC,YEK,NA,NA,NA,NA,NA,NA,NA,NA,KAC,YEK,NA,NA,1,is,hier,nu,2,was,daar,toen,Als hier is daar en daar is hier,1,is,2,en,als,hier,toen,NA,NA,NA,NA,NA,NA,NA,NA
702b5,254,NA,trial_sequence,flow.Sequence,1_4_9,NA,NA,NA,NA,completion,1300,387896,387895,387911,389211,389212,2022-04-28T11:21:18.171Z,389227,NA,NA,NA,NA,NA,NA,NA,NA,NA,NA,NA,NA,NA,NA,NA,NA,NA,NA,NA,NA,NA,NA,NA,XEJ,XOS,XEJ,XOS,7,NA,NA,NA,NA,NA,NA,NA,NA,NA,NA,2,NA,NA,no,106,NA,KAC,YEK,NA,NA,NA,NA,NA,NA,NA,NA,KAC,YEK,NA,NA,1,is,hier,nu,2,was,daar,toen,Als hier is daar en daar is hier,1,is,2,en,als,hier,toen,NA,NA,NA,NA,NA,NA,NA,NA
702b5,254,NA,trial,canvas.Screen,1_4_10_0_0,NA,NA,NA,NA,response,316,389217,389211,389227,389527,389520,2022-04-28T11:21:18.479Z,389544,NA,NA,NA,NA,NA,NA,NA,NA,NA,NA,NA,NA,NA,NA,NA,NA,NA,NA,NA,NA,NA,NA,NA,WEQ,VUQ,VUQ,VUQ,7,NA,NA,NA,NA,NA,NA,NA,NA,NA,NA,2,NA,NA,no,107,NA,SUD,VEF,no,mousedown @no,no,TRUE,NA,NA,NA,NA,SUD,VEF,NA,NA,1,is,hier,nu,2,was,daar,toen,Als hier is daar en daar is hier,1,is,2,en,als,daar,toen,WEQ,VUQ,NA,NA,NA,NA,NA,NA
702b5,254,NA,timer,html.Frame,1_4_10_0,NA,NA,NA,NA,NA,294,389214,389211,389227,389521,389521,2022-04-28T11:21:18.480Z,389544,NA,NA,NA,NA,NA,NA,NA,NA,NA,NA,NA,NA,NA,NA,NA,NA,NA,PEC,CUF,CAQ,JOQ,NA,52,XEJ,XOS,XEJ,XOS,7,NA,NA,NA,NA,NA,NA,NA,NA,NA,NA,2,NA,NA,no,107,NA,KAC,YEK,NA,NA,NA,NA,NA,NA,NA,NA,KAC,YEK,NA,NA,1,is,hier,nu,2,was,daar,toen,Als hier is daar en daar is hier,1,is,2,en,als,daar,toen,NA,NA,NA,NA,NA,NA,NA,NA
702b5,254,NA,iti,canvas.Screen,1_4_10_1,NA,NA,NA,NA,timeout,1001,389522,389527,389544,390528,390528,2022-04-28T11:21:19.487Z,390545,NA,NA,NA,NA,NA,NA,NA,NA,NA,NA,NA,NA,NA,NA,NA,NA,NA,NA,NA,NA,NA,NA,NA,XEJ,XOS,XEJ,XOS,7,NA,NA,NA,NA,NA,NA,NA,NA,NA,NA,2,NA,NA,no,107,NA,KAC,YEK,NA,NA,NA,NA,NA,NA,NA,NA,KAC,YEK,NA,NA,1,is,hier,nu,2,was,daar,toen,Als hier is daar en daar is hier,1,is,2,en,als,daar,toen,NA,NA,NA,NA,NA,NA,NA,NA
702b5,254,NA,trial_sequence,flow.Sequence,1_4_10,NA,NA,NA,NA,completion,1301,389213,389211,389227,390528,390529,2022-04-28T11:21:19.488Z,390545,NA,NA,NA,NA,NA,NA,NA,NA,NA,NA,NA,NA,NA,NA,NA,NA,NA,NA,NA,NA,NA,NA,NA,XEJ,XOS,XEJ,XOS,7,NA,NA,NA,NA,NA,NA,NA,NA,NA,NA,2,NA,NA,no,107,NA,KAC,YEK,NA,NA,NA,NA,NA,NA,NA,NA,KAC,YEK,NA,NA,1,is,hier,nu,2,was,daar,toen,Als hier is daar en daar is hier,1,is,2,en,als,daar,toen,NA,NA,NA,NA,NA,NA,NA,NA
702b5,254,NA,trial,canvas.Screen,1_4_11_0_0,NA,NA,NA,NA,response,384.000000000058,390534,390528,390545,390912,390905,2022-04-28T11:21:19.864Z,390944,NA,NA,NA,NA,NA,NA,NA,NA,NA,NA,NA,NA,NA,NA,NA,NA,NA,NA,NA,NA,NA,NA,NA,PEC,CUF,PEC,CUF,7,NA,NA,NA,NA,NA,NA,NA,NA,NA,NA,1,NA,NA,no,108,NA,CAQ,JOQ,no,mousedown @no,no,TRUE,NA,NA,NA,NA,CAQ,JOQ,NA,NA,1,is,hier,nu,2,was,daar,toen,Als nu is toen en toen is nu,1,is,2,en,als,hier,toen,PEC,CUF,NA,NA,NA,NA,NA,NA
702b5,254,NA,timer,html.Frame,1_4_11_0,NA,NA,NA,NA,NA,361,390530,390528,390545,390906,390906,2022-04-28T11:21:19.865Z,390944,NA,NA,NA,NA,NA,NA,NA,NA,NA,NA,NA,NA,NA,NA,NA,NA,NA,QEG,TES,"NAZ",CIV,NA,53,XEJ,XOS,XEJ,XOS,7,NA,NA,NA,NA,NA,NA,NA,NA,NA,NA,1,NA,NA,no,108,NA,KAC,YEK,NA,NA,NA,NA,NA,NA,NA,NA,KAC,YEK,NA,NA,1,is,hier,nu,2,was,daar,toen,Als nu is toen en toen is nu,1,is,2,en,als,hier,toen,NA,NA,NA,NA,NA,NA,NA,NA
702b5,254,NA,iti,canvas.Screen,1_4_11_1,NA,NA,NA,NA,timeout,1000,390907,390928,390944,391927,391929,2022-04-28T11:21:20.888Z,391944,NA,NA,NA,NA,NA,NA,NA,NA,NA,NA,NA,NA,NA,NA,NA,NA,NA,NA,NA,NA,NA,NA,NA,XEJ,XOS,XEJ,XOS,7,NA,NA,NA,NA,NA,NA,NA,NA,NA,NA,1,NA,NA,no,108,NA,KAC,YEK,NA,NA,NA,NA,NA,NA,NA,NA,KAC,YEK,NA,NA,1,is,hier,nu,2,was,daar,toen,Als nu is toen en toen is nu,1,is,2,en,als,hier,toen,NA,NA,NA,NA,NA,NA,NA,NA
702b5,254,NA,trial_sequence,flow.Sequence,1_4_11,NA,NA,NA,NA,completion,1382,390529,390528,390545,391927,391930,2022-04-28T11:21:20.889Z,391944,NA,NA,NA,NA,NA,NA,NA,NA,NA,NA,NA,NA,NA,NA,NA,NA,NA,NA,NA,NA,NA,NA,NA,XEJ,XOS,XEJ,XOS,7,NA,NA,NA,NA,NA,NA,NA,NA,NA,NA,1,NA,NA,no,108,NA,KAC,YEK,NA,NA,NA,NA,NA,NA,NA,NA,KAC,YEK,NA,NA,1,is,hier,nu,2,was,daar,toen,Als nu is toen en toen is nu,1,is,2,en,als,hier,toen,NA,NA,NA,NA,NA,NA,NA,NA
702b5,254,NA,trial,canvas.Screen,1_4_12_0_0,NA,NA,NA,NA,response,394,391933,391927,391944,392321,392314,2022-04-28T11:21:21.273Z,392345,NA,NA,NA,NA,NA,NA,NA,NA,NA,NA,NA,NA,NA,NA,NA,NA,NA,NA,NA,NA,NA,NA,NA,QEG,TES,QEG,TES,7,NA,NA,NA,NA,NA,NA,NA,NA,NA,NA,1,NA,NA,yes,109,NA,"NAZ",CIV,no,mousedown @no,yes,FALSE,NA,NA,NA,NA,"NAZ",CIV,NA,NA,1,is,hier,nu,2,was,daar,toen,Als nu is toen en toen is nu,1,is,2,en,als,daar,nu,QEG,TES,NA,NA,NA,NA,NA,NA
702b5,254,NA,timer,html.Frame,1_4_12_0,NA,NA,NA,NA,NA,372.000000000058,391931,391927,391944,392316,392316,2022-04-28T11:21:21.275Z,392345,NA,NA,NA,NA,NA,NA,NA,NA,NA,NA,NA,NA,NA,NA,NA,NA,NA,RER,XOX,VED,VEK,NA,NA,XEJ,XOS,XEJ,XOS,7,NA,NA,NA,NA,NA,NA,NA,NA,NA,NA,1,NA,NA,yes,109,NA,KAC,YEK,NA,NA,NA,NA,NA,NA,NA,NA,KAC,YEK,NA,NA,1,is,hier,nu,2,was,daar,toen,Als nu is toen en toen is nu,1,is,2,en,als,daar,nu,NA,NA,NA,NA,NA,NA,NA,NA
702b5,254,NA,iti,canvas.Screen,1_4_12_1,NA,NA,NA,NA,timeout,999,392316,392327,392345,393328,393329,2022-04-28T11:21:22.287Z,393344,NA,NA,NA,NA,NA,NA,NA,NA,NA,NA,NA,NA,NA,NA,NA,NA,NA,NA,NA,NA,NA,NA,NA,XEJ,XOS,XEJ,XOS,7,NA,NA,NA,NA,NA,NA,NA,NA,NA,NA,1,NA,NA,yes,109,NA,KAC,YEK,NA,NA,NA,NA,NA,NA,NA,NA,KAC,YEK,NA,NA,1,is,hier,nu,2,was,daar,toen,Als nu is toen en toen is nu,1,is,2,en,als,daar,nu,NA,NA,NA,NA,NA,NA,NA,NA
702b5,254,NA,trial_sequence,flow.Sequence,1_4_12,NA,NA,NA,NA,completion,1384,391930,391927,391944,393328,393329,2022-04-28T11:21:22.288Z,393344,NA,NA,NA,NA,NA,NA,NA,NA,NA,NA,NA,NA,NA,NA,NA,NA,NA,NA,NA,NA,NA,NA,NA,XEJ,XOS,XEJ,XOS,7,NA,NA,NA,NA,NA,NA,NA,NA,NA,NA,1,NA,NA,yes,109,NA,KAC,YEK,NA,NA,NA,NA,NA,NA,NA,NA,KAC,YEK,NA,NA,1,is,hier,nu,2,was,daar,toen,Als nu is toen en toen is nu,1,is,2,en,als,daar,nu,NA,NA,NA,NA,NA,NA,NA,NA
702b5,254,NA,trial,canvas.Screen,1_4_13_0_0,NA,NA,NA,NA,response,530,393333,393328,393344,393858,393852,2022-04-28T11:21:22.811Z,393895,NA,NA,NA,NA,NA,NA,NA,NA,NA,NA,NA,NA,NA,NA,NA,NA,NA,NA,NA,NA,NA,NA,NA,RER,XOX,RER,XOX,7,NA,NA,NA,NA,NA,NA,NA,NA,NA,NA,1,NA,NA,no,110,NA,VED,VEK,no,mousedown @no,no,TRUE,NA,NA,NA,NA,VED,VEK,NA,NA,1,is,hier,nu,2,was,daar,toen,Als nu is toen en toen is nu,1,is,2,en,als,daar,toen,RER,XOX,NA,NA,NA,NA,NA,NA
702b5,254,NA,timer,html.Frame,1_4_13_0,NA,NA,NA,NA,NA,509,393330,393328,393344,393853,393853,2022-04-28T11:21:22.812Z,393895,NA,NA,NA,NA,NA,NA,NA,NA,NA,NA,NA,NA,NA,NA,NA,NA,NA,FUX,CUN,FAM,JIK,NA,54,XEJ,XOS,XEJ,XOS,7,NA,NA,NA,NA,NA,NA,NA,NA,NA,NA,1,NA,NA,no,110,NA,KAC,YEK,NA,NA,NA,NA,NA,NA,NA,NA,KAC,YEK,NA,NA,1,is,hier,nu,2,was,daar,toen,Als nu is toen en toen is nu,1,is,2,en,als,daar,toen,NA,NA,NA,NA,NA,NA,NA,NA
702b5,254,NA,iti,canvas.Screen,1_4_13_1,NA,NA,NA,NA,timeout,1000,393853,393877,393895,394878,394881,2022-04-28T11:21:23.840Z,394895,NA,NA,NA,NA,NA,NA,NA,NA,NA,NA,NA,NA,NA,NA,NA,NA,NA,NA,NA,NA,NA,NA,NA,XEJ,XOS,XEJ,XOS,7,NA,NA,NA,NA,NA,NA,NA,NA,NA,NA,1,NA,NA,no,110,NA,KAC,YEK,NA,NA,NA,NA,NA,NA,NA,NA,KAC,YEK,NA,NA,1,is,hier,nu,2,was,daar,toen,Als nu is toen en toen is nu,1,is,2,en,als,daar,toen,NA,NA,NA,NA,NA,NA,NA,NA
702b5,254,NA,trial_sequence,flow.Sequence,1_4_13,NA,NA,NA,NA,completion,1534,393329,393328,393344,394878,394882,2022-04-28T11:21:23.840Z,394895,NA,NA,NA,NA,NA,NA,NA,NA,NA,NA,NA,NA,NA,NA,NA,NA,NA,NA,NA,NA,NA,NA,NA,XEJ,XOS,XEJ,XOS,7,NA,NA,NA,NA,NA,NA,NA,NA,NA,NA,1,NA,NA,no,110,NA,KAC,YEK,NA,NA,NA,NA,NA,NA,NA,NA,KAC,YEK,NA,NA,1,is,hier,nu,2,was,daar,toen,Als nu is toen en toen is nu,1,is,2,en,als,daar,toen,NA,NA,NA,NA,NA,NA,NA,NA
702b5,254,NA,trial,canvas.Screen,1_4_14_0_0,NA,NA,NA,NA,response,485,394885,394878,394895,395363,395356,2022-04-28T11:21:24.315Z,395394,NA,NA,NA,NA,NA,NA,NA,NA,NA,NA,NA,NA,NA,NA,NA,NA,NA,NA,NA,NA,NA,NA,NA,FUX,CUN,CUN,CUN,7,NA,NA,NA,NA,NA,NA,NA,NA,NA,NA,2,NA,NA,yes,111,NA,FAM,JIK,no,mousedown @no,yes,FALSE,NA,NA,NA,NA,FAM,JIK,NA,NA,1,is,hier,nu,2,was,daar,toen,Als nu is toen en toen is nu,1,is,2,en,als,hier,toen,FUX,CUN,NA,NA,NA,NA,NA,NA
702b5,254,NA,timer,html.Frame,1_4_14_0,NA,NA,NA,NA,NA,463,394883,394878,394895,395358,395358,2022-04-28T11:21:24.316Z,395394,NA,NA,NA,NA,NA,NA,NA,NA,NA,NA,NA,NA,NA,NA,NA,NA,NA,FIP,DET,"NAK",TEP,NA,NA,XEJ,XOS,XEJ,XOS,7,NA,NA,NA,NA,NA,NA,NA,NA,NA,NA,2,NA,NA,yes,111,NA,KAC,YEK,NA,NA,NA,NA,NA,NA,NA,NA,KAC,YEK,NA,NA,1,is,hier,nu,2,was,daar,toen,Als nu is toen en toen is nu,1,is,2,en,als,hier,toen,NA,NA,NA,NA,NA,NA,NA,NA
702b5,254,NA,iti,canvas.Screen,1_4_14_1,NA,NA,NA,NA,timeout,1001,395358,395378,395394,396378,396379,2022-04-28T11:21:25.338Z,396395,NA,NA,NA,NA,NA,NA,NA,NA,NA,NA,NA,NA,NA,NA,NA,NA,NA,NA,NA,NA,NA,NA,NA,XEJ,XOS,XEJ,XOS,7,NA,NA,NA,NA,NA,NA,NA,NA,NA,NA,2,NA,NA,yes,111,NA,KAC,YEK,NA,NA,NA,NA,NA,NA,NA,NA,KAC,YEK,NA,NA,1,is,hier,nu,2,was,daar,toen,Als nu is toen en toen is nu,1,is,2,en,als,hier,toen,NA,NA,NA,NA,NA,NA,NA,NA
702b5,254,NA,trial_sequence,flow.Sequence,1_4_14,NA,NA,NA,NA,completion,1483,394882,394878,394895,396378,396380,2022-04-28T11:21:25.338Z,396395,NA,NA,NA,NA,NA,NA,NA,NA,NA,NA,NA,NA,NA,NA,NA,NA,NA,NA,NA,NA,NA,NA,NA,XEJ,XOS,XEJ,XOS,7,NA,NA,NA,NA,NA,NA,NA,NA,NA,NA,2,NA,NA,yes,111,NA,KAC,YEK,NA,NA,NA,NA,NA,NA,NA,NA,KAC,YEK,NA,NA,1,is,hier,nu,2,was,daar,toen,Als nu is toen en toen is nu,1,is,2,en,als,hier,toen,NA,NA,NA,NA,NA,NA,NA,NA
702b5,254,NA,trial,canvas.Screen,1_4_15_0_0,NA,NA,NA,NA,response,523,396386,396378,396395,396901,396894,2022-04-28T11:21:25.853Z,396928,NA,NA,NA,NA,NA,NA,NA,NA,NA,NA,NA,NA,NA,NA,NA,NA,NA,NA,NA,NA,NA,NA,NA,FIP,DET,DET,DET,7,NA,NA,NA,NA,NA,NA,NA,NA,NA,NA,2,NA,NA,no,112,NA,"NAK",TEP,no,mousedown @no,no,TRUE,NA,NA,NA,NA,"NAK",TEP,NA,NA,1,is,hier,nu,2,was,daar,toen,Als nu is toen en toen is nu,1,is,2,en,als,daar,toen,FIP,DET,NA,NA,NA,NA,NA,NA
702b5,254,NA,timer,html.Frame,1_4_15_0,NA,NA,NA,NA,NA,500,396381,396378,396395,396895,396895,2022-04-28T11:21:25.854Z,396928,NA,NA,NA,NA,NA,NA,NA,NA,NA,NA,NA,NA,NA,NA,NA,NA,NA,MEV,QAQ,PUV,LIG,NA,55,XEJ,XOS,XEJ,XOS,7,NA,NA,NA,NA,NA,NA,NA,NA,NA,NA,2,NA,NA,no,112,NA,KAC,YEK,NA,NA,NA,NA,NA,NA,NA,NA,KAC,YEK,NA,NA,1,is,hier,nu,2,was,daar,toen,Als nu is toen en toen is nu,1,is,2,en,als,daar,toen,NA,NA,NA,NA,NA,NA,NA,NA
702b5,254,NA,iti,canvas.Screen,1_4_15_1,NA,NA,NA,NA,timeout,1036,396896,396912,396928,397912,397912,2022-04-28T11:21:26.871Z,397964,NA,NA,NA,NA,NA,NA,NA,NA,NA,NA,NA,NA,NA,NA,NA,NA,NA,NA,NA,NA,NA,NA,NA,XEJ,XOS,XEJ,XOS,7,NA,NA,NA,NA,NA,NA,NA,NA,NA,NA,2,NA,NA,no,112,NA,KAC,YEK,NA,NA,NA,NA,NA,NA,NA,NA,KAC,YEK,NA,NA,1,is,hier,nu,2,was,daar,toen,Als nu is toen en toen is nu,1,is,2,en,als,daar,toen,NA,NA,NA,NA,NA,NA,NA,NA
702b5,254,NA,trial_sequence,flow.Sequence,1_4_15,NA,NA,NA,NA,completion,1517,396380,396378,396395,397912,397913,2022-04-28T11:21:26.872Z,397964,NA,NA,NA,NA,NA,NA,NA,NA,NA,NA,NA,NA,NA,NA,NA,NA,NA,NA,NA,NA,NA,NA,NA,XEJ,XOS,XEJ,XOS,7,NA,NA,NA,NA,NA,NA,NA,NA,NA,NA,2,NA,NA,no,112,NA,KAC,YEK,NA,NA,NA,NA,NA,NA,NA,NA,KAC,YEK,NA,NA,1,is,hier,nu,2,was,daar,toen,Als nu is toen en toen is nu,1,is,2,en,als,daar,toen,NA,NA,NA,NA,NA,NA,NA,NA
702b5,254,NA,trial_list_deictic,flow.Loop,1_4,NA,NA,NA,NA,completion,36437,361462,361409,361475,397912,397913,2022-04-28T11:21:26.872Z,397964,NA,NA,NA,NA,NA,NA,NA,NA,NA,NA,NA,NA,NA,NA,NA,NA,NA,NA,NA,NA,NA,NA,NA,XEJ,XOS,XEJ,XOS,NA,NA,NA,NA,NA,NA,NA,NA,NA,NA,NA,NA,NA,NA,NA,NA,NA,KAC,YEK,NA,NA,NA,NA,NA,NA,NA,NA,KAC,YEK,NA,NA,NA,NA,NA,NA,NA,NA,NA,NA,NA,NA,NA,NA,NA,NA,NA,NA,NA,NA,NA,NA,NA,NA,NA,NA
702b5,254,NA,trial,canvas.Screen,1_5_0_0_0,NA,NA,NA,NA,response,558,397958,397912,397964,398470,398463,2022-04-28T11:21:27.422Z,398495,NA,NA,NA,NA,NA,NA,NA,NA,NA,NA,NA,NA,NA,NA,NA,NA,NA,QIX,YOQ,DEZ,LEJ,NA,NA,QIX,YOQ,YOQ,LEJ,8,+,NA,+,NA,NA,NA,NA,NA,NA,NA,2,meer dan,4,no,113,NA,DEZ,LEJ,no,mousedown @no,no,TRUE,NA,NA,NA,NA,DEZ,LEJ,NA,NA,NA,NA,NA,NA,NA,NA,NA,NA,NA,NA,NA,NA,NA,NA,NA,NA,NA,NA,is hetzelfde als,1,is meer dan,3,QIX,DEZ
702b5,254,NA,timer,html.Frame,1_5_0_0,NA,NA,NA,NA,NA,501.000000000058,397955,397912,397964,398465,398465,2022-04-28T11:21:27.424Z,398495,NA,NA,NA,NA,NA,NA,NA,NA,NA,NA,NA,NA,NA,NA,NA,NA,NA,QOF,QOG,YUX,YUZ,NA,56,QIX,YOQ,QIX,YOQ,8,+,NA,+,NA,NA,NA,NA,NA,NA,NA,2,meer dan,4,no,113,NA,DEZ,LEJ,NA,NA,NA,NA,NA,NA,NA,NA,DEZ,LEJ,NA,NA,NA,NA,NA,NA,NA,NA,NA,NA,NA,NA,NA,NA,NA,NA,NA,NA,NA,NA,is hetzelfde als,1,is meer dan,3,NA,NA
702b5,254,NA,iti,canvas.Screen,1_5_0_1,NA,NA,NA,NA,timeout,1000,398465,398478,398495,399478,399479,2022-04-28T11:21:28.438Z,399495,NA,NA,NA,NA,NA,NA,NA,NA,NA,NA,NA,NA,NA,NA,NA,NA,NA,NA,NA,NA,NA,NA,NA,QIX,YOQ,QIX,YOQ,8,+,NA,+,NA,NA,NA,NA,NA,NA,NA,2,meer dan,4,no,113,NA,DEZ,LEJ,NA,NA,NA,NA,NA,NA,NA,NA,DEZ,LEJ,NA,NA,NA,NA,NA,NA,NA,NA,NA,NA,NA,NA,NA,NA,NA,NA,NA,NA,NA,NA,is hetzelfde als,1,is meer dan,3,NA,NA
702b5,254,NA,trial_sequence,flow.Sequence,1_5_0,NA,NA,NA,NA,completion,1514,397954,397912,397964,399478,399483,2022-04-28T11:21:28.442Z,399495,NA,NA,NA,NA,NA,NA,NA,NA,NA,NA,NA,NA,NA,NA,NA,NA,NA,NA,NA,NA,NA,NA,NA,QIX,YOQ,QIX,YOQ,8,+,NA,+,NA,NA,NA,NA,NA,NA,NA,2,meer dan,4,no,113,NA,DEZ,LEJ,NA,NA,NA,NA,NA,NA,NA,NA,DEZ,LEJ,NA,NA,NA,NA,NA,NA,NA,NA,NA,NA,NA,NA,NA,NA,NA,NA,NA,NA,NA,NA,is hetzelfde als,1,is meer dan,3,NA,NA
702b5,254,NA,trial,canvas.Screen,1_5_1_0_0,NA,NA,NA,NA,response,345.000000000058,399487,399478,399495,399823,399816,2022-04-28T11:21:28.774Z,399845,NA,NA,NA,NA,NA,NA,NA,NA,NA,NA,NA,NA,NA,NA,NA,NA,NA,NA,NA,NA,NA,NA,NA,QOF,QOG,YUZ,QOG,8,+,NA,+,NA,NA,NA,NA,NA,NA,NA,4,minder dan,2,no,114,NA,YUX,YUZ,no,mousedown @no,no,TRUE,NA,NA,NA,NA,YUX,YUZ,NA,NA,NA,NA,NA,NA,NA,NA,NA,NA,NA,NA,NA,NA,NA,NA,NA,NA,NA,NA,is hetzelfde als,1,is meer dan,3,QOF,YUX
702b5,254,NA,timer,html.Frame,1_5_1_0,NA,NA,NA,NA,NA,322,399484,399478,399495,399817,399817,2022-04-28T11:21:28.776Z,399845,NA,NA,NA,NA,NA,NA,NA,NA,NA,NA,NA,NA,NA,NA,NA,NA,NA,GIQ,RAC,GAC,ROP,NA,57,QIX,YOQ,QIX,YOQ,8,+,NA,+,NA,NA,NA,NA,NA,NA,NA,4,minder dan,2,no,114,NA,DEZ,LEJ,NA,NA,NA,NA,NA,NA,NA,NA,DEZ,LEJ,NA,NA,NA,NA,NA,NA,NA,NA,NA,NA,NA,NA,NA,NA,NA,NA,NA,NA,NA,NA,is hetzelfde als,1,is meer dan,3,NA,NA
702b5,254,NA,iti,canvas.Screen,1_5_1_1,NA,NA,NA,NA,timeout,1000,399817,399829,399845,400829,400832,2022-04-28T11:21:29.791Z,400845,NA,NA,NA,NA,NA,NA,NA,NA,NA,NA,NA,NA,NA,NA,NA,NA,NA,NA,NA,NA,NA,NA,NA,QIX,YOQ,QIX,YOQ,8,+,NA,+,NA,NA,NA,NA,NA,NA,NA,4,minder dan,2,no,114,NA,DEZ,LEJ,NA,NA,NA,NA,NA,NA,NA,NA,DEZ,LEJ,NA,NA,NA,NA,NA,NA,NA,NA,NA,NA,NA,NA,NA,NA,NA,NA,NA,NA,NA,NA,is hetzelfde als,1,is meer dan,3,NA,NA
702b5,254,NA,trial_sequence,flow.Sequence,1_5_1,NA,NA,NA,NA,completion,1334,399483,399478,399495,400829,400832,2022-04-28T11:21:29.791Z,400845,NA,NA,NA,NA,NA,NA,NA,NA,NA,NA,NA,NA,NA,NA,NA,NA,NA,NA,NA,NA,NA,NA,NA,QIX,YOQ,QIX,YOQ,8,+,NA,+,NA,NA,NA,NA,NA,NA,NA,4,minder dan,2,no,114,NA,DEZ,LEJ,NA,NA,NA,NA,NA,NA,NA,NA,DEZ,LEJ,NA,NA,NA,NA,NA,NA,NA,NA,NA,NA,NA,NA,NA,NA,NA,NA,NA,NA,NA,NA,is hetzelfde als,1,is meer dan,3,NA,NA
702b5,254,NA,trial,canvas.Screen,1_5_2_0_0,NA,NA,NA,NA,response,355,400838,400829,400845,401184,401177,2022-04-28T11:21:30.136Z,401195,NA,NA,NA,NA,NA,NA,NA,NA,NA,NA,NA,NA,NA,NA,NA,NA,NA,NA,NA,NA,NA,NA,NA,GIQ,RAC,RAC,ROP,8,+,NA,+,NA,NA,NA,NA,NA,NA,NA,2,meer dan,4,yes,115,NA,GAC,ROP,no,mousedown @no,yes,FALSE,NA,NA,NA,NA,GAC,ROP,NA,NA,NA,NA,NA,NA,NA,NA,NA,NA,NA,NA,NA,NA,NA,NA,NA,NA,NA,NA,is hetzelfde als,1,is minder dan,3,GIQ,GAC
702b5,254,NA,timer,html.Frame,1_5_2_0,NA,NA,NA,NA,NA,333,400834,400829,400845,401178,401178,2022-04-28T11:21:30.137Z,401195,NA,NA,NA,NA,NA,NA,NA,NA,NA,NA,NA,NA,NA,NA,NA,NA,NA,XIH,HIQ,XEG,XEC,NA,NA,QIX,YOQ,QIX,YOQ,8,+,NA,+,NA,NA,NA,NA,NA,NA,NA,2,meer dan,4,yes,115,NA,DEZ,LEJ,NA,NA,NA,NA,NA,NA,NA,NA,DEZ,LEJ,NA,NA,NA,NA,NA,NA,NA,NA,NA,NA,NA,NA,NA,NA,NA,NA,NA,NA,NA,NA,is hetzelfde als,1,is minder dan,3,NA,NA
702b5,254,NA,iti,canvas.Screen,1_5_2_1,NA,NA,NA,NA,timeout,1001,401178,401185,401195,402178,402179,2022-04-28T11:21:31.137Z,402196,NA,NA,NA,NA,NA,NA,NA,NA,NA,NA,NA,NA,NA,NA,NA,NA,NA,NA,NA,NA,NA,NA,NA,QIX,YOQ,QIX,YOQ,8,+,NA,+,NA,NA,NA,NA,NA,NA,NA,2,meer dan,4,yes,115,NA,DEZ,LEJ,NA,NA,NA,NA,NA,NA,NA,NA,DEZ,LEJ,NA,NA,NA,NA,NA,NA,NA,NA,NA,NA,NA,NA,NA,NA,NA,NA,NA,NA,NA,NA,is hetzelfde als,1,is minder dan,3,NA,NA
702b5,254,NA,trial_sequence,flow.Sequence,1_5_2,NA,NA,NA,NA,completion,1333,400833,400829,400845,402178,402179,2022-04-28T11:21:31.138Z,402196,NA,NA,NA,NA,NA,NA,NA,NA,NA,NA,NA,NA,NA,NA,NA,NA,NA,NA,NA,NA,NA,NA,NA,QIX,YOQ,QIX,YOQ,8,+,NA,+,NA,NA,NA,NA,NA,NA,NA,2,meer dan,4,yes,115,NA,DEZ,LEJ,NA,NA,NA,NA,NA,NA,NA,NA,DEZ,LEJ,NA,NA,NA,NA,NA,NA,NA,NA,NA,NA,NA,NA,NA,NA,NA,NA,NA,NA,NA,NA,is hetzelfde als,1,is minder dan,3,NA,NA
702b5,254,NA,trial,canvas.Screen,1_5_3_0_0,NA,NA,NA,NA,response,240,402183,402178,402196,402418,402410,2022-04-28T11:21:31.369Z,402428,NA,NA,NA,NA,NA,NA,NA,NA,NA,NA,NA,NA,NA,NA,NA,NA,NA,NA,NA,NA,NA,NA,NA,XIH,HIQ,XEC,HIQ,8,+,NA,+,NA,NA,NA,NA,NA,NA,NA,4,minder dan,2,yes,116,NA,XEG,XEC,no,mousedown @no,yes,FALSE,NA,NA,NA,NA,XEG,XEC,NA,NA,NA,NA,NA,NA,NA,NA,NA,NA,NA,NA,NA,NA,NA,NA,NA,NA,NA,NA,is hetzelfde als,1,is minder dan,3,XIH,XEG
702b5,254,NA,timer,html.Frame,1_5_3_0,NA,NA,NA,NA,NA,216.000000000058,402181,402178,402196,402412,402412,2022-04-28T11:21:31.370Z,402428,NA,NA,NA,NA,NA,NA,NA,NA,NA,NA,NA,NA,NA,NA,NA,NA,NA,SIY,TOZ,HOJ,XOP,NA,NA,QIX,YOQ,QIX,YOQ,8,+,NA,+,NA,NA,NA,NA,NA,NA,NA,4,minder dan,2,yes,116,NA,DEZ,LEJ,NA,NA,NA,NA,NA,NA,NA,NA,DEZ,LEJ,NA,NA,NA,NA,NA,NA,NA,NA,NA,NA,NA,NA,NA,NA,NA,NA,NA,NA,NA,NA,is hetzelfde als,1,is minder dan,3,NA,NA
702b5,254,NA,iti,canvas.Screen,1_5_3_1,NA,NA,NA,NA,timeout,1001,402412,402417,402428,403412,403412,2022-04-28T11:21:32.371Z,403429,NA,NA,NA,NA,NA,NA,NA,NA,NA,NA,NA,NA,NA,NA,NA,NA,NA,NA,NA,NA,NA,NA,NA,QIX,YOQ,QIX,YOQ,8,+,NA,+,NA,NA,NA,NA,NA,NA,NA,4,minder dan,2,yes,116,NA,DEZ,LEJ,NA,NA,NA,NA,NA,NA,NA,NA,DEZ,LEJ,NA,NA,NA,NA,NA,NA,NA,NA,NA,NA,NA,NA,NA,NA,NA,NA,NA,NA,NA,NA,is hetzelfde als,1,is minder dan,3,NA,NA
702b5,254,NA,trial_sequence,flow.Sequence,1_5_3,NA,NA,NA,NA,completion,1216,402179,402178,402196,403412,403413,2022-04-28T11:21:32.371Z,403429,NA,NA,NA,NA,NA,NA,NA,NA,NA,NA,NA,NA,NA,NA,NA,NA,NA,NA,NA,NA,NA,NA,NA,QIX,YOQ,QIX,YOQ,8,+,NA,+,NA,NA,NA,NA,NA,NA,NA,4,minder dan,2,yes,116,NA,DEZ,LEJ,NA,NA,NA,NA,NA,NA,NA,NA,DEZ,LEJ,NA,NA,NA,NA,NA,NA,NA,NA,NA,NA,NA,NA,NA,NA,NA,NA,NA,NA,NA,NA,is hetzelfde als,1,is minder dan,3,NA,NA
702b5,254,NA,trial,canvas.Screen,1_5_4_0_0,NA,NA,NA,NA,response,310,403417,403412,403429,403722,403715,2022-04-28T11:21:32.674Z,403746,NA,NA,NA,NA,NA,NA,NA,NA,NA,NA,NA,NA,NA,NA,NA,NA,NA,NA,NA,NA,NA,NA,NA,SIY,TOZ,TOZ,XOP,8,-,NA,-,NA,NA,NA,NA,NA,NA,NA,2,minder dan,4,no,117,NA,HOJ,XOP,no,mousedown @no,no,TRUE,NA,NA,NA,NA,HOJ,XOP,NA,NA,NA,NA,NA,NA,NA,NA,NA,NA,NA,NA,NA,NA,NA,NA,NA,NA,NA,NA,is hetzelfde als,1,is meer dan,3,SIY,HOJ
702b5,254,NA,timer,html.Frame,1_5_4_0,NA,NA,NA,NA,NA,288,403414,403412,403429,403717,403717,2022-04-28T11:21:32.675Z,403746,NA,NA,NA,NA,NA,NA,NA,NA,NA,NA,NA,NA,NA,NA,NA,NA,NA,"NAC",DUX,YUG,SEQ,NA,58,QIX,YOQ,QIX,YOQ,8,-,NA,-,NA,NA,NA,NA,NA,NA,NA,2,minder dan,4,no,117,NA,DEZ,LEJ,NA,NA,NA,NA,NA,NA,NA,NA,DEZ,LEJ,NA,NA,NA,NA,NA,NA,NA,NA,NA,NA,NA,NA,NA,NA,NA,NA,NA,NA,NA,NA,is hetzelfde als,1,is meer dan,3,NA,NA
702b5,254,NA,iti,canvas.Screen,1_5_4_1,NA,NA,NA,NA,timeout,1000,403717,403728,403746,404729,404730,2022-04-28T11:21:33.688Z,404746,NA,NA,NA,NA,NA,NA,NA,NA,NA,NA,NA,NA,NA,NA,NA,NA,NA,NA,NA,NA,NA,NA,NA,QIX,YOQ,QIX,YOQ,8,-,NA,-,NA,NA,NA,NA,NA,NA,NA,2,minder dan,4,no,117,NA,DEZ,LEJ,NA,NA,NA,NA,NA,NA,NA,NA,DEZ,LEJ,NA,NA,NA,NA,NA,NA,NA,NA,NA,NA,NA,NA,NA,NA,NA,NA,NA,NA,NA,NA,is hetzelfde als,1,is meer dan,3,NA,NA
702b5,254,NA,trial_sequence,flow.Sequence,1_5_4,NA,NA,NA,NA,completion,1300,403413,403412,403429,404729,404730,2022-04-28T11:21:33.689Z,404746,NA,NA,NA,NA,NA,NA,NA,NA,NA,NA,NA,NA,NA,NA,NA,NA,NA,NA,NA,NA,NA,NA,NA,QIX,YOQ,QIX,YOQ,8,-,NA,-,NA,NA,NA,NA,NA,NA,NA,2,minder dan,4,no,117,NA,DEZ,LEJ,NA,NA,NA,NA,NA,NA,NA,NA,DEZ,LEJ,NA,NA,NA,NA,NA,NA,NA,NA,NA,NA,NA,NA,NA,NA,NA,NA,NA,NA,NA,NA,is hetzelfde als,1,is meer dan,3,NA,NA
702b5,255,NA,trial,canvas.Screen,1_5_5_0_0,NA,NA,NA,NA,response,10592,404734,404729,404746,415321,415314,2022-04-28T11:21:44.272Z,415347,NA,NA,NA,NA,NA,NA,NA,NA,NA,NA,NA,NA,NA,NA,NA,NA,NA,NA,NA,NA,NA,NA,NA,"NAC",DUX,SEQ,DUX,8,-,NA,-,NA,NA,NA,NA,NA,NA,NA,4,meer dan,2,no,118,NA,YUG,SEQ,no,mousedown @no,no,TRUE,NA,NA,NA,NA,YUG,SEQ,NA,NA,NA,NA,NA,NA,NA,NA,NA,NA,NA,NA,NA,NA,NA,NA,NA,NA,NA,NA,is hetzelfde als,1,is meer dan,3,"NAC",YUG
702b5,255,NA,timer,html.Frame,1_5_5_0,NA,NA,NA,NA,NA,10569,404731,404729,404746,415315,415316,2022-04-28T11:21:44.274Z,415347,NA,NA,NA,NA,NA,NA,NA,NA,NA,NA,NA,NA,NA,NA,NA,NA,NA,CEW,YOF,WIF,ROV,NA,59,QIX,YOQ,QIX,YOQ,8,-,NA,-,NA,NA,NA,NA,NA,NA,NA,4,meer dan,2,no,118,NA,DEZ,LEJ,NA,NA,NA,NA,NA,NA,NA,NA,DEZ,LEJ,NA,NA,NA,NA,NA,NA,NA,NA,NA,NA,NA,NA,NA,NA,NA,NA,NA,NA,NA,NA,is hetzelfde als,1,is meer dan,3,NA,NA
702b5,255,NA,iti,canvas.Screen,1_5_5_1,NA,NA,NA,NA,timeout,999,415316,415330,415347,416329,416330,2022-04-28T11:21:45.288Z,416346,NA,NA,NA,NA,NA,NA,NA,NA,NA,NA,NA,NA,NA,NA,NA,NA,NA,NA,NA,NA,NA,NA,NA,QIX,YOQ,QIX,YOQ,8,-,NA,-,NA,NA,NA,NA,NA,NA,NA,4,meer dan,2,no,118,NA,DEZ,LEJ,NA,NA,NA,NA,NA,NA,NA,NA,DEZ,LEJ,NA,NA,NA,NA,NA,NA,NA,NA,NA,NA,NA,NA,NA,NA,NA,NA,NA,NA,NA,NA,is hetzelfde als,1,is meer dan,3,NA,NA
702b5,255,NA,trial_sequence,flow.Sequence,1_5_5,NA,NA,NA,NA,completion,11583,404730,404729,404746,416329,416330,2022-04-28T11:21:45.289Z,416346,NA,NA,NA,NA,NA,NA,NA,NA,NA,NA,NA,NA,NA,NA,NA,NA,NA,NA,NA,NA,NA,NA,NA,QIX,YOQ,QIX,YOQ,8,-,NA,-,NA,NA,NA,NA,NA,NA,NA,4,meer dan,2,no,118,NA,DEZ,LEJ,NA,NA,NA,NA,NA,NA,NA,NA,DEZ,LEJ,NA,NA,NA,NA,NA,NA,NA,NA,NA,NA,NA,NA,NA,NA,NA,NA,NA,NA,NA,NA,is hetzelfde als,1,is meer dan,3,NA,NA
702b5,255,NA,trial,canvas.Screen,1_5_6_0_0,NA,NA,NA,NA,response,361,416336,416329,416346,416690,416682,2022-04-28T11:21:45.641Z,416712,NA,NA,NA,NA,NA,NA,NA,NA,NA,NA,NA,NA,NA,NA,NA,NA,NA,NA,NA,NA,NA,NA,NA,CEW,YOF,YOF,ROV,8,-,NA,-,NA,NA,NA,NA,NA,NA,NA,2,minder dan,4,yes,119,NA,WIF,ROV,no,mousedown @no,yes,FALSE,NA,NA,NA,NA,WIF,ROV,NA,NA,NA,NA,NA,NA,NA,NA,NA,NA,NA,NA,NA,NA,NA,NA,NA,NA,NA,NA,is hetzelfde als,1,is minder dan,3,CEW,WIF
702b5,255,NA,timer,html.Frame,1_5_6_0,NA,NA,NA,NA,NA,337,416332,416329,416346,416683,416683,2022-04-28T11:21:45.642Z,416712,NA,NA,NA,NA,NA,NA,NA,NA,NA,NA,NA,NA,NA,NA,NA,NA,NA,GOG,QAP,LIQ,XIN,NA,NA,QIX,YOQ,QIX,YOQ,8,-,NA,-,NA,NA,NA,NA,NA,NA,NA,2,minder dan,4,yes,119,NA,DEZ,LEJ,NA,NA,NA,NA,NA,NA,NA,NA,DEZ,LEJ,NA,NA,NA,NA,NA,NA,NA,NA,NA,NA,NA,NA,NA,NA,NA,NA,NA,NA,NA,NA,is hetzelfde als,1,is minder dan,3,NA,NA
702b5,255,NA,iti,canvas.Screen,1_5_6_1,NA,NA,NA,NA,timeout,1000,416684,416696,416712,417696,417696,2022-04-28T11:21:46.655Z,417712,NA,NA,NA,NA,NA,NA,NA,NA,NA,NA,NA,NA,NA,NA,NA,NA,NA,NA,NA,NA,NA,NA,NA,QIX,YOQ,QIX,YOQ,8,-,NA,-,NA,NA,NA,NA,NA,NA,NA,2,minder dan,4,yes,119,NA,DEZ,LEJ,NA,NA,NA,NA,NA,NA,NA,NA,DEZ,LEJ,NA,NA,NA,NA,NA,NA,NA,NA,NA,NA,NA,NA,NA,NA,NA,NA,NA,NA,NA,NA,is hetzelfde als,1,is minder dan,3,NA,NA
702b5,255,NA,trial_sequence,flow.Sequence,1_5_6,NA,NA,NA,NA,completion,1350,416330,416329,416346,417696,417697,2022-04-28T11:21:46.655Z,417712,NA,NA,NA,NA,NA,NA,NA,NA,NA,NA,NA,NA,NA,NA,NA,NA,NA,NA,NA,NA,NA,NA,NA,QIX,YOQ,QIX,YOQ,8,-,NA,-,NA,NA,NA,NA,NA,NA,NA,2,minder dan,4,yes,119,NA,DEZ,LEJ,NA,NA,NA,NA,NA,NA,NA,NA,DEZ,LEJ,NA,NA,NA,NA,NA,NA,NA,NA,NA,NA,NA,NA,NA,NA,NA,NA,NA,NA,NA,NA,is hetzelfde als,1,is minder dan,3,NA,NA
702b5,255,NA,trial,canvas.Screen,1_5_7_0_0,NA,NA,NA,NA,response,363,417703,417696,417712,418059,418052,2022-04-28T11:21:47.010Z,418079,NA,NA,NA,NA,NA,NA,NA,NA,NA,NA,NA,NA,NA,NA,NA,NA,NA,NA,NA,NA,NA,NA,NA,GOG,QAP,XIN,QAP,8,-,NA,-,NA,NA,NA,NA,NA,NA,NA,4,meer dan,2,yes,120,NA,LIQ,XIN,no,mousedown @no,yes,FALSE,NA,NA,NA,NA,LIQ,XIN,NA,NA,NA,NA,NA,NA,NA,NA,NA,NA,NA,NA,NA,NA,NA,NA,NA,NA,NA,NA,is hetzelfde als,1,is minder dan,3,GOG,LIQ
702b5,255,NA,timer,html.Frame,1_5_7_0,NA,NA,NA,NA,NA,341,417699,417696,417712,418053,418053,2022-04-28T11:21:47.011Z,418079,NA,NA,NA,NA,NA,NA,NA,NA,NA,NA,NA,NA,NA,NA,NA,NA,NA,XEP,GIC,XOT,FUF,NA,NA,QIX,YOQ,QIX,YOQ,8,-,NA,-,NA,NA,NA,NA,NA,NA,NA,4,meer dan,2,yes,120,NA,DEZ,LEJ,NA,NA,NA,NA,NA,NA,NA,NA,DEZ,LEJ,NA,NA,NA,NA,NA,NA,NA,NA,NA,NA,NA,NA,NA,NA,NA,NA,NA,NA,NA,NA,is hetzelfde als,1,is minder dan,3,NA,NA
702b5,255,NA,iti,canvas.Screen,1_5_7_1,NA,NA,NA,NA,timeout,1001,418053,418063,418079,419062,419063,2022-04-28T11:21:48.021Z,419080,NA,NA,NA,NA,NA,NA,NA,NA,NA,NA,NA,NA,NA,NA,NA,NA,NA,NA,NA,NA,NA,NA,NA,QIX,YOQ,QIX,YOQ,8,-,NA,-,NA,NA,NA,NA,NA,NA,NA,4,meer dan,2,yes,120,NA,DEZ,LEJ,NA,NA,NA,NA,NA,NA,NA,NA,DEZ,LEJ,NA,NA,NA,NA,NA,NA,NA,NA,NA,NA,NA,NA,NA,NA,NA,NA,NA,NA,NA,NA,is hetzelfde als,1,is minder dan,3,NA,NA
702b5,255,NA,trial_sequence,flow.Sequence,1_5_7,NA,NA,NA,NA,completion,1350,417697,417696,417712,419062,419064,2022-04-28T11:21:48.022Z,419080,NA,NA,NA,NA,NA,NA,NA,NA,NA,NA,NA,NA,NA,NA,NA,NA,NA,NA,NA,NA,NA,NA,NA,QIX,YOQ,QIX,YOQ,8,-,NA,-,NA,NA,NA,NA,NA,NA,NA,4,meer dan,2,yes,120,NA,DEZ,LEJ,NA,NA,NA,NA,NA,NA,NA,NA,DEZ,LEJ,NA,NA,NA,NA,NA,NA,NA,NA,NA,NA,NA,NA,NA,NA,NA,NA,NA,NA,NA,NA,is hetzelfde als,1,is minder dan,3,NA,NA
702b5,255,NA,trial,canvas.Screen,1_5_8_0_0,NA,NA,NA,NA,response,639,419069,419062,419080,419701,419693,2022-04-28T11:21:48.652Z,419730,NA,NA,NA,NA,NA,NA,NA,NA,NA,NA,NA,NA,NA,NA,NA,NA,NA,NA,NA,NA,NA,NA,NA,XEP,GIC,GIC,FUF,9,+,NA,+,NA,NA,NA,NA,NA,NA,NA,2,minder dan,4,no,121,NA,XOT,FUF,no,mousedown @no,no,TRUE,NA,NA,NA,NA,XOT,FUF,NA,NA,NA,NA,NA,NA,NA,NA,NA,NA,NA,NA,NA,NA,NA,NA,NA,NA,NA,NA,is meer dan,1,is hetzelfde als,3,XEP,XOT
702b5,255,NA,timer,html.Frame,1_5_8_0,NA,NA,NA,NA,NA,614,419065,419062,419080,419694,419695,2022-04-28T11:21:48.653Z,419730,NA,NA,NA,NA,NA,NA,NA,NA,NA,NA,NA,NA,NA,NA,NA,NA,NA,QOL,POV,KIQ,TEZ,NA,60,QIX,YOQ,QIX,YOQ,9,+,NA,+,NA,NA,NA,NA,NA,NA,NA,2,minder dan,4,no,121,NA,DEZ,LEJ,NA,NA,NA,NA,NA,NA,NA,NA,DEZ,LEJ,NA,NA,NA,NA,NA,NA,NA,NA,NA,NA,NA,NA,NA,NA,NA,NA,NA,NA,NA,NA,is meer dan,1,is hetzelfde als,3,NA,NA
702b5,255,NA,iti,canvas.Screen,1_5_8_1,NA,NA,NA,NA,timeout,999,419695,419713,419730,420714,420717,2022-04-28T11:21:49.675Z,420729,NA,NA,NA,NA,NA,NA,NA,NA,NA,NA,NA,NA,NA,NA,NA,NA,NA,NA,NA,NA,NA,NA,NA,QIX,YOQ,QIX,YOQ,9,+,NA,+,NA,NA,NA,NA,NA,NA,NA,2,minder dan,4,no,121,NA,DEZ,LEJ,NA,NA,NA,NA,NA,NA,NA,NA,DEZ,LEJ,NA,NA,NA,NA,NA,NA,NA,NA,NA,NA,NA,NA,NA,NA,NA,NA,NA,NA,NA,NA,is meer dan,1,is hetzelfde als,3,NA,NA
702b5,255,NA,trial_sequence,flow.Sequence,1_5_8,NA,NA,NA,NA,completion,1634,419064,419062,419080,420714,420717,2022-04-28T11:21:49.676Z,420729,NA,NA,NA,NA,NA,NA,NA,NA,NA,NA,NA,NA,NA,NA,NA,NA,NA,NA,NA,NA,NA,NA,NA,QIX,YOQ,QIX,YOQ,9,+,NA,+,NA,NA,NA,NA,NA,NA,NA,2,minder dan,4,no,121,NA,DEZ,LEJ,NA,NA,NA,NA,NA,NA,NA,NA,DEZ,LEJ,NA,NA,NA,NA,NA,NA,NA,NA,NA,NA,NA,NA,NA,NA,NA,NA,NA,NA,NA,NA,is meer dan,1,is hetzelfde als,3,NA,NA
702b5,256,NA,trial,canvas.Screen,1_5_9_0_0,NA,NA,NA,NA,response,3714,420723,420714,420729,424428,424421,2022-04-28T11:21:53.379Z,424464,NA,NA,NA,NA,NA,NA,NA,NA,NA,NA,NA,NA,NA,NA,NA,NA,NA,NA,NA,NA,NA,NA,NA,QOL,POV,TEZ,POV,9,+,NA,+,NA,NA,NA,NA,NA,NA,NA,4,meer dan,2,no,122,NA,KIQ,TEZ,no,mousedown @no,no,TRUE,NA,NA,NA,NA,KIQ,TEZ,NA,NA,NA,NA,NA,NA,NA,NA,NA,NA,NA,NA,NA,NA,NA,NA,NA,NA,NA,NA,is meer dan,1,is hetzelfde als,3,QOL,KIQ
702b5,256,NA,timer,html.Frame,1_5_9_0,NA,NA,NA,NA,NA,3694,420719,420714,420729,424423,424423,2022-04-28T11:21:53.381Z,424464,NA,NA,NA,NA,NA,NA,NA,NA,NA,NA,NA,NA,NA,NA,NA,NA,NA,BOR,CIX,QUK,VUV,NA,61,QIX,YOQ,QIX,YOQ,9,+,NA,+,NA,NA,NA,NA,NA,NA,NA,4,meer dan,2,no,122,NA,DEZ,LEJ,NA,NA,NA,NA,NA,NA,NA,NA,DEZ,LEJ,NA,NA,NA,NA,NA,NA,NA,NA,NA,NA,NA,NA,NA,NA,NA,NA,NA,NA,NA,NA,is meer dan,1,is hetzelfde als,3,NA,NA
702b5,256,NA,iti,canvas.Screen,1_5_9_1,NA,NA,NA,NA,timeout,1000,424424,424446,424464,425447,425448,2022-04-28T11:21:54.406Z,425464,NA,NA,NA,NA,NA,NA,NA,NA,NA,NA,NA,NA,NA,NA,NA,NA,NA,NA,NA,NA,NA,NA,NA,QIX,YOQ,QIX,YOQ,9,+,NA,+,NA,NA,NA,NA,NA,NA,NA,4,meer dan,2,no,122,NA,DEZ,LEJ,NA,NA,NA,NA,NA,NA,NA,NA,DEZ,LEJ,NA,NA,NA,NA,NA,NA,NA,NA,NA,NA,NA,NA,NA,NA,NA,NA,NA,NA,NA,NA,is meer dan,1,is hetzelfde als,3,NA,NA
702b5,256,NA,trial_sequence,flow.Sequence,1_5_9,NA,NA,NA,NA,completion,4718,420718,420714,420729,425447,425448,2022-04-28T11:21:54.406Z,425464,NA,NA,NA,NA,NA,NA,NA,NA,NA,NA,NA,NA,NA,NA,NA,NA,NA,NA,NA,NA,NA,NA,NA,QIX,YOQ,QIX,YOQ,9,+,NA,+,NA,NA,NA,NA,NA,NA,NA,4,meer dan,2,no,122,NA,DEZ,LEJ,NA,NA,NA,NA,NA,NA,NA,NA,DEZ,LEJ,NA,NA,NA,NA,NA,NA,NA,NA,NA,NA,NA,NA,NA,NA,NA,NA,NA,NA,NA,NA,is meer dan,1,is hetzelfde als,3,NA,NA
702b5,256,NA,trial,canvas.Screen,1_5_10_0_0,NA,NA,NA,NA,response,303,425453,425447,425464,425750,425743,2022-04-28T11:21:54.701Z,425763,NA,NA,NA,NA,NA,NA,NA,NA,NA,NA,NA,NA,NA,NA,NA,NA,NA,NA,NA,NA,NA,NA,NA,BOR,CIX,CIX,VUV,9,-,NA,-,NA,NA,NA,NA,NA,NA,NA,2,minder dan,4,yes,123,NA,QUK,VUV,no,mousedown @no,yes,FALSE,NA,NA,NA,NA,QUK,VUV,NA,NA,NA,NA,NA,NA,NA,NA,NA,NA,NA,NA,NA,NA,NA,NA,NA,NA,NA,NA,is meer dan,1,is hetzelfde als,3,BOR,QUK
702b5,256,NA,timer,html.Frame,1_5_10_0,NA,NA,NA,NA,NA,280,425450,425447,425464,425744,425744,2022-04-28T11:21:54.702Z,425763,NA,NA,NA,NA,NA,NA,NA,NA,NA,NA,NA,NA,NA,NA,NA,NA,NA,ROQ,VOP,YOJ,JUQ,NA,NA,QIX,YOQ,QIX,YOQ,9,-,NA,-,NA,NA,NA,NA,NA,NA,NA,2,minder dan,4,yes,123,NA,DEZ,LEJ,NA,NA,NA,NA,NA,NA,NA,NA,DEZ,LEJ,NA,NA,NA,NA,NA,NA,NA,NA,NA,NA,NA,NA,NA,NA,NA,NA,NA,NA,NA,NA,is meer dan,1,is hetzelfde als,3,NA,NA
702b5,256,NA,iti,canvas.Screen,1_5_10_1,NA,NA,NA,NA,timeout,1001,425744,425749,425763,426747,426748,2022-04-28T11:21:55.706Z,426764,NA,NA,NA,NA,NA,NA,NA,NA,NA,NA,NA,NA,NA,NA,NA,NA,NA,NA,NA,NA,NA,NA,NA,QIX,YOQ,QIX,YOQ,9,-,NA,-,NA,NA,NA,NA,NA,NA,NA,2,minder dan,4,yes,123,NA,DEZ,LEJ,NA,NA,NA,NA,NA,NA,NA,NA,DEZ,LEJ,NA,NA,NA,NA,NA,NA,NA,NA,NA,NA,NA,NA,NA,NA,NA,NA,NA,NA,NA,NA,is meer dan,1,is hetzelfde als,3,NA,NA
702b5,256,NA,trial_sequence,flow.Sequence,1_5_10,NA,NA,NA,NA,completion,1283,425448,425447,425464,426747,426749,2022-04-28T11:21:55.707Z,426764,NA,NA,NA,NA,NA,NA,NA,NA,NA,NA,NA,NA,NA,NA,NA,NA,NA,NA,NA,NA,NA,NA,NA,QIX,YOQ,QIX,YOQ,9,-,NA,-,NA,NA,NA,NA,NA,NA,NA,2,minder dan,4,yes,123,NA,DEZ,LEJ,NA,NA,NA,NA,NA,NA,NA,NA,DEZ,LEJ,NA,NA,NA,NA,NA,NA,NA,NA,NA,NA,NA,NA,NA,NA,NA,NA,NA,NA,NA,NA,is meer dan,1,is hetzelfde als,3,NA,NA
702b5,256,NA,trial,canvas.Screen,1_5_11_0_0,NA,NA,NA,NA,response,364,426754,426747,426764,427111,427104,2022-04-28T11:21:56.062Z,427131,NA,NA,NA,NA,NA,NA,NA,NA,NA,NA,NA,NA,NA,NA,NA,NA,NA,NA,NA,NA,NA,NA,NA,ROQ,VOP,JUQ,VOP,9,-,NA,-,NA,NA,NA,NA,NA,NA,NA,4,meer dan,2,yes,124,NA,YOJ,JUQ,no,mousedown @no,yes,FALSE,NA,NA,NA,NA,YOJ,JUQ,NA,NA,NA,NA,NA,NA,NA,NA,NA,NA,NA,NA,NA,NA,NA,NA,NA,NA,NA,NA,is meer dan,1,is hetzelfde als,3,ROQ,YOJ
702b5,256,NA,timer,html.Frame,1_5_11_0,NA,NA,NA,NA,NA,341,426750,426747,426764,427105,427105,2022-04-28T11:21:56.063Z,427131,NA,NA,NA,NA,NA,NA,NA,NA,NA,NA,NA,NA,NA,NA,NA,NA,NA,SUV,QIB,NEC,XUP,NA,NA,QIX,YOQ,QIX,YOQ,9,-,NA,-,NA,NA,NA,NA,NA,NA,NA,4,meer dan,2,yes,124,NA,DEZ,LEJ,NA,NA,NA,NA,NA,NA,NA,NA,DEZ,LEJ,NA,NA,NA,NA,NA,NA,NA,NA,NA,NA,NA,NA,NA,NA,NA,NA,NA,NA,NA,NA,is meer dan,1,is hetzelfde als,3,NA,NA
702b5,256,NA,iti,canvas.Screen,1_5_11_1,NA,NA,NA,NA,timeout,999,427105,427114,427131,428113,428113,2022-04-28T11:21:57.072Z,428130,NA,NA,NA,NA,NA,NA,NA,NA,NA,NA,NA,NA,NA,NA,NA,NA,NA,NA,NA,NA,NA,NA,NA,QIX,YOQ,QIX,YOQ,9,-,NA,-,NA,NA,NA,NA,NA,NA,NA,4,meer dan,2,yes,124,NA,DEZ,LEJ,NA,NA,NA,NA,NA,NA,NA,NA,DEZ,LEJ,NA,NA,NA,NA,NA,NA,NA,NA,NA,NA,NA,NA,NA,NA,NA,NA,NA,NA,NA,NA,is meer dan,1,is hetzelfde als,3,NA,NA
702b5,256,NA,trial_sequence,flow.Sequence,1_5_11,NA,NA,NA,NA,completion,1349,426749,426747,426764,428113,428114,2022-04-28T11:21:57.072Z,428130,NA,NA,NA,NA,NA,NA,NA,NA,NA,NA,NA,NA,NA,NA,NA,NA,NA,NA,NA,NA,NA,NA,NA,QIX,YOQ,QIX,YOQ,9,-,NA,-,NA,NA,NA,NA,NA,NA,NA,4,meer dan,2,yes,124,NA,DEZ,LEJ,NA,NA,NA,NA,NA,NA,NA,NA,DEZ,LEJ,NA,NA,NA,NA,NA,NA,NA,NA,NA,NA,NA,NA,NA,NA,NA,NA,NA,NA,NA,NA,is meer dan,1,is hetzelfde als,3,NA,NA
702b5,256,NA,trial,canvas.Screen,1_5_12_0_0,NA,NA,NA,NA,response,423,428119,428113,428130,428536,428529,2022-04-28T11:21:57.487Z,428564,NA,NA,NA,NA,NA,NA,NA,NA,NA,NA,NA,NA,NA,NA,NA,NA,NA,NA,NA,NA,NA,NA,NA,SUV,QIB,SUV,NEC,9,+,NA,+,NA,NA,NA,NA,NA,NA,NA,1,meer dan,3,no,125,NA,NEC,XUP,no,mousedown @no,no,TRUE,NA,NA,NA,NA,NEC,XUP,NA,NA,NA,NA,NA,NA,NA,NA,NA,NA,NA,NA,NA,NA,NA,NA,NA,NA,NA,NA,is minder dan,2,is hetzelfde als,4,QIB,XUP
702b5,256,NA,timer,html.Frame,1_5_12_0,NA,NA,NA,NA,NA,400.000000000058,428116,428113,428130,428530,428531,2022-04-28T11:21:57.489Z,428564,NA,NA,NA,NA,NA,NA,NA,NA,NA,NA,NA,NA,NA,NA,NA,NA,NA,BUP,YOP,KIB,FEV,NA,62,QIX,YOQ,QIX,YOQ,9,+,NA,+,NA,NA,NA,NA,NA,NA,NA,1,meer dan,3,no,125,NA,DEZ,LEJ,NA,NA,NA,NA,NA,NA,NA,NA,DEZ,LEJ,NA,NA,NA,NA,NA,NA,NA,NA,NA,NA,NA,NA,NA,NA,NA,NA,NA,NA,NA,NA,is minder dan,2,is hetzelfde als,4,NA,NA
702b5,256,NA,iti,canvas.Screen,1_5_12_1,NA,NA,NA,NA,timeout,999,428531,428548,428564,429547,429548,2022-04-28T11:21:58.506Z,429563,NA,NA,NA,NA,NA,NA,NA,NA,NA,NA,NA,NA,NA,NA,NA,NA,NA,NA,NA,NA,NA,NA,NA,QIX,YOQ,QIX,YOQ,9,+,NA,+,NA,NA,NA,NA,NA,NA,NA,1,meer dan,3,no,125,NA,DEZ,LEJ,NA,NA,NA,NA,NA,NA,NA,NA,DEZ,LEJ,NA,NA,NA,NA,NA,NA,NA,NA,NA,NA,NA,NA,NA,NA,NA,NA,NA,NA,NA,NA,is minder dan,2,is hetzelfde als,4,NA,NA
702b5,256,NA,trial_sequence,flow.Sequence,1_5_12,NA,NA,NA,NA,completion,1417,428114,428113,428130,429547,429549,2022-04-28T11:21:58.507Z,429563,NA,NA,NA,NA,NA,NA,NA,NA,NA,NA,NA,NA,NA,NA,NA,NA,NA,NA,NA,NA,NA,NA,NA,QIX,YOQ,QIX,YOQ,9,+,NA,+,NA,NA,NA,NA,NA,NA,NA,1,meer dan,3,no,125,NA,DEZ,LEJ,NA,NA,NA,NA,NA,NA,NA,NA,DEZ,LEJ,NA,NA,NA,NA,NA,NA,NA,NA,NA,NA,NA,NA,NA,NA,NA,NA,NA,NA,NA,NA,is minder dan,2,is hetzelfde als,4,NA,NA
944e3,1,list(),demographics,html.Page,0,25,vrouw,marie.delabie@hotmail.com,,form submission,15814.2499996185,905.099999904633,783.298,900.15,16714.3999996185,16714.6999998093,2022-04-08T13:19:48.943Z,16728.16,20.2.4,https://www.drjamiecummins.com/md/rai-elaborated-nl/,"Mozilla/5.0 (Windows NT 10.0; Win64; x64) AppleWebKit/537.36 (KHTML, like Gecko) Chrome/100.0.4896.75 Safari/537.36",Win32,en-US,en-US,Europe/Brussels,-120,1280,720,1280,561,1280,609,1.5,production,f5b4a49f956347addd546a832a3327688c2c0fef,NA,NA,NA,NA,NA,NA,NA,NA,NA,NA,NA,NA,NA,NA,NA,NA,NA,NA,NA,NA,NA,NA,NA,NA,NA,NA,NA,NA,NA,NA,NA,NA,NA,NA,NA,NA,NA,NA,NA,NA,NA,NA,NA,NA,NA,NA,NA,NA,NA,NA,NA,NA,NA,NA,NA,NA,NA,NA,NA,NA,NA,NA,NA,NA,NA
944e3,2,NA,introduction_1,html.Page,1_0,NA,NA,NA,,form submission,12438.34,16714.7999997139,16711.269,16728.16,29166.5,29166.8999996185,2022-04-08T13:20:01.395Z,29173.82,NA,NA,NA,NA,NA,NA,NA,NA,NA,NA,NA,NA,NA,NA,NA,NA,NA,NA,NA,NA,NA,NA,NA,NA,NA,NA,NA,NA,NA,NA,NA,NA,NA,NA,NA,NA,NA,NA,NA,NA,NA,NA,NA,NA,NA,NA,NA,NA,NA,NA,NA,NA,NA,NA,NA,NA,NA,NA,NA,NA,NA,NA,NA,NA,NA,NA,NA,NA,NA,NA,NA,NA,NA,NA,NA,NA,NA,NA,NA,NA,NA,NA
944e3,3,NA,introduction_2,html.Page,1_1,NA,NA,NA,,form submission,2719.27999990463,29167,29157.233,29173.82,31893.0999999046,31893.3999996185,2022-04-08T13:20:04.122Z,31972.843,NA,NA,NA,NA,NA,NA,NA,NA,NA,NA,NA,NA,NA,NA,NA,NA,NA,NA,NA,NA,NA,NA,NA,NA,NA,NA,NA,NA,NA,NA,NA,NA,NA,NA,NA,NA,NA,NA,NA,NA,NA,NA,NA,NA,NA,NA,NA,NA,NA,NA,NA,NA,NA,NA,NA,NA,NA,NA,NA,NA,NA,NA,NA,NA,NA,NA,NA,NA,NA,NA,NA,NA,NA,NA,NA,NA,NA,NA,NA,NA,NA,NA
944e3,4,NA,trial,canvas.Screen,1_2_0_0_0,NA,NA,NA,NA,response,16225.7569999046,31969,31889.564,31972.843,48198.5999999046,48200.6999998093,2022-04-08T13:20:20.429Z,48217.53,NA,NA,NA,NA,NA,NA,NA,NA,NA,NA,NA,NA,NA,NA,NA,NA,NA,CAF,DUL,KAC,NIZ,POG,0,CAF,DUL,CAF,KAC,1,is hetzelfde als,2,is hetzelfde als,3,,,,,,,1,hetzelfde als,3,yes,1,Is,DUL,KAC,yes,mousedown @yes,yes,TRUE,NA,NA,NA,NA,NA,NA,NA,NA,NA,NA,NA,NA,NA,NA,NA,NA,NA,NA,NA,NA,NA,NA,NA,NA,NA,NA,NA,NA,NA,NA,NA,NA
944e3,4,NA,timer,html.Frame,1_2_0_0,NA,NA,NA,NA,NA,16228.657,31967.5999999046,31889.564,31972.843,48201.5,48201.5,2022-04-08T13:20:20.430Z,48217.53,NA,NA,NA,NA,NA,NA,NA,NA,NA,NA,NA,NA,NA,NA,NA,NA,NA,PIV,VUW,HIR,KER,JOZ,1,CAF,DUL,CAF,DUL,1,is hetzelfde als,2,is hetzelfde als,3,,,,,,,1,hetzelfde als,3,yes,1,Is,NA,NA,NA,NA,NA,NA,NA,NA,NA,NA,NA,NA,NA,NA,NA,NA,NA,NA,NA,NA,NA,NA,NA,NA,NA,NA,NA,NA,NA,NA,NA,NA,NA,NA,NA,NA,NA,NA
944e3,4,NA,iti,canvas.Screen,1_2_0_1,NA,NA,NA,NA,timeout,999.652000000002,48201.5999999046,48200.933,48217.53,49200.593,49201.6999998093,2022-04-08T13:20:21.430Z,49217.182,NA,NA,NA,NA,NA,NA,NA,NA,NA,NA,NA,NA,NA,NA,NA,NA,NA,NA,NA,NA,NA,NA,NA,CAF,DUL,CAF,DUL,1,is hetzelfde als,2,is hetzelfde als,3,,,,,,,1,hetzelfde als,3,yes,1,Is,NA,NA,NA,NA,NA,NA,NA,NA,NA,NA,NA,NA,NA,NA,NA,NA,NA,NA,NA,NA,NA,NA,NA,NA,NA,NA,NA,NA,NA,NA,NA,NA,NA,NA,NA,NA,NA,NA
944e3,4,NA,trial_sequence,flow.Sequence,1_2_0,NA,NA,NA,NA,completion,17227.75,31967.0999999046,31889.564,31972.843,49200.593,49202.0999999046,2022-04-08T13:20:21.430Z,49217.182,NA,NA,NA,NA,NA,NA,NA,NA,NA,NA,NA,NA,NA,NA,NA,NA,NA,NA,NA,NA,NA,NA,NA,CAF,DUL,CAF,DUL,1,is hetzelfde als,2,is hetzelfde als,3,,,,,,,1,hetzelfde als,3,yes,1,Is,NA,NA,NA,NA,NA,NA,NA,NA,NA,NA,NA,NA,NA,NA,NA,NA,NA,NA,NA,NA,NA,NA,NA,NA,NA,NA,NA,NA,NA,NA,NA,NA,NA,NA,NA,NA,NA,NA
944e3,5,NA,trial,canvas.Screen,1_2_1_0_0,NA,NA,NA,NA,response,5619.01799980926,49206.2999997139,49200.593,49217.182,54836.1999998093,54841.3999996185,2022-04-08T13:20:27.070Z,54848.6,NA,NA,NA,NA,NA,NA,NA,NA,NA,NA,NA,NA,NA,NA,NA,NA,NA,NA,NA,NA,NA,NA,NA,PIV,VUW,HIR,PIV,1,is hetzelfde als,2,is hetzelfde als,3,,,,,,,3,het tegenovergestelde van,1,no,2,Is,VUW,HIR,no,mousedown @no,no,TRUE,NA,NA,NA,NA,NA,NA,NA,NA,NA,NA,NA,NA,NA,NA,NA,NA,NA,NA,NA,NA,NA,NA,NA,NA,NA,NA,NA,NA,NA,NA,NA,NA
944e3,5,NA,timer,html.Frame,1_2_1_0,NA,NA,NA,NA,NA,5624.6179997139,49203.2999997139,49200.593,49217.182,54841.7999997139,54842,2022-04-08T13:20:27.070Z,54848.6,NA,NA,NA,NA,NA,NA,NA,NA,NA,NA,NA,NA,NA,NA,NA,NA,NA,GIQ,BAZ,SEK,KIZ,DAQ,2,CAF,DUL,CAF,DUL,1,is hetzelfde als,2,is hetzelfde als,3,,,,,,,3,het tegenovergestelde van,1,no,2,Is,NA,NA,NA,NA,NA,NA,NA,NA,NA,NA,NA,NA,NA,NA,NA,NA,NA,NA,NA,NA,NA,NA,NA,NA,NA,NA,NA,NA,NA,NA,NA,NA,NA,NA,NA,NA,NA,NA
944e3,5,NA,iti,canvas.Screen,1_2_1_1,NA,NA,NA,NA,timeout,999.755000000005,54842.0999999046,54831.911,54848.6,55831.488,55832.2999997139,2022-04-08T13:20:28.060Z,55848.355,NA,NA,NA,NA,NA,NA,NA,NA,NA,NA,NA,NA,NA,NA,NA,NA,NA,NA,NA,NA,NA,NA,NA,CAF,DUL,CAF,DUL,1,is hetzelfde als,2,is hetzelfde als,3,,,,,,,3,het tegenovergestelde van,1,no,2,Is,NA,NA,NA,NA,NA,NA,NA,NA,NA,NA,NA,NA,NA,NA,NA,NA,NA,NA,NA,NA,NA,NA,NA,NA,NA,NA,NA,NA,NA,NA,NA,NA,NA,NA,NA,NA,NA,NA
944e3,5,NA,trial_sequence,flow.Sequence,1_2_1,NA,NA,NA,NA,completion,6614.306,49202.2999997139,49200.593,49217.182,55831.488,55833,2022-04-08T13:20:28.061Z,55848.355,NA,NA,NA,NA,NA,NA,NA,NA,NA,NA,NA,NA,NA,NA,NA,NA,NA,NA,NA,NA,NA,NA,NA,CAF,DUL,CAF,DUL,1,is hetzelfde als,2,is hetzelfde als,3,,,,,,,3,het tegenovergestelde van,1,no,2,Is,NA,NA,NA,NA,NA,NA,NA,NA,NA,NA,NA,NA,NA,NA,NA,NA,NA,NA,NA,NA,NA,NA,NA,NA,NA,NA,NA,NA,NA,NA,NA,NA,NA,NA,NA,NA,NA,NA
944e3,6,NA,trial,canvas.Screen,1_2_2_0_0,NA,NA,NA,NA,response,18226.0449996185,55837.2999997139,55831.488,55848.355,74074.3999996185,74075.5,2022-04-08T13:20:46.304Z,74092.115,NA,NA,NA,NA,NA,NA,NA,NA,NA,NA,NA,NA,NA,NA,NA,NA,NA,NA,NA,NA,NA,NA,NA,GIQ,BAZ,GIQ,SEK,1,is hetzelfde als,2,is het tegenovergestelde van,3,,,,,,,1,hetzelfde als,3,no,3,Is,BAZ,SEK,no,mousedown @no,no,TRUE,NA,NA,NA,NA,NA,NA,NA,NA,NA,NA,NA,NA,NA,NA,NA,NA,NA,NA,NA,NA,NA,NA,NA,NA,NA,NA,NA,NA,NA,NA,NA,NA
944e3,6,NA,timer,html.Frame,1_2_2_0,NA,NA,NA,NA,NA,18227.5449996185,55836.5,55831.488,55848.355,74075.8999996185,74076,2022-04-08T13:20:46.304Z,74092.115,NA,NA,NA,NA,NA,NA,NA,NA,NA,NA,NA,NA,NA,NA,NA,NA,NA,DUJ,HUD,NER,TEZ,FAK,3,CAF,DUL,CAF,DUL,1,is hetzelfde als,2,is het tegenovergestelde van,3,,,,,,,1,hetzelfde als,3,no,3,Is,NA,NA,NA,NA,NA,NA,NA,NA,NA,NA,NA,NA,NA,NA,NA,NA,NA,NA,NA,NA,NA,NA,NA,NA,NA,NA,NA,NA,NA,NA,NA,NA,NA,NA,NA,NA,NA,NA
944e3,6,NA,iti,canvas.Screen,1_2_2_1,NA,NA,NA,NA,timeout,999.531999999992,74076.0999999046,74075.547,74092.115,75075.01,75076,2022-04-08T13:20:47.304Z,75091.647,NA,NA,NA,NA,NA,NA,NA,NA,NA,NA,NA,NA,NA,NA,NA,NA,NA,NA,NA,NA,NA,NA,NA,CAF,DUL,CAF,DUL,1,is hetzelfde als,2,is het tegenovergestelde van,3,,,,,,,1,hetzelfde als,3,no,3,Is,NA,NA,NA,NA,NA,NA,NA,NA,NA,NA,NA,NA,NA,NA,NA,NA,NA,NA,NA,NA,NA,NA,NA,NA,NA,NA,NA,NA,NA,NA,NA,NA,NA,NA,NA,NA,NA,NA
944e3,6,NA,trial_sequence,flow.Sequence,1_2_2,NA,NA,NA,NA,completion,19226.655,55833.1999998093,55831.488,55848.355,75075.01,75076.5,2022-04-08T13:20:47.305Z,75091.647,NA,NA,NA,NA,NA,NA,NA,NA,NA,NA,NA,NA,NA,NA,NA,NA,NA,NA,NA,NA,NA,NA,NA,CAF,DUL,CAF,DUL,1,is hetzelfde als,2,is het tegenovergestelde van,3,,,,,,,1,hetzelfde als,3,no,3,Is,NA,NA,NA,NA,NA,NA,NA,NA,NA,NA,NA,NA,NA,NA,NA,NA,NA,NA,NA,NA,NA,NA,NA,NA,NA,NA,NA,NA,NA,NA,NA,NA,NA,NA,NA,NA,NA,NA
944e3,7,NA,trial,canvas.Screen,1_2_3_0_0,NA,NA,NA,NA,response,10974.9529999046,75082,75075.01,75091.647,86066.5999999046,86068.8999996185,2022-04-08T13:20:58.297Z,86102.445,NA,NA,NA,NA,NA,NA,NA,NA,NA,NA,NA,NA,NA,NA,NA,NA,NA,NA,NA,NA,NA,NA,NA,DUJ,HUD,NER,DUJ,1,is hetzelfde als,2,is het tegenovergestelde van,3,,,,,,,3,het tegenovergestelde van,1,yes,4,Is,HUD,NER,yes,mousedown @yes,yes,TRUE,NA,NA,NA,NA,NA,NA,NA,NA,NA,NA,NA,NA,NA,NA,NA,NA,NA,NA,NA,NA,NA,NA,NA,NA,NA,NA,NA,NA,NA,NA,NA,NA
944e3,7,NA,timer,html.Frame,1_2_3_0,NA,NA,NA,NA,NA,10978.2529996185,75080.5,75075.01,75091.647,86069.8999996185,86070,2022-04-08T13:20:58.298Z,86102.445,NA,NA,NA,NA,NA,NA,NA,NA,NA,NA,NA,NA,NA,NA,NA,NA,NA,YOV,BOZ,KIB,MIQ,SIZ,4,CAF,DUL,CAF,DUL,1,is hetzelfde als,2,is het tegenovergestelde van,3,,,,,,,3,het tegenovergestelde van,1,yes,4,Is,NA,NA,NA,NA,NA,NA,NA,NA,NA,NA,NA,NA,NA,NA,NA,NA,NA,NA,NA,NA,NA,NA,NA,NA,NA,NA,NA,NA,NA,NA,NA,NA,NA,NA,NA,NA,NA,NA
944e3,7,NA,iti,canvas.Screen,1_2_3_1,NA,NA,NA,NA,timeout,1001.855,86070.1999998093,86054.812,86102.445,87087.851,87088.6999998093,2022-04-08T13:20:59.317Z,87104.3,NA,NA,NA,NA,NA,NA,NA,NA,NA,NA,NA,NA,NA,NA,NA,NA,NA,NA,NA,NA,NA,NA,NA,CAF,DUL,CAF,DUL,1,is hetzelfde als,2,is het tegenovergestelde van,3,,,,,,,3,het tegenovergestelde van,1,yes,4,Is,NA,NA,NA,NA,NA,NA,NA,NA,NA,NA,NA,NA,NA,NA,NA,NA,NA,NA,NA,NA,NA,NA,NA,NA,NA,NA,NA,NA,NA,NA,NA,NA,NA,NA,NA,NA,NA,NA
944e3,7,NA,trial_sequence,flow.Sequence,1_2_3,NA,NA,NA,NA,completion,11996.204,75076.7999997139,75075.01,75091.647,87087.851,87089,2022-04-08T13:20:59.317Z,87104.3,NA,NA,NA,NA,NA,NA,NA,NA,NA,NA,NA,NA,NA,NA,NA,NA,NA,NA,NA,NA,NA,NA,NA,CAF,DUL,CAF,DUL,1,is hetzelfde als,2,is het tegenovergestelde van,3,,,,,,,3,het tegenovergestelde van,1,yes,4,Is,NA,NA,NA,NA,NA,NA,NA,NA,NA,NA,NA,NA,NA,NA,NA,NA,NA,NA,NA,NA,NA,NA,NA,NA,NA,NA,NA,NA,NA,NA,NA,NA,NA,NA,NA,NA,NA,NA
944e3,8,NA,trial,canvas.Screen,1_2_4_0_0,NA,NA,NA,NA,response,5035.89999980926,87094.0999999046,87087.851,87104.3,92140.1999998093,92140.8999996185,2022-04-08T13:21:04.369Z,92152.613,NA,NA,NA,NA,NA,NA,NA,NA,NA,NA,NA,NA,NA,NA,NA,NA,NA,NA,NA,NA,NA,NA,NA,YOV,BOZ,YOV,KIB,1,is het tegenovergestelde van,2,is het tegenovergestelde van,3,,,,,,,1,hetzelfde als,3,yes,5,Is,BOZ,KIB,yes,mousedown @yes,yes,TRUE,NA,NA,NA,NA,NA,NA,NA,NA,NA,NA,NA,NA,NA,NA,NA,NA,NA,NA,NA,NA,NA,NA,NA,NA,NA,NA,NA,NA,NA,NA,NA,NA
944e3,8,NA,timer,html.Frame,1_2_4_0,NA,NA,NA,NA,NA,5036.9999997139,87093.2999997139,87087.851,87104.3,92141.2999997139,92141.2999997139,2022-04-08T13:21:04.369Z,92152.613,NA,NA,NA,NA,NA,NA,NA,NA,NA,NA,NA,NA,NA,NA,NA,NA,NA,KIV,RAV,HOS,JOD,VEH,5,CAF,DUL,CAF,DUL,1,is het tegenovergestelde van,2,is het tegenovergestelde van,3,,,,,,,1,hetzelfde als,3,yes,5,Is,NA,NA,NA,NA,NA,NA,NA,NA,NA,NA,NA,NA,NA,NA,NA,NA,NA,NA,NA,NA,NA,NA,NA,NA,NA,NA,NA,NA,NA,NA,NA,NA,NA,NA,NA,NA,NA,NA
944e3,8,NA,iti,canvas.Screen,1_2_4_1,NA,NA,NA,NA,timeout,999.589999999997,92141.3999996185,92136.135,92152.613,93135.583,93136.3999996185,2022-04-08T13:21:05.364Z,93152.203,NA,NA,NA,NA,NA,NA,NA,NA,NA,NA,NA,NA,NA,NA,NA,NA,NA,NA,NA,NA,NA,NA,NA,CAF,DUL,CAF,DUL,1,is het tegenovergestelde van,2,is het tegenovergestelde van,3,,,,,,,1,hetzelfde als,3,yes,5,Is,NA,NA,NA,NA,NA,NA,NA,NA,NA,NA,NA,NA,NA,NA,NA,NA,NA,NA,NA,NA,NA,NA,NA,NA,NA,NA,NA,NA,NA,NA,NA,NA,NA,NA,NA,NA,NA,NA
944e3,8,NA,trial_sequence,flow.Sequence,1_2_4,NA,NA,NA,NA,completion,6031.283,87089.1999998093,87087.851,87104.3,93135.583,93136.6999998093,2022-04-08T13:21:05.365Z,93152.203,NA,NA,NA,NA,NA,NA,NA,NA,NA,NA,NA,NA,NA,NA,NA,NA,NA,NA,NA,NA,NA,NA,NA,CAF,DUL,CAF,DUL,1,is het tegenovergestelde van,2,is het tegenovergestelde van,3,,,,,,,1,hetzelfde als,3,yes,5,Is,NA,NA,NA,NA,NA,NA,NA,NA,NA,NA,NA,NA,NA,NA,NA,NA,NA,NA,NA,NA,NA,NA,NA,NA,NA,NA,NA,NA,NA,NA,NA,NA,NA,NA,NA,NA,NA,NA
944e3,9,NA,trial,canvas.Screen,1_2_5_0_0,NA,NA,NA,NA,response,5141.99699980927,93140.7999997139,93135.583,93152.203,98294.1999998093,98295.6999998093,2022-04-08T13:21:10.524Z,98300.701,NA,NA,NA,NA,NA,NA,NA,NA,NA,NA,NA,NA,NA,NA,NA,NA,NA,NA,NA,NA,NA,NA,NA,KIV,RAV,HOS,KIV,1,is het tegenovergestelde van,2,is het tegenovergestelde van,3,,,,,,,3,het tegenovergestelde van,1,no,6,Is,RAV,HOS,no,mousedown @no,no,TRUE,NA,NA,NA,NA,NA,NA,NA,NA,NA,NA,NA,NA,NA,NA,NA,NA,NA,NA,NA,NA,NA,NA,NA,NA,NA,NA,NA,NA,NA,NA,NA,NA
944e3,9,NA,timer,html.Frame,1_2_5_0,NA,NA,NA,NA,NA,5143.79700000001,93139.7999997139,93135.583,93152.203,98296,98296.0999999046,2022-04-08T13:21:10.524Z,98300.701,NA,NA,NA,NA,NA,NA,NA,NA,NA,NA,NA,NA,NA,NA,NA,NA,NA,MEH,LUT,FAV,DUY,VEV,6,CAF,DUL,CAF,DUL,1,is het tegenovergestelde van,2,is het tegenovergestelde van,3,,,,,,,3,het tegenovergestelde van,1,no,6,Is,NA,NA,NA,NA,NA,NA,NA,NA,NA,NA,NA,NA,NA,NA,NA,NA,NA,NA,NA,NA,NA,NA,NA,NA,NA,NA,NA,NA,NA,NA,NA,NA,NA,NA,NA,NA,NA,NA
944e3,9,NA,iti,canvas.Screen,1_2_5_1,NA,NA,NA,NA,timeout,999.675000000003,98296.0999999046,98284.039,98300.701,99283.494,99284.3999996185,2022-04-08T13:21:11.512Z,99300.376,NA,NA,NA,NA,NA,NA,NA,NA,NA,NA,NA,NA,NA,NA,NA,NA,NA,NA,NA,NA,NA,NA,NA,CAF,DUL,CAF,DUL,1,is het tegenovergestelde van,2,is het tegenovergestelde van,3,,,,,,,3,het tegenovergestelde van,1,no,6,Is,NA,NA,NA,NA,NA,NA,NA,NA,NA,NA,NA,NA,NA,NA,NA,NA,NA,NA,NA,NA,NA,NA,NA,NA,NA,NA,NA,NA,NA,NA,NA,NA,NA,NA,NA,NA,NA,NA
944e3,9,NA,trial_sequence,flow.Sequence,1_2_5,NA,NA,NA,NA,completion,6131.29100000001,93136.7999997139,93135.583,93152.203,99283.494,99284.6999998093,2022-04-08T13:21:11.513Z,99300.376,NA,NA,NA,NA,NA,NA,NA,NA,NA,NA,NA,NA,NA,NA,NA,NA,NA,NA,NA,NA,NA,NA,NA,CAF,DUL,CAF,DUL,1,is het tegenovergestelde van,2,is het tegenovergestelde van,3,,,,,,,3,het tegenovergestelde van,1,no,6,Is,NA,NA,NA,NA,NA,NA,NA,NA,NA,NA,NA,NA,NA,NA,NA,NA,NA,NA,NA,NA,NA,NA,NA,NA,NA,NA,NA,NA,NA,NA,NA,NA,NA,NA,NA,NA,NA,NA
cfe38,10,list(),demographics,html.Page,0,22,Vrouw,selmaa.omar@hotmail.com,,form submission,21127,400,424,442,21569,21570,2022-04-15T23:17:40.794Z,21604,20.2.4,https://www.drjamiecummins.com/md/rai-elaborated-nl/,"Mozilla/5.0 (Macintosh; Intel Mac OS X 10_12_6) AppleWebKit/605.1.15 (KHTML, like Gecko) Version/12.1.2 Safari/605.1.15",MacIntel,nl-BE,nl-BE,Europe/Brussels,-120,1440,900,1440,837,1440,837,1,production,f5b4a49f956347addd546a832a3327688c2c0fef,NA,NA,NA,NA,NA,NA,NA,NA,NA,NA,NA,NA,NA,NA,NA,NA,NA,NA,NA,NA,NA,NA,NA,NA,NA,NA,NA,NA,NA,NA,NA,NA,NA,NA,NA,NA,NA,NA,NA,NA,NA,NA,NA,NA,NA,NA,NA,NA,NA,NA,NA,NA,NA,NA,NA,NA,NA,NA,NA,NA,NA,NA,NA,NA,NA
cfe38,11,NA,introduction_1,html.Page,1_0,NA,NA,NA,,form submission,24997,21571,21588,21604,46601,46601,2022-04-15T23:18:05.825Z,46638,NA,NA,NA,NA,NA,NA,NA,NA,NA,NA,NA,NA,NA,NA,NA,NA,NA,NA,NA,NA,NA,NA,NA,NA,NA,NA,NA,NA,NA,NA,NA,NA,NA,NA,NA,NA,NA,NA,NA,NA,NA,NA,NA,NA,NA,NA,NA,NA,NA,NA,NA,NA,NA,NA,NA,NA,NA,NA,NA,NA,NA,NA,NA,NA,NA,NA,NA,NA,NA,NA,NA,NA,NA,NA,NA,NA,NA,NA,NA,NA,NA,NA
cfe38,12,NA,introduction_2,html.Page,1_1,NA,NA,NA,,form submission,10961,46602,46622,46638,57599,57599,2022-04-15T23:18:16.823Z,57930,NA,NA,NA,NA,NA,NA,NA,NA,NA,NA,NA,NA,NA,NA,NA,NA,NA,NA,NA,NA,NA,NA,NA,NA,NA,NA,NA,NA,NA,NA,NA,NA,NA,NA,NA,NA,NA,NA,NA,NA,NA,NA,NA,NA,NA,NA,NA,NA,NA,NA,NA,NA,NA,NA,NA,NA,NA,NA,NA,NA,NA,NA,NA,NA,NA,NA,NA,NA,NA,NA,NA,NA,NA,NA,NA,NA,NA,NA,NA,NA,NA,NA
cfe38,13,NA,trial,canvas.Screen,1_2_0_0_0,NA,NA,NA,NA,response,16085,57886,57911,57930,73996,73995,2022-04-15T23:18:33.219Z,74041,NA,NA,NA,NA,NA,NA,NA,NA,NA,NA,NA,NA,NA,NA,NA,NA,NA,YUQ,RAV,VIQ,BEZ,POJ,0,YUQ,RAV,YUQ,VIQ,1,is hetzelfde als,2,is hetzelfde als,3,,,,,,,1,hetzelfde als,3,yes,1,Is,RAV,VIQ,yes,mousedown @yes,yes,TRUE,NA,NA,NA,NA,NA,NA,NA,NA,NA,NA,NA,NA,NA,NA,NA,NA,NA,NA,NA,NA,NA,NA,NA,NA,NA,NA,NA,NA,NA,NA,NA,NA
cfe38,13,NA,timer,html.Frame,1_2_0_0,NA,NA,NA,NA,NA,16068,57878,57911,57930,73998,73998,2022-04-15T23:18:33.222Z,74041,NA,NA,NA,NA,NA,NA,NA,NA,NA,NA,NA,NA,NA,NA,NA,NA,NA,YUV,JIY,MUC,QER,KIX,1,YUQ,RAV,YUQ,RAV,1,is hetzelfde als,2,is hetzelfde als,3,,,,,,,1,hetzelfde als,3,yes,1,Is,NA,NA,NA,NA,NA,NA,NA,NA,NA,NA,NA,NA,NA,NA,NA,NA,NA,NA,NA,NA,NA,NA,NA,NA,NA,NA,NA,NA,NA,NA,NA,NA,NA,NA,NA,NA,NA,NA
cfe38,13,NA,iti,canvas.Screen,1_2_0_1,NA,NA,NA,NA,timeout,1004,73999,74025,74041,75025,75026,2022-04-15T23:18:34.250Z,75045,NA,NA,NA,NA,NA,NA,NA,NA,NA,NA,NA,NA,NA,NA,NA,NA,NA,NA,NA,NA,NA,NA,NA,YUQ,RAV,YUQ,RAV,1,is hetzelfde als,2,is hetzelfde als,3,,,,,,,1,hetzelfde als,3,yes,1,Is,NA,NA,NA,NA,NA,NA,NA,NA,NA,NA,NA,NA,NA,NA,NA,NA,NA,NA,NA,NA,NA,NA,NA,NA,NA,NA,NA,NA,NA,NA,NA,NA,NA,NA,NA,NA,NA,NA
cfe38,13,NA,trial_sequence,flow.Sequence,1_2_0,NA,NA,NA,NA,completion,17095,57875,57911,57930,75025,75027,2022-04-15T23:18:34.251Z,75045,NA,NA,NA,NA,NA,NA,NA,NA,NA,NA,NA,NA,NA,NA,NA,NA,NA,NA,NA,NA,NA,NA,NA,YUQ,RAV,YUQ,RAV,1,is hetzelfde als,2,is hetzelfde als,3,,,,,,,1,hetzelfde als,3,yes,1,Is,NA,NA,NA,NA,NA,NA,NA,NA,NA,NA,NA,NA,NA,NA,NA,NA,NA,NA,NA,NA,NA,NA,NA,NA,NA,NA,NA,NA,NA,NA,NA,NA,NA,NA,NA,NA,NA,NA
e3950,145,list(),demographics,html.Page,0,69,vrouw,globetrotster@hotmail.com,,form submission,862419,987,16095,16112,878531,878534,2022-04-27T10:16:10.428Z,878567,20.2.4,https://www.drjamiecummins.com/md/rai-elaborated-nl/,"Mozilla/5.0 (Macintosh; Intel Mac OS X 10_12_6) AppleWebKit/605.1.15 (KHTML, like Gecko) Version/12.1.2 Safari/605.1.15",MacIntel,nl-BE,nl-BE,Europe/Brussels,-120,1440,900,1440,862,1440,862,1,production,f5b4a49f956347addd546a832a3327688c2c0fef,NA,NA,NA,NA,NA,NA,NA,NA,NA,NA,NA,NA,NA,NA,NA,NA,NA,NA,NA,NA,NA,NA,NA,NA,NA,NA,NA,NA,NA,NA,NA,NA,NA,NA,NA,NA,NA,NA,NA,NA,NA,NA,NA,NA,NA,NA,NA,NA,NA,NA,NA,NA,NA,NA,NA,NA,NA,NA,NA,NA,NA,NA,NA,NA,NA
e3950,146,NA,introduction_1,html.Page,1_0,NA,NA,NA,,form submission,136150,878536,878552,878567,1014717,1014719,2022-04-27T10:18:26.610Z,1014761,NA,NA,NA,NA,NA,NA,NA,NA,NA,NA,NA,NA,NA,NA,NA,NA,NA,NA,NA,NA,NA,NA,NA,NA,NA,NA,NA,NA,NA,NA,NA,NA,NA,NA,NA,NA,NA,NA,NA,NA,NA,NA,NA,NA,NA,NA,NA,NA,NA,NA,NA,NA,NA,NA,NA,NA,NA,NA,NA,NA,NA,NA,NA,NA,NA,NA,NA,NA,NA,NA,NA,NA,NA,NA,NA,NA,NA,NA,NA,NA,NA,NA
e3950,147,NA,introduction_2,html.Page,1_1,NA,NA,NA,,form submission,12197.0000000001,1014726,1014744,1014761,1026958,1026958,2022-04-27T10:18:38.850Z,1027319,NA,NA,NA,NA,NA,NA,NA,NA,NA,NA,NA,NA,NA,NA,NA,NA,NA,NA,NA,NA,NA,NA,NA,NA,NA,NA,NA,NA,NA,NA,NA,NA,NA,NA,NA,NA,NA,NA,NA,NA,NA,NA,NA,NA,NA,NA,NA,NA,NA,NA,NA,NA,NA,NA,NA,NA,NA,NA,NA,NA,NA,NA,NA,NA,NA,NA,NA,NA,NA,NA,NA,NA,NA,NA,NA,NA,NA,NA,NA,NA,NA,NA
e3950,148,NA,trial,canvas.Screen,1_2_0_0_0,NA,NA,NA,NA,response,17817.0000000001,1027265,1027295,1027319,1045112,1045110,2022-04-27T10:18:57.001Z,1045163,NA,NA,NA,NA,NA,NA,NA,NA,NA,NA,NA,NA,NA,NA,NA,NA,NA,POC,CEJ,YAF,YEG,TUC,0,POC,CEJ,POC,YAF,1,is hetzelfde als,2,is hetzelfde als,3,,,,,,,1,hetzelfde als,3,yes,1,Is,CEJ,YAF,no,mousedown @no,yes,FALSE,NA,NA,NA,NA,NA,NA,NA,NA,NA,NA,NA,NA,NA,NA,NA,NA,NA,NA,NA,NA,NA,NA,NA,NA,NA,NA,NA,NA,NA,NA,NA,NA
e3950,148,NA,timer,html.Frame,1_2_0_0,NA,NA,NA,NA,NA,17798.9999999999,1027260,1027295,1027319,1045118,1045118,2022-04-27T10:18:57.010Z,1045163,NA,NA,NA,NA,NA,NA,NA,NA,NA,NA,NA,NA,NA,NA,NA,NA,NA,GOC,CUX,PUZ,DIY,HAB,NA,POC,CEJ,POC,CEJ,1,is hetzelfde als,2,is hetzelfde als,3,,,,,,,1,hetzelfde als,3,yes,1,Is,NA,NA,NA,NA,NA,NA,NA,NA,NA,NA,NA,NA,NA,NA,NA,NA,NA,NA,NA,NA,NA,NA,NA,NA,NA,NA,NA,NA,NA,NA,NA,NA,NA,NA,NA,NA,NA,NA
e3950,148,NA,iti,canvas.Screen,1_2_0_1,NA,NA,NA,NA,timeout,1003,1045119,1045147,1045163,1046146,1046149,2022-04-27T10:18:58.041Z,1046166,NA,NA,NA,NA,NA,NA,NA,NA,NA,NA,NA,NA,NA,NA,NA,NA,NA,NA,NA,NA,NA,NA,NA,POC,CEJ,POC,CEJ,1,is hetzelfde als,2,is hetzelfde als,3,,,,,,,1,hetzelfde als,3,yes,1,Is,NA,NA,NA,NA,NA,NA,NA,NA,NA,NA,NA,NA,NA,NA,NA,NA,NA,NA,NA,NA,NA,NA,NA,NA,NA,NA,NA,NA,NA,NA,NA,NA,NA,NA,NA,NA,NA,NA
e3950,148,NA,trial_sequence,flow.Sequence,1_2_0,NA,NA,NA,NA,completion,18827,1027253,1027295,1027319,1046146,1046150,2022-04-27T10:18:58.041Z,1046166,NA,NA,NA,NA,NA,NA,NA,NA,NA,NA,NA,NA,NA,NA,NA,NA,NA,NA,NA,NA,NA,NA,NA,POC,CEJ,POC,CEJ,1,is hetzelfde als,2,is hetzelfde als,3,,,,,,,1,hetzelfde als,3,yes,1,Is,NA,NA,NA,NA,NA,NA,NA,NA,NA,NA,NA,NA,NA,NA,NA,NA,NA,NA,NA,NA,NA,NA,NA,NA,NA,NA,NA,NA,NA,NA,NA,NA,NA,NA,NA,NA,NA,NA
e3950,149,NA,trial,canvas.Screen,1_2_1_0_0,NA,NA,NA,NA,response,18185.0000000002,1046158,1046146,1046166,1064331,1064327,2022-04-27T10:19:16.218Z,1064365,NA,NA,NA,NA,NA,NA,NA,NA,NA,NA,NA,NA,NA,NA,NA,NA,NA,NA,NA,NA,NA,NA,NA,GOC,CUX,PUZ,GOC,1,is hetzelfde als,2,is hetzelfde als,3,,,,,,,3,het tegenovergestelde van,1,no,2,Is,CUX,PUZ,no,mousedown @no,no,TRUE,NA,NA,NA,NA,NA,NA,NA,NA,NA,NA,NA,NA,NA,NA,NA,NA,NA,NA,NA,NA,NA,NA,NA,NA,NA,NA,NA,NA,NA,NA,NA,NA
e3950,149,NA,timer,html.Frame,1_2_1_0,NA,NA,NA,NA,NA,18163,1046153,1046146,1046166,1064329,1064329,2022-04-27T10:19:16.220Z,1064365,NA,NA,NA,NA,NA,NA,NA,NA,NA,NA,NA,NA,NA,NA,NA,NA,NA,KOB,QAK,FOT,XAW,BEQ,1,POC,CEJ,POC,CEJ,1,is hetzelfde als,2,is hetzelfde als,3,,,,,,,3,het tegenovergestelde van,1,no,2,Is,NA,NA,NA,NA,NA,NA,NA,NA,NA,NA,NA,NA,NA,NA,NA,NA,NA,NA,NA,NA,NA,NA,NA,NA,NA,NA,NA,NA,NA,NA,NA,NA,NA,NA,NA,NA,NA,NA
e3950,149,NA,iti,canvas.Screen,1_2_1_1,NA,NA,NA,NA,timeout,1000,1064329,1064347,1064365,1065348,1065349,2022-04-27T10:19:17.240Z,1065365,NA,NA,NA,NA,NA,NA,NA,NA,NA,NA,NA,NA,NA,NA,NA,NA,NA,NA,NA,NA,NA,NA,NA,POC,CEJ,POC,CEJ,1,is hetzelfde als,2,is hetzelfde als,3,,,,,,,3,het tegenovergestelde van,1,no,2,Is,NA,NA,NA,NA,NA,NA,NA,NA,NA,NA,NA,NA,NA,NA,NA,NA,NA,NA,NA,NA,NA,NA,NA,NA,NA,NA,NA,NA,NA,NA,NA,NA,NA,NA,NA,NA,NA,NA
e3950,149,NA,trial_sequence,flow.Sequence,1_2_1,NA,NA,NA,NA,completion,19182,1046151,1046146,1046166,1065348,1065349,2022-04-27T10:19:17.240Z,1065365,NA,NA,NA,NA,NA,NA,NA,NA,NA,NA,NA,NA,NA,NA,NA,NA,NA,NA,NA,NA,NA,NA,NA,POC,CEJ,POC,CEJ,1,is hetzelfde als,2,is hetzelfde als,3,,,,,,,3,het tegenovergestelde van,1,no,2,Is,NA,NA,NA,NA,NA,NA,NA,NA,NA,NA,NA,NA,NA,NA,NA,NA,NA,NA,NA,NA,NA,NA,NA,NA,NA,NA,NA,NA,NA,NA,NA,NA,NA,NA,NA,NA,NA,NA
e3950,150,NA,trial,canvas.Screen,1_2_2_0_0,NA,NA,NA,NA,timeout,31002,1065355,1065348,1065365,1096350,1096353,2022-04-27T10:19:48.243Z,1096367,NA,NA,NA,NA,NA,NA,NA,NA,NA,NA,NA,NA,NA,NA,NA,NA,NA,NA,NA,NA,NA,NA,NA,KOB,QAK,KOB,FOT,1,is hetzelfde als,2,is het tegenovergestelde van,3,,,,,,,1,hetzelfde als,3,no,3,Is,QAK,FOT,NA,NA,NA,NA,NA,NA,NA,NA,NA,NA,NA,NA,NA,NA,NA,NA,NA,NA,NA,NA,NA,NA,NA,NA,NA,NA,NA,NA,NA,NA,NA,NA,NA,NA,NA,NA
e3950,150,NA,timer,html.Frame,1_2_2_0,NA,NA,NA,NA,NA,30995.0000000002,1065352,1065348,1065365,1096360,1096360,2022-04-27T10:19:48.251Z,1096383,NA,NA,NA,NA,NA,NA,NA,NA,NA,NA,NA,NA,NA,NA,NA,NA,NA,JIV,LUT,XUV,LUK,QUG,2,POC,CEJ,POC,CEJ,1,is hetzelfde als,2,is het tegenovergestelde van,3,,,,,,,1,hetzelfde als,3,no,3,Is,NA,NA,NA,NA,NA,NA,NA,NA,NA,NA,NA,NA,NA,NA,NA,NA,NA,NA,NA,NA,NA,NA,NA,NA,NA,NA,NA,NA,NA,NA,NA,NA,NA,NA,NA,NA,NA,NA
e3950,150,NA,iti,canvas.Screen,1_2_2_1,NA,NA,NA,NA,timeout,1001,1096360,1096367,1096383,1097366,1097367,2022-04-27T10:19:49.257Z,1097384,NA,NA,NA,NA,NA,NA,NA,NA,NA,NA,NA,NA,NA,NA,NA,NA,NA,NA,NA,NA,NA,NA,NA,POC,CEJ,POC,CEJ,1,is hetzelfde als,2,is het tegenovergestelde van,3,,,,,,,1,hetzelfde als,3,no,3,Is,NA,NA,NA,NA,NA,NA,NA,NA,NA,NA,NA,NA,NA,NA,NA,NA,NA,NA,NA,NA,NA,NA,NA,NA,NA,NA,NA,NA,NA,NA,NA,NA,NA,NA,NA,NA,NA,NA
e3950,150,NA,trial_sequence,flow.Sequence,1_2_2,NA,NA,NA,NA,completion,32001,1065350,1065348,1065365,1097366,1097367,2022-04-27T10:19:49.258Z,1097384,NA,NA,NA,NA,NA,NA,NA,NA,NA,NA,NA,NA,NA,NA,NA,NA,NA,NA,NA,NA,NA,NA,NA,POC,CEJ,POC,CEJ,1,is hetzelfde als,2,is het tegenovergestelde van,3,,,,,,,1,hetzelfde als,3,no,3,Is,NA,NA,NA,NA,NA,NA,NA,NA,NA,NA,NA,NA,NA,NA,NA,NA,NA,NA,NA,NA,NA,NA,NA,NA,NA,NA,NA,NA,NA,NA,NA,NA,NA,NA,NA,NA,NA,NA
e3950,151,NA,trial,canvas.Screen,1_2_3_0_0,NA,NA,NA,NA,response,14977,1097375,1097366,1097384,1112343,1112337,2022-04-27T10:20:04.228Z,1112368,NA,NA,NA,NA,NA,NA,NA,NA,NA,NA,NA,NA,NA,NA,NA,NA,NA,NA,NA,NA,NA,NA,NA,JIV,LUT,XUV,JIV,1,is hetzelfde als,2,is het tegenovergestelde van,3,,,,,,,3,het tegenovergestelde van,1,yes,4,Is,LUT,XUV,no,mousedown @no,yes,FALSE,NA,NA,NA,NA,NA,NA,NA,NA,NA,NA,NA,NA,NA,NA,NA,NA,NA,NA,NA,NA,NA,NA,NA,NA,NA,NA,NA,NA,NA,NA,NA,NA
e3950,151,NA,timer,html.Frame,1_2_3_0,NA,NA,NA,NA,NA,14955,1097370,1097366,1097384,1112339,1112340,2022-04-27T10:20:04.230Z,1112368,NA,NA,NA,NA,NA,NA,NA,NA,NA,NA,NA,NA,NA,NA,NA,NA,NA,ROR,KOC,BAP,XOB,NIH,NA,POC,CEJ,POC,CEJ,1,is hetzelfde als,2,is het tegenovergestelde van,3,,,,,,,3,het tegenovergestelde van,1,yes,4,Is,NA,NA,NA,NA,NA,NA,NA,NA,NA,NA,NA,NA,NA,NA,NA,NA,NA,NA,NA,NA,NA,NA,NA,NA,NA,NA,NA,NA,NA,NA,NA,NA,NA,NA,NA,NA,NA,NA
e3950,151,NA,iti,canvas.Screen,1_2_3_1,NA,NA,NA,NA,timeout,1003,1112340,1112350,1112368,1113350,1113351,2022-04-27T10:20:05.241Z,1113371,NA,NA,NA,NA,NA,NA,NA,NA,NA,NA,NA,NA,NA,NA,NA,NA,NA,NA,NA,NA,NA,NA,NA,POC,CEJ,POC,CEJ,1,is hetzelfde als,2,is het tegenovergestelde van,3,,,,,,,3,het tegenovergestelde van,1,yes,4,Is,NA,NA,NA,NA,NA,NA,NA,NA,NA,NA,NA,NA,NA,NA,NA,NA,NA,NA,NA,NA,NA,NA,NA,NA,NA,NA,NA,NA,NA,NA,NA,NA,NA,NA,NA,NA,NA,NA
e3950,151,NA,trial_sequence,flow.Sequence,1_2_3,NA,NA,NA,NA,completion,15966,1097368,1097366,1097384,1113350,1113351,2022-04-27T10:20:05.242Z,1113371,NA,NA,NA,NA,NA,NA,NA,NA,NA,NA,NA,NA,NA,NA,NA,NA,NA,NA,NA,NA,NA,NA,NA,POC,CEJ,POC,CEJ,1,is hetzelfde als,2,is het tegenovergestelde van,3,,,,,,,3,het tegenovergestelde van,1,yes,4,Is,NA,NA,NA,NA,NA,NA,NA,NA,NA,NA,NA,NA,NA,NA,NA,NA,NA,NA,NA,NA,NA,NA,NA,NA,NA,NA,NA,NA,NA,NA,NA,NA,NA,NA,NA,NA,NA,NA
e3950,152,NA,trial,canvas.Screen,1_2_4_0_0,NA,NA,NA,NA,response,18714,1113362,1113350,1113371,1132064,1132058,2022-04-27T10:20:23.948Z,1132103,NA,NA,NA,NA,NA,NA,NA,NA,NA,NA,NA,NA,NA,NA,NA,NA,NA,NA,NA,NA,NA,NA,NA,ROR,KOC,ROR,BAP,1,is het tegenovergestelde van,2,is het tegenovergestelde van,3,,,,,,,1,hetzelfde als,3,yes,5,Is,KOC,BAP,no,mousedown @no,yes,FALSE,NA,NA,NA,NA,NA,NA,NA,NA,NA,NA,NA,NA,NA,NA,NA,NA,NA,NA,NA,NA,NA,NA,NA,NA,NA,NA,NA,NA,NA,NA,NA,NA
e3950,152,NA,timer,html.Frame,1_2_4_0,NA,NA,NA,NA,NA,18689,1113354,1113350,1113371,1132060,1132061,2022-04-27T10:20:23.951Z,1132103,NA,NA,NA,NA,NA,NA,NA,NA,NA,NA,NA,NA,NA,NA,NA,NA,NA,XUL,DAJ,PAG,MEQ,GUD,NA,POC,CEJ,POC,CEJ,1,is het tegenovergestelde van,2,is het tegenovergestelde van,3,,,,,,,1,hetzelfde als,3,yes,5,Is,NA,NA,NA,NA,NA,NA,NA,NA,NA,NA,NA,NA,NA,NA,NA,NA,NA,NA,NA,NA,NA,NA,NA,NA,NA,NA,NA,NA,NA,NA,NA,NA,NA,NA,NA,NA,NA,NA
e3950,152,NA,iti,canvas.Screen,1_2_4_1,NA,NA,NA,NA,timeout,999,1132061,1132086,1132103,1133086,1133087,2022-04-27T10:20:24.977Z,1133102,NA,NA,NA,NA,NA,NA,NA,NA,NA,NA,NA,NA,NA,NA,NA,NA,NA,NA,NA,NA,NA,NA,NA,POC,CEJ,POC,CEJ,1,is het tegenovergestelde van,2,is het tegenovergestelde van,3,,,,,,,1,hetzelfde als,3,yes,5,Is,NA,NA,NA,NA,NA,NA,NA,NA,NA,NA,NA,NA,NA,NA,NA,NA,NA,NA,NA,NA,NA,NA,NA,NA,NA,NA,NA,NA,NA,NA,NA,NA,NA,NA,NA,NA,NA,NA
e3950,152,NA,trial_sequence,flow.Sequence,1_2_4,NA,NA,NA,NA,completion,19715,1113352,1113350,1113371,1133086,1133087,2022-04-27T10:20:24.977Z,1133102,NA,NA,NA,NA,NA,NA,NA,NA,NA,NA,NA,NA,NA,NA,NA,NA,NA,NA,NA,NA,NA,NA,NA,POC,CEJ,POC,CEJ,1,is het tegenovergestelde van,2,is het tegenovergestelde van,3,,,,,,,1,hetzelfde als,3,yes,5,Is,NA,NA,NA,NA,NA,NA,NA,NA,NA,NA,NA,NA,NA,NA,NA,NA,NA,NA,NA,NA,NA,NA,NA,NA,NA,NA,NA,NA,NA,NA,NA,NA,NA,NA,NA,NA,NA,NA
e3950,153,NA,trial,canvas.Screen,1_2_5_0_0,NA,NA,NA,NA,timeout,31002,1133094,1133086,1133102,1164088,1164090,2022-04-27T10:20:55.980Z,1164104,NA,NA,NA,NA,NA,NA,NA,NA,NA,NA,NA,NA,NA,NA,NA,NA,NA,NA,NA,NA,NA,NA,NA,XUL,DAJ,PAG,XUL,1,is het tegenovergestelde van,2,is het tegenovergestelde van,3,,,,,,,3,het tegenovergestelde van,1,no,6,Is,DAJ,PAG,NA,NA,NA,NA,NA,NA,NA,NA,NA,NA,NA,NA,NA,NA,NA,NA,NA,NA,NA,NA,NA,NA,NA,NA,NA,NA,NA,NA,NA,NA,NA,NA,NA,NA,NA,NA
e3950,153,NA,timer,html.Frame,1_2_5_0,NA,NA,NA,NA,NA,30994,1133089,1133086,1133102,1164096,1164096,2022-04-27T10:20:55.986Z,1164120,NA,NA,NA,NA,NA,NA,NA,NA,NA,NA,NA,NA,NA,NA,NA,NA,NA,HOX,KIY,BUC,XAB,TOH,NA,POC,CEJ,POC,CEJ,1,is het tegenovergestelde van,2,is het tegenovergestelde van,3,,,,,,,3,het tegenovergestelde van,1,no,6,Is,NA,NA,NA,NA,NA,NA,NA,NA,NA,NA,NA,NA,NA,NA,NA,NA,NA,NA,NA,NA,NA,NA,NA,NA,NA,NA,NA,NA,NA,NA,NA,NA,NA,NA,NA,NA,NA,NA
e3950,153,NA,iti,canvas.Screen,1_2_5_1,NA,NA,NA,NA,timeout,1001,1164096,1164104,1164120,1165104,1165105,2022-04-27T10:20:56.995Z,1165121,NA,NA,NA,NA,NA,NA,NA,NA,NA,NA,NA,NA,NA,NA,NA,NA,NA,NA,NA,NA,NA,NA,NA,POC,CEJ,POC,CEJ,1,is het tegenovergestelde van,2,is het tegenovergestelde van,3,,,,,,,3,het tegenovergestelde van,1,no,6,Is,NA,NA,NA,NA,NA,NA,NA,NA,NA,NA,NA,NA,NA,NA,NA,NA,NA,NA,NA,NA,NA,NA,NA,NA,NA,NA,NA,NA,NA,NA,NA,NA,NA,NA,NA,NA,NA,NA
e3950,153,NA,trial_sequence,flow.Sequence,1_2_5,NA,NA,NA,NA,completion,32002,1133088,1133086,1133102,1165104,1165106,2022-04-27T10:20:56.995Z,1165121,NA,NA,NA,NA,NA,NA,NA,NA,NA,NA,NA,NA,NA,NA,NA,NA,NA,NA,NA,NA,NA,NA,NA,POC,CEJ,POC,CEJ,1,is het tegenovergestelde van,2,is het tegenovergestelde van,3,,,,,,,3,het tegenovergestelde van,1,no,6,Is,NA,NA,NA,NA,NA,NA,NA,NA,NA,NA,NA,NA,NA,NA,NA,NA,NA,NA,NA,NA,NA,NA,NA,NA,NA,NA,NA,NA,NA,NA,NA,NA,NA,NA,NA,NA,NA,NA
e3950,154,NA,trial,canvas.Screen,1_2_6_0_0,NA,NA,NA,NA,response,19433,1165112,1165104,1165121,1184537,1184530,2022-04-27T10:21:16.419Z,1184573,NA,NA,NA,NA,NA,NA,NA,NA,NA,NA,NA,NA,NA,NA,NA,NA,NA,NA,NA,NA,NA,NA,NA,HOX,KIY,HOX,XAB,1,is hetzelfde als,2,is het tegenovergestelde van,3,3,is hetzelfde als,4,,,,1,hetzelfde als,4,no,7,Is,KIY,BUC,no,mousedown @no,no,TRUE,BUC,XAB,NA,NA,NA,NA,NA,NA,NA,NA,NA,NA,NA,NA,NA,NA,NA,NA,NA,NA,NA,NA,NA,NA,NA,NA,NA,NA,NA,NA,NA,NA
e3950,154,NA,timer,html.Frame,1_2_6_0,NA,NA,NA,NA,NA,19412.0000000002,1165108,1165104,1165121,1184533,1184533,2022-04-27T10:21:16.422Z,1184573,NA,NA,NA,NA,NA,NA,NA,NA,NA,NA,NA,NA,NA,NA,NA,NA,NA,JIP,POV,TEK,MEX,TEX,3,POC,CEJ,POC,CEJ,1,is hetzelfde als,2,is het tegenovergestelde van,3,3,is hetzelfde als,4,,,,1,hetzelfde als,4,no,7,Is,NA,NA,NA,NA,NA,NA,NA,NA,NA,NA,NA,NA,NA,NA,NA,NA,NA,NA,NA,NA,NA,NA,NA,NA,NA,NA,NA,NA,NA,NA,NA,NA,NA,NA,NA,NA,NA,NA
e3950,154,NA,iti,canvas.Screen,1_2_6_1,NA,NA,NA,NA,timeout,1000,1184533,1184556,1184573,1185555,1185556,2022-04-27T10:21:17.445Z,1185573,NA,NA,NA,NA,NA,NA,NA,NA,NA,NA,NA,NA,NA,NA,NA,NA,NA,NA,NA,NA,NA,NA,NA,POC,CEJ,POC,CEJ,1,is hetzelfde als,2,is het tegenovergestelde van,3,3,is hetzelfde als,4,,,,1,hetzelfde als,4,no,7,Is,NA,NA,NA,NA,NA,NA,NA,NA,NA,NA,NA,NA,NA,NA,NA,NA,NA,NA,NA,NA,NA,NA,NA,NA,NA,NA,NA,NA,NA,NA,NA,NA,NA,NA,NA,NA,NA,NA
e3950,154,NA,trial_sequence,flow.Sequence,1_2_6,NA,NA,NA,NA,completion,20434,1165106,1165104,1165121,1185555,1185557,2022-04-27T10:21:17.446Z,1185573,NA,NA,NA,NA,NA,NA,NA,NA,NA,NA,NA,NA,NA,NA,NA,NA,NA,NA,NA,NA,NA,NA,NA,POC,CEJ,POC,CEJ,1,is hetzelfde als,2,is het tegenovergestelde van,3,3,is hetzelfde als,4,,,,1,hetzelfde als,4,no,7,Is,NA,NA,NA,NA,NA,NA,NA,NA,NA,NA,NA,NA,NA,NA,NA,NA,NA,NA,NA,NA,NA,NA,NA,NA,NA,NA,NA,NA,NA,NA,NA,NA,NA,NA,NA,NA,NA,NA
e3950,155,NA,trial,canvas.Screen,1_2_7_0_0,NA,NA,NA,NA,timeout,31001,1185563,1185555,1185573,1216558,1216559,2022-04-27T10:21:48.448Z,1216574,NA,NA,NA,NA,NA,NA,NA,NA,NA,NA,NA,NA,NA,NA,NA,NA,NA,NA,NA,NA,NA,NA,NA,JIP,POV,MEX,JIP,1,is hetzelfde als,2,is het tegenovergestelde van,3,3,is hetzelfde als,4,,,,4,het tegenovergestelde van,1,yes,8,Is,POV,TEK,NA,NA,NA,NA,TEK,MEX,NA,NA,NA,NA,NA,NA,NA,NA,NA,NA,NA,NA,NA,NA,NA,NA,NA,NA,NA,NA,NA,NA,NA,NA,NA,NA,NA,NA,NA,NA
e3950,155,NA,timer,html.Frame,1_2_7_0,NA,NA,NA,NA,NA,30989.0000000002,1185559,1185555,1185573,1216562,1216562,2022-04-27T10:21:48.451Z,1216592,NA,NA,NA,NA,NA,NA,NA,NA,NA,NA,NA,NA,NA,NA,NA,NA,NA,CAX,HIH,YIC,NIZ,FOC,4,POC,CEJ,POC,CEJ,1,is hetzelfde als,2,is het tegenovergestelde van,3,3,is hetzelfde als,4,,,,4,het tegenovergestelde van,1,yes,8,Is,NA,NA,NA,NA,NA,NA,NA,NA,NA,NA,NA,NA,NA,NA,NA,NA,NA,NA,NA,NA,NA,NA,NA,NA,NA,NA,NA,NA,NA,NA,NA,NA,NA,NA,NA,NA,NA,NA
e3950,155,NA,iti,canvas.Screen,1_2_7_1,NA,NA,NA,NA,timeout,999,1216562,1216574,1216592,1217575,1217576,2022-04-27T10:21:49.465Z,1217591,NA,NA,NA,NA,NA,NA,NA,NA,NA,NA,NA,NA,NA,NA,NA,NA,NA,NA,NA,NA,NA,NA,NA,POC,CEJ,POC,CEJ,1,is hetzelfde als,2,is het tegenovergestelde van,3,3,is hetzelfde als,4,,,,4,het tegenovergestelde van,1,yes,8,Is,NA,NA,NA,NA,NA,NA,NA,NA,NA,NA,NA,NA,NA,NA,NA,NA,NA,NA,NA,NA,NA,NA,NA,NA,NA,NA,NA,NA,NA,NA,NA,NA,NA,NA,NA,NA,NA,NA
e3950,155,NA,trial_sequence,flow.Sequence,1_2_7,NA,NA,NA,NA,completion,32002,1185557,1185555,1185573,1217575,1217576,2022-04-27T10:21:49.465Z,1217591,NA,NA,NA,NA,NA,NA,NA,NA,NA,NA,NA,NA,NA,NA,NA,NA,NA,NA,NA,NA,NA,NA,NA,POC,CEJ,POC,CEJ,1,is hetzelfde als,2,is het tegenovergestelde van,3,3,is hetzelfde als,4,,,,4,het tegenovergestelde van,1,yes,8,Is,NA,NA,NA,NA,NA,NA,NA,NA,NA,NA,NA,NA,NA,NA,NA,NA,NA,NA,NA,NA,NA,NA,NA,NA,NA,NA,NA,NA,NA,NA,NA,NA,NA,NA,NA,NA,NA,NA
e3950,156,NA,trial,canvas.Screen,1_2_8_0_0,NA,NA,NA,NA,timeout,31003,1217582,1217575,1217591,1248577,1248579,2022-04-27T10:22:20.467Z,1248594,NA,NA,NA,NA,NA,NA,NA,NA,NA,NA,NA,NA,NA,NA,NA,NA,NA,NA,NA,NA,NA,NA,NA,CAX,HIH,CAX,NIZ,1,is het tegenovergestelde van,2,is hetzelfde als,3,3,is het tegenovergestelde van,4,,,,1,hetzelfde als,4,yes,9,Is,HIH,YIC,NA,NA,NA,NA,YIC,NIZ,NA,NA,NA,NA,NA,NA,NA,NA,NA,NA,NA,NA,NA,NA,NA,NA,NA,NA,NA,NA,NA,NA,NA,NA,NA,NA,NA,NA,NA,NA
e3950,156,NA,timer,html.Frame,1_2_8_0,NA,NA,NA,NA,NA,30995,1217578,1217575,1217591,1248586,1248587,2022-04-27T10:22:20.475Z,1248611,NA,NA,NA,NA,NA,NA,NA,NA,NA,NA,NA,NA,NA,NA,NA,NA,NA,XEP,CUS,XEK,JOC,XUC,5,POC,CEJ,POC,CEJ,1,is het tegenovergestelde van,2,is hetzelfde als,3,3,is het tegenovergestelde van,4,,,,1,hetzelfde als,4,yes,9,Is,NA,NA,NA,NA,NA,NA,NA,NA,NA,NA,NA,NA,NA,NA,NA,NA,NA,NA,NA,NA,NA,NA,NA,NA,NA,NA,NA,NA,NA,NA,NA,NA,NA,NA,NA,NA,NA,NA
e3950,156,NA,iti,canvas.Screen,1_2_8_1,NA,NA,NA,NA,timeout,1001,1248587,1248594,1248611,1249593,1249594,2022-04-27T10:22:21.482Z,1249612,NA,NA,NA,NA,NA,NA,NA,NA,NA,NA,NA,NA,NA,NA,NA,NA,NA,NA,NA,NA,NA,NA,NA,POC,CEJ,POC,CEJ,1,is het tegenovergestelde van,2,is hetzelfde als,3,3,is het tegenovergestelde van,4,,,,1,hetzelfde als,4,yes,9,Is,NA,NA,NA,NA,NA,NA,NA,NA,NA,NA,NA,NA,NA,NA,NA,NA,NA,NA,NA,NA,NA,NA,NA,NA,NA,NA,NA,NA,NA,NA,NA,NA,NA,NA,NA,NA,NA,NA
e3950,156,NA,trial_sequence,flow.Sequence,1_2_8,NA,NA,NA,NA,completion,32002,1217577,1217575,1217591,1249593,1249595,2022-04-27T10:22:21.483Z,1249612,NA,NA,NA,NA,NA,NA,NA,NA,NA,NA,NA,NA,NA,NA,NA,NA,NA,NA,NA,NA,NA,NA,NA,POC,CEJ,POC,CEJ,1,is het tegenovergestelde van,2,is hetzelfde als,3,3,is het tegenovergestelde van,4,,,,1,hetzelfde als,4,yes,9,Is,NA,NA,NA,NA,NA,NA,NA,NA,NA,NA,NA,NA,NA,NA,NA,NA,NA,NA,NA,NA,NA,NA,NA,NA,NA,NA,NA,NA,NA,NA,NA,NA,NA,NA,NA,NA,NA,NA
e3950,157,NA,trial,canvas.Screen,1_2_9_0_0,NA,NA,NA,NA,response,20462,1249603,1249593,1249612,1270055,1270047,2022-04-27T10:22:41.935Z,1270079,NA,NA,NA,NA,NA,NA,NA,NA,NA,NA,NA,NA,NA,NA,NA,NA,NA,NA,NA,NA,NA,NA,NA,XEP,CUS,JOC,XEP,1,is het tegenovergestelde van,2,is hetzelfde als,3,3,is het tegenovergestelde van,4,,,,4,het tegenovergestelde van,1,no,10,Is,CUS,XEK,yes,mousedown @yes,no,FALSE,XEK,JOC,NA,NA,NA,NA,NA,NA,NA,NA,NA,NA,NA,NA,NA,NA,NA,NA,NA,NA,NA,NA,NA,NA,NA,NA,NA,NA,NA,NA,NA,NA
e3950,157,NA,timer,html.Frame,1_2_9_0,NA,NA,NA,NA,NA,20436,1249598,1249593,1249612,1270048,1270049,2022-04-27T10:22:41.937Z,1270079,NA,NA,NA,NA,NA,NA,NA,NA,NA,NA,NA,NA,NA,NA,NA,NA,NA,JAQ,NUC,VID,NUP,YUT,NA,POC,CEJ,POC,CEJ,1,is het tegenovergestelde van,2,is hetzelfde als,3,3,is het tegenovergestelde van,4,,,,4,het tegenovergestelde van,1,no,10,Is,NA,NA,NA,NA,NA,NA,NA,NA,NA,NA,NA,NA,NA,NA,NA,NA,NA,NA,NA,NA,NA,NA,NA,NA,NA,NA,NA,NA,NA,NA,NA,NA,NA,NA,NA,NA,NA,NA
e3950,157,NA,iti,canvas.Screen,1_2_9_1,NA,NA,NA,NA,timeout,999,1270049,1270062,1270079,1271062,1271063,2022-04-27T10:22:42.951Z,1271078,NA,NA,NA,NA,NA,NA,NA,NA,NA,NA,NA,NA,NA,NA,NA,NA,NA,NA,NA,NA,NA,NA,NA,POC,CEJ,POC,CEJ,1,is het tegenovergestelde van,2,is hetzelfde als,3,3,is het tegenovergestelde van,4,,,,4,het tegenovergestelde van,1,no,10,Is,NA,NA,NA,NA,NA,NA,NA,NA,NA,NA,NA,NA,NA,NA,NA,NA,NA,NA,NA,NA,NA,NA,NA,NA,NA,NA,NA,NA,NA,NA,NA,NA,NA,NA,NA,NA,NA,NA
e3950,157,NA,trial_sequence,flow.Sequence,1_2_9,NA,NA,NA,NA,completion,21450,1249595,1249593,1249612,1271062,1271063,2022-04-27T10:22:42.951Z,1271078,NA,NA,NA,NA,NA,NA,NA,NA,NA,NA,NA,NA,NA,NA,NA,NA,NA,NA,NA,NA,NA,NA,NA,POC,CEJ,POC,CEJ,1,is het tegenovergestelde van,2,is hetzelfde als,3,3,is het tegenovergestelde van,4,,,,4,het tegenovergestelde van,1,no,10,Is,NA,NA,NA,NA,NA,NA,NA,NA,NA,NA,NA,NA,NA,NA,NA,NA,NA,NA,NA,NA,NA,NA,NA,NA,NA,NA,NA,NA,NA,NA,NA,NA,NA,NA,NA,NA,NA,NA
e3950,158,NA,trial,canvas.Screen,1_2_10_0_0,NA,NA,NA,NA,timeout,31002,1271070,1271062,1271078,1302063,1302064,2022-04-27T10:23:13.952Z,1302080,NA,NA,NA,NA,NA,NA,NA,NA,NA,NA,NA,NA,NA,NA,NA,NA,NA,NA,NA,NA,NA,NA,NA,JAQ,NUC,JAQ,NUP,1,is het tegenovergestelde van,2,is het tegenovergestelde van,3,3,is het tegenovergestelde van,4,,,,1,hetzelfde als,4,yes,11,Is,NUC,VID,NA,NA,NA,NA,VID,NUP,NA,NA,NA,NA,NA,NA,NA,NA,NA,NA,NA,NA,NA,NA,NA,NA,NA,NA,NA,NA,NA,NA,NA,NA,NA,NA,NA,NA,NA,NA
e3950,158,NA,timer,html.Frame,1_2_10_0,NA,NA,NA,NA,NA,30989,1271066,1271062,1271078,1302067,1302067,2022-04-27T10:23:13.955Z,1302097,NA,NA,NA,NA,NA,NA,NA,NA,NA,NA,NA,NA,NA,NA,NA,NA,NA,XIW,LEQ,XAD,JIK,GAK,NA,POC,CEJ,POC,CEJ,1,is het tegenovergestelde van,2,is het tegenovergestelde van,3,3,is het tegenovergestelde van,4,,,,1,hetzelfde als,4,yes,11,Is,NA,NA,NA,NA,NA,NA,NA,NA,NA,NA,NA,NA,NA,NA,NA,NA,NA,NA,NA,NA,NA,NA,NA,NA,NA,NA,NA,NA,NA,NA,NA,NA,NA,NA,NA,NA,NA,NA
e3950,158,NA,iti,canvas.Screen,1_2_10_1,NA,NA,NA,NA,timeout,1001,1302068,1302080,1302097,1303080,1303081,2022-04-27T10:23:14.968Z,1303098,NA,NA,NA,NA,NA,NA,NA,NA,NA,NA,NA,NA,NA,NA,NA,NA,NA,NA,NA,NA,NA,NA,NA,POC,CEJ,POC,CEJ,1,is het tegenovergestelde van,2,is het tegenovergestelde van,3,3,is het tegenovergestelde van,4,,,,1,hetzelfde als,4,yes,11,Is,NA,NA,NA,NA,NA,NA,NA,NA,NA,NA,NA,NA,NA,NA,NA,NA,NA,NA,NA,NA,NA,NA,NA,NA,NA,NA,NA,NA,NA,NA,NA,NA,NA,NA,NA,NA,NA,NA
e3950,158,NA,trial_sequence,flow.Sequence,1_2_10,NA,NA,NA,NA,completion,32002,1271064,1271062,1271078,1303080,1303081,2022-04-27T10:23:14.969Z,1303098,NA,NA,NA,NA,NA,NA,NA,NA,NA,NA,NA,NA,NA,NA,NA,NA,NA,NA,NA,NA,NA,NA,NA,POC,CEJ,POC,CEJ,1,is het tegenovergestelde van,2,is het tegenovergestelde van,3,3,is het tegenovergestelde van,4,,,,1,hetzelfde als,4,yes,11,Is,NA,NA,NA,NA,NA,NA,NA,NA,NA,NA,NA,NA,NA,NA,NA,NA,NA,NA,NA,NA,NA,NA,NA,NA,NA,NA,NA,NA,NA,NA,NA,NA,NA,NA,NA,NA,NA,NA
e3950,159,NA,trial,canvas.Screen,1_2_11_0_0,NA,NA,NA,NA,response,22532,1303090,1303080,1303098,1325612,1325603,2022-04-27T10:23:37.490Z,1325649,NA,NA,NA,NA,NA,NA,NA,NA,NA,NA,NA,NA,NA,NA,NA,NA,NA,NA,NA,NA,NA,NA,NA,XIW,LEQ,JIK,XIW,1,is het tegenovergestelde van,2,is het tegenovergestelde van,3,3,is het tegenovergestelde van,4,,,,4,het tegenovergestelde van,1,no,12,Is,LEQ,XAD,yes,mousedown @yes,no,FALSE,XAD,JIK,NA,NA,NA,NA,NA,NA,NA,NA,NA,NA,NA,NA,NA,NA,NA,NA,NA,NA,NA,NA,NA,NA,NA,NA,NA,NA,NA,NA,NA,NA
e3950,159,NA,timer,html.Frame,1_2_11_0,NA,NA,NA,NA,NA,22507,1303084,1303080,1303098,1325605,1325605,2022-04-27T10:23:37.492Z,1325649,NA,NA,NA,NA,NA,NA,NA,NA,NA,NA,NA,NA,NA,NA,NA,NA,NA,SUS,RAC,VAM,HUQ,SES,NA,POC,CEJ,POC,CEJ,1,is het tegenovergestelde van,2,is het tegenovergestelde van,3,3,is het tegenovergestelde van,4,,,,4,het tegenovergestelde van,1,no,12,Is,NA,NA,NA,NA,NA,NA,NA,NA,NA,NA,NA,NA,NA,NA,NA,NA,NA,NA,NA,NA,NA,NA,NA,NA,NA,NA,NA,NA,NA,NA,NA,NA,NA,NA,NA,NA,NA,NA
e3950,159,NA,iti,canvas.Screen,1_2_11_1,NA,NA,NA,NA,timeout,1000,1325605,1325633,1325649,1326633,1326633,2022-04-27T10:23:38.520Z,1326649,NA,NA,NA,NA,NA,NA,NA,NA,NA,NA,NA,NA,NA,NA,NA,NA,NA,NA,NA,NA,NA,NA,NA,POC,CEJ,POC,CEJ,1,is het tegenovergestelde van,2,is het tegenovergestelde van,3,3,is het tegenovergestelde van,4,,,,4,het tegenovergestelde van,1,no,12,Is,NA,NA,NA,NA,NA,NA,NA,NA,NA,NA,NA,NA,NA,NA,NA,NA,NA,NA,NA,NA,NA,NA,NA,NA,NA,NA,NA,NA,NA,NA,NA,NA,NA,NA,NA,NA,NA,NA
e3950,159,NA,trial_sequence,flow.Sequence,1_2_11,NA,NA,NA,NA,completion,23535,1303082,1303080,1303098,1326633,1326634,2022-04-27T10:23:38.521Z,1326649,NA,NA,NA,NA,NA,NA,NA,NA,NA,NA,NA,NA,NA,NA,NA,NA,NA,NA,NA,NA,NA,NA,NA,POC,CEJ,POC,CEJ,1,is het tegenovergestelde van,2,is het tegenovergestelde van,3,3,is het tegenovergestelde van,4,,,,4,het tegenovergestelde van,1,no,12,Is,NA,NA,NA,NA,NA,NA,NA,NA,NA,NA,NA,NA,NA,NA,NA,NA,NA,NA,NA,NA,NA,NA,NA,NA,NA,NA,NA,NA,NA,NA,NA,NA,NA,NA,NA,NA,NA,NA
e3950,160,NA,trial,canvas.Screen,1_2_12_0_0,NA,NA,NA,NA,response,29097,1326641,1326633,1326649,1355730,1355721,2022-04-27T10:24:07.608Z,1355767,NA,NA,NA,NA,NA,NA,NA,NA,NA,NA,NA,NA,NA,NA,NA,NA,NA,NA,NA,NA,NA,NA,NA,SUS,RAC,SUS,SES,1,is het tegenovergestelde van,2,is hetzelfde als,3,3,is het tegenovergestelde van,4,4,is hetzelfde als,5,1,hetzelfde als,5,yes,13,Is,RAC,VAM,no,mousedown @no,yes,FALSE,VAM,HUQ,HUQ,SES,NA,NA,NA,NA,NA,NA,NA,NA,NA,NA,NA,NA,NA,NA,NA,NA,NA,NA,NA,NA,NA,NA,NA,NA,NA,NA,NA,NA
e3950,160,NA,timer,html.Frame,1_2_12_0,NA,NA,NA,NA,NA,29074,1326636,1326633,1326649,1355723,1355724,2022-04-27T10:24:07.610Z,1355767,NA,NA,NA,NA,NA,NA,NA,NA,NA,NA,NA,NA,NA,NA,NA,NA,NA,SAZ,CIY,NEF,HAQ,QAB,NA,POC,CEJ,POC,CEJ,1,is het tegenovergestelde van,2,is hetzelfde als,3,3,is het tegenovergestelde van,4,4,is hetzelfde als,5,1,hetzelfde als,5,yes,13,Is,NA,NA,NA,NA,NA,NA,NA,NA,NA,NA,NA,NA,NA,NA,NA,NA,NA,NA,NA,NA,NA,NA,NA,NA,NA,NA,NA,NA,NA,NA,NA,NA,NA,NA,NA,NA,NA,NA
e3950,160,NA,iti,canvas.Screen,1_2_12_1,NA,NA,NA,NA,timeout,1001,1355724,1355751,1355767,1356750,1356751,2022-04-27T10:24:08.638Z,1356768,NA,NA,NA,NA,NA,NA,NA,NA,NA,NA,NA,NA,NA,NA,NA,NA,NA,NA,NA,NA,NA,NA,NA,POC,CEJ,POC,CEJ,1,is het tegenovergestelde van,2,is hetzelfde als,3,3,is het tegenovergestelde van,4,4,is hetzelfde als,5,1,hetzelfde als,5,yes,13,Is,NA,NA,NA,NA,NA,NA,NA,NA,NA,NA,NA,NA,NA,NA,NA,NA,NA,NA,NA,NA,NA,NA,NA,NA,NA,NA,NA,NA,NA,NA,NA,NA,NA,NA,NA,NA,NA,NA
e3950,160,NA,trial_sequence,flow.Sequence,1_2_12,NA,NA,NA,NA,completion,30101,1326634,1326633,1326649,1356750,1356752,2022-04-27T10:24:08.638Z,1356768,NA,NA,NA,NA,NA,NA,NA,NA,NA,NA,NA,NA,NA,NA,NA,NA,NA,NA,NA,NA,NA,NA,NA,POC,CEJ,POC,CEJ,1,is het tegenovergestelde van,2,is hetzelfde als,3,3,is het tegenovergestelde van,4,4,is hetzelfde als,5,1,hetzelfde als,5,yes,13,Is,NA,NA,NA,NA,NA,NA,NA,NA,NA,NA,NA,NA,NA,NA,NA,NA,NA,NA,NA,NA,NA,NA,NA,NA,NA,NA,NA,NA,NA,NA,NA,NA,NA,NA,NA,NA,NA,NA
e3950,161,NA,trial,canvas.Screen,1_2_13_0_0,NA,NA,NA,NA,response,6818,1356759,1356750,1356768,1363568,1363559,2022-04-27T10:24:15.445Z,1363602,NA,NA,NA,NA,NA,NA,NA,NA,NA,NA,NA,NA,NA,NA,NA,NA,NA,NA,NA,NA,NA,NA,NA,SAZ,CIY,QAB,SAZ,1,is het tegenovergestelde van,2,is hetzelfde als,3,3,is het tegenovergestelde van,4,4,is hetzelfde als,5,5,het tegenovergestelde van,1,no,14,Is,CIY,NEF,yes,mousedown @yes,no,FALSE,NEF,HAQ,HAQ,QAB,NA,NA,NA,NA,NA,NA,NA,NA,NA,NA,NA,NA,NA,NA,NA,NA,NA,NA,NA,NA,NA,NA,NA,NA,NA,NA,NA,NA
e3950,161,NA,timer,html.Frame,1_2_13_0,NA,NA,NA,NA,NA,6793,1356754,1356750,1356768,1363561,1363561,2022-04-27T10:24:15.448Z,1363602,NA,NA,NA,NA,NA,NA,NA,NA,NA,NA,NA,NA,NA,NA,NA,NA,NA,GUK,XIX,FUV,LAH,JEL,NA,POC,CEJ,POC,CEJ,1,is het tegenovergestelde van,2,is hetzelfde als,3,3,is het tegenovergestelde van,4,4,is hetzelfde als,5,5,het tegenovergestelde van,1,no,14,Is,NA,NA,NA,NA,NA,NA,NA,NA,NA,NA,NA,NA,NA,NA,NA,NA,NA,NA,NA,NA,NA,NA,NA,NA,NA,NA,NA,NA,NA,NA,NA,NA,NA,NA,NA,NA,NA,NA
e3950,161,NA,iti,canvas.Screen,1_2_13_1,NA,NA,NA,NA,timeout,1000,1363562,1363585,1363602,1364585,1364586,2022-04-27T10:24:16.473Z,1364602,NA,NA,NA,NA,NA,NA,NA,NA,NA,NA,NA,NA,NA,NA,NA,NA,NA,NA,NA,NA,NA,NA,NA,POC,CEJ,POC,CEJ,1,is het tegenovergestelde van,2,is hetzelfde als,3,3,is het tegenovergestelde van,4,4,is hetzelfde als,5,5,het tegenovergestelde van,1,no,14,Is,NA,NA,NA,NA,NA,NA,NA,NA,NA,NA,NA,NA,NA,NA,NA,NA,NA,NA,NA,NA,NA,NA,NA,NA,NA,NA,NA,NA,NA,NA,NA,NA,NA,NA,NA,NA,NA,NA
e3950,161,NA,trial_sequence,flow.Sequence,1_2_13,NA,NA,NA,NA,completion,7817,1356752,1356750,1356768,1364585,1364587,2022-04-27T10:24:16.473Z,1364602,NA,NA,NA,NA,NA,NA,NA,NA,NA,NA,NA,NA,NA,NA,NA,NA,NA,NA,NA,NA,NA,NA,NA,POC,CEJ,POC,CEJ,1,is het tegenovergestelde van,2,is hetzelfde als,3,3,is het tegenovergestelde van,4,4,is hetzelfde als,5,5,het tegenovergestelde van,1,no,14,Is,NA,NA,NA,NA,NA,NA,NA,NA,NA,NA,NA,NA,NA,NA,NA,NA,NA,NA,NA,NA,NA,NA,NA,NA,NA,NA,NA,NA,NA,NA,NA,NA,NA,NA,NA,NA,NA,NA
e3950,162,NA,trial,canvas.Screen,1_2_14_0_0,NA,NA,NA,NA,timeout,31001,1364594,1364585,1364602,1395587,1395588,2022-04-27T10:24:47.474Z,1395603,NA,NA,NA,NA,NA,NA,NA,NA,NA,NA,NA,NA,NA,NA,NA,NA,NA,NA,NA,NA,NA,NA,NA,GUK,XIX,GUK,JEL,1,is hetzelfde als,2,is het tegenovergestelde van,3,3,is hetzelfde als,4,4,is het tegenovergestelde van,5,1,hetzelfde als,5,no,15,Is,XIX,FUV,NA,NA,NA,NA,FUV,LAH,LAH,JEL,NA,NA,NA,NA,NA,NA,NA,NA,NA,NA,NA,NA,NA,NA,NA,NA,NA,NA,NA,NA,NA,NA,NA,NA,NA,NA,NA,NA
e3950,162,NA,timer,html.Frame,1_2_14_0,NA,NA,NA,NA,NA,30990,1364589,1364585,1364602,1395592,1395592,2022-04-27T10:24:47.478Z,1395621,NA,NA,NA,NA,NA,NA,NA,NA,NA,NA,NA,NA,NA,NA,NA,NA,NA,SIW,WUX,LIR,VAQ,FOF,NA,POC,CEJ,POC,CEJ,1,is hetzelfde als,2,is het tegenovergestelde van,3,3,is hetzelfde als,4,4,is het tegenovergestelde van,5,1,hetzelfde als,5,no,15,Is,NA,NA,NA,NA,NA,NA,NA,NA,NA,NA,NA,NA,NA,NA,NA,NA,NA,NA,NA,NA,NA,NA,NA,NA,NA,NA,NA,NA,NA,NA,NA,NA,NA,NA,NA,NA,NA,NA
e3950,162,NA,iti,canvas.Screen,1_2_14_1,NA,NA,NA,NA,timeout,999,1395592,1395603,1395621,1396604,1396605,2022-04-27T10:24:48.491Z,1396620,NA,NA,NA,NA,NA,NA,NA,NA,NA,NA,NA,NA,NA,NA,NA,NA,NA,NA,NA,NA,NA,NA,NA,POC,CEJ,POC,CEJ,1,is hetzelfde als,2,is het tegenovergestelde van,3,3,is hetzelfde als,4,4,is het tegenovergestelde van,5,1,hetzelfde als,5,no,15,Is,NA,NA,NA,NA,NA,NA,NA,NA,NA,NA,NA,NA,NA,NA,NA,NA,NA,NA,NA,NA,NA,NA,NA,NA,NA,NA,NA,NA,NA,NA,NA,NA,NA,NA,NA,NA,NA,NA
e3950,162,NA,trial_sequence,flow.Sequence,1_2_14,NA,NA,NA,NA,completion,32002,1364587,1364585,1364602,1396604,1396605,2022-04-27T10:24:48.491Z,1396620,NA,NA,NA,NA,NA,NA,NA,NA,NA,NA,NA,NA,NA,NA,NA,NA,NA,NA,NA,NA,NA,NA,NA,POC,CEJ,POC,CEJ,1,is hetzelfde als,2,is het tegenovergestelde van,3,3,is hetzelfde als,4,4,is het tegenovergestelde van,5,1,hetzelfde als,5,no,15,Is,NA,NA,NA,NA,NA,NA,NA,NA,NA,NA,NA,NA,NA,NA,NA,NA,NA,NA,NA,NA,NA,NA,NA,NA,NA,NA,NA,NA,NA,NA,NA,NA,NA,NA,NA,NA,NA,NA
e3950,163,NA,trial,canvas.Screen,1_2_15_0_0,NA,NA,NA,NA,response,27797,1396611,1396604,1396620,1424401,1424391,2022-04-27T10:25:16.276Z,1424422,NA,NA,NA,NA,NA,NA,NA,NA,NA,NA,NA,NA,NA,NA,NA,NA,NA,NA,NA,NA,NA,NA,NA,SIW,WUX,FOF,SIW,1,is hetzelfde als,2,is het tegenovergestelde van,3,3,is hetzelfde als,4,4,is het tegenovergestelde van,5,5,het tegenovergestelde van,1,yes,16,Is,WUX,LIR,yes,mousedown @yes,yes,TRUE,LIR,VAQ,VAQ,FOF,NA,NA,NA,NA,NA,NA,NA,NA,NA,NA,NA,NA,NA,NA,NA,NA,NA,NA,NA,NA,NA,NA,NA,NA,NA,NA,NA,NA
e3950,163,NA,timer,html.Frame,1_2_15_0,NA,NA,NA,NA,NA,27772,1396607,1396604,1396620,1424392,1424393,2022-04-27T10:25:16.278Z,1424422,NA,NA,NA,NA,NA,NA,NA,NA,NA,NA,NA,NA,NA,NA,NA,NA,NA,YEB,VAF,HUR,BEH,KOX,6,POC,CEJ,POC,CEJ,1,is hetzelfde als,2,is het tegenovergestelde van,3,3,is hetzelfde als,4,4,is het tegenovergestelde van,5,5,het tegenovergestelde van,1,yes,16,Is,NA,NA,NA,NA,NA,NA,NA,NA,NA,NA,NA,NA,NA,NA,NA,NA,NA,NA,NA,NA,NA,NA,NA,NA,NA,NA,NA,NA,NA,NA,NA,NA,NA,NA,NA,NA,NA,NA
e3950,163,NA,iti,canvas.Screen,1_2_15_1,NA,NA,NA,NA,timeout,1002,1424393,1424406,1424422,1425406,1425407,2022-04-27T10:25:17.292Z,1425424,NA,NA,NA,NA,NA,NA,NA,NA,NA,NA,NA,NA,NA,NA,NA,NA,NA,NA,NA,NA,NA,NA,NA,POC,CEJ,POC,CEJ,1,is hetzelfde als,2,is het tegenovergestelde van,3,3,is hetzelfde als,4,4,is het tegenovergestelde van,5,5,het tegenovergestelde van,1,yes,16,Is,NA,NA,NA,NA,NA,NA,NA,NA,NA,NA,NA,NA,NA,NA,NA,NA,NA,NA,NA,NA,NA,NA,NA,NA,NA,NA,NA,NA,NA,NA,NA,NA,NA,NA,NA,NA,NA,NA
e3950,163,NA,trial_sequence,flow.Sequence,1_2_15,NA,NA,NA,NA,completion,28786,1396605,1396604,1396620,1425406,1425407,2022-04-27T10:25:17.293Z,1425424,NA,NA,NA,NA,NA,NA,NA,NA,NA,NA,NA,NA,NA,NA,NA,NA,NA,NA,NA,NA,NA,NA,NA,POC,CEJ,POC,CEJ,1,is hetzelfde als,2,is het tegenovergestelde van,3,3,is hetzelfde als,4,4,is het tegenovergestelde van,5,5,het tegenovergestelde van,1,yes,16,Is,NA,NA,NA,NA,NA,NA,NA,NA,NA,NA,NA,NA,NA,NA,NA,NA,NA,NA,NA,NA,NA,NA,NA,NA,NA,NA,NA,NA,NA,NA,NA,NA,NA,NA,NA,NA,NA,NA
e3950,163,NA,trial,canvas.Screen,1_2_16_0_0,NA,NA,NA,NA,response,17571,1425416,1425406,1425424,1442977,1442969,2022-04-27T10:25:34.854Z,1443007,NA,NA,NA,NA,NA,NA,NA,NA,NA,NA,NA,NA,NA,NA,NA,NA,NA,NA,NA,NA,NA,NA,NA,YEB,VAF,HUR,YEB,2,is hetzelfde als,2,is hetzelfde als,3,,,,,,,3,hetzelfde als,1,yes,17,Is,VAF,HUR,yes,mousedown @yes,yes,TRUE,NA,NA,NA,NA,NA,NA,NA,NA,NA,NA,NA,NA,NA,NA,NA,NA,NA,NA,NA,NA,NA,NA,NA,NA,NA,NA,NA,NA,NA,NA,NA,NA
e3950,163,NA,timer,html.Frame,1_2_16_0,NA,NA,NA,NA,NA,17546,1425409,1425406,1425424,1442970,1442970,2022-04-27T10:25:34.856Z,1443007,NA,NA,NA,NA,NA,NA,NA,NA,NA,NA,NA,NA,NA,NA,NA,NA,NA,LAQ,VOC,HUY,TEJ,XAK,7,POC,CEJ,POC,CEJ,2,is hetzelfde als,2,is hetzelfde als,3,,,,,,,3,hetzelfde als,1,yes,17,Is,NA,NA,NA,NA,NA,NA,NA,NA,NA,NA,NA,NA,NA,NA,NA,NA,NA,NA,NA,NA,NA,NA,NA,NA,NA,NA,NA,NA,NA,NA,NA,NA,NA,NA,NA,NA,NA,NA
e3950,163,NA,iti,canvas.Screen,1_2_16_1,NA,NA,NA,NA,timeout,1000,1442971,1442991,1443007,1443991,1443991,2022-04-27T10:25:35.876Z,1444007,NA,NA,NA,NA,NA,NA,NA,NA,NA,NA,NA,NA,NA,NA,NA,NA,NA,NA,NA,NA,NA,NA,NA,POC,CEJ,POC,CEJ,2,is hetzelfde als,2,is hetzelfde als,3,,,,,,,3,hetzelfde als,1,yes,17,Is,NA,NA,NA,NA,NA,NA,NA,NA,NA,NA,NA,NA,NA,NA,NA,NA,NA,NA,NA,NA,NA,NA,NA,NA,NA,NA,NA,NA,NA,NA,NA,NA,NA,NA,NA,NA,NA,NA
e3950,163,NA,trial_sequence,flow.Sequence,1_2_16,NA,NA,NA,NA,completion,18567,1425407,1425406,1425424,1443991,1443992,2022-04-27T10:25:35.877Z,1444007,NA,NA,NA,NA,NA,NA,NA,NA,NA,NA,NA,NA,NA,NA,NA,NA,NA,NA,NA,NA,NA,NA,NA,POC,CEJ,POC,CEJ,2,is hetzelfde als,2,is hetzelfde als,3,,,,,,,3,hetzelfde als,1,yes,17,Is,NA,NA,NA,NA,NA,NA,NA,NA,NA,NA,NA,NA,NA,NA,NA,NA,NA,NA,NA,NA,NA,NA,NA,NA,NA,NA,NA,NA,NA,NA,NA,NA,NA,NA,NA,NA,NA,NA
e3950,163,NA,trial,canvas.Screen,1_2_17_0_0,NA,NA,NA,NA,response,18648.0000000002,1443998,1443991,1444007,1462639,1462629,2022-04-27T10:25:54.514Z,1462675,NA,NA,NA,NA,NA,NA,NA,NA,NA,NA,NA,NA,NA,NA,NA,NA,NA,NA,NA,NA,NA,NA,NA,LAQ,VOC,LAQ,HUY,2,is hetzelfde als,2,is hetzelfde als,3,,,,,,,1,anders dan,3,no,18,Is,VOC,HUY,no,mousedown @no,no,TRUE,NA,NA,NA,NA,NA,NA,NA,NA,NA,NA,NA,NA,NA,NA,NA,NA,NA,NA,NA,NA,NA,NA,NA,NA,NA,NA,NA,NA,NA,NA,NA,NA
e3950,163,NA,timer,html.Frame,1_2_17_0,NA,NA,NA,NA,NA,18624,1443994,1443991,1444007,1462631,1462631,2022-04-27T10:25:54.516Z,1462675,NA,NA,NA,NA,NA,NA,NA,NA,NA,NA,NA,NA,NA,NA,NA,NA,NA,LUC,XUN,SOV,SEF,YUL,8,POC,CEJ,POC,CEJ,2,is hetzelfde als,2,is hetzelfde als,3,,,,,,,1,anders dan,3,no,18,Is,NA,NA,NA,NA,NA,NA,NA,NA,NA,NA,NA,NA,NA,NA,NA,NA,NA,NA,NA,NA,NA,NA,NA,NA,NA,NA,NA,NA,NA,NA,NA,NA,NA,NA,NA,NA,NA,NA
e3950,163,NA,iti,canvas.Screen,1_2_17_1,NA,NA,NA,NA,timeout,1000,1462631,1462659,1462675,1463658,1463658,2022-04-27T10:25:55.543Z,1463675,NA,NA,NA,NA,NA,NA,NA,NA,NA,NA,NA,NA,NA,NA,NA,NA,NA,NA,NA,NA,NA,NA,NA,POC,CEJ,POC,CEJ,2,is hetzelfde als,2,is hetzelfde als,3,,,,,,,1,anders dan,3,no,18,Is,NA,NA,NA,NA,NA,NA,NA,NA,NA,NA,NA,NA,NA,NA,NA,NA,NA,NA,NA,NA,NA,NA,NA,NA,NA,NA,NA,NA,NA,NA,NA,NA,NA,NA,NA,NA,NA,NA
e3950,163,NA,trial_sequence,flow.Sequence,1_2_17,NA,NA,NA,NA,completion,19651,1443992,1443991,1444007,1463658,1463659,2022-04-27T10:25:55.544Z,1463675,NA,NA,NA,NA,NA,NA,NA,NA,NA,NA,NA,NA,NA,NA,NA,NA,NA,NA,NA,NA,NA,NA,NA,POC,CEJ,POC,CEJ,2,is hetzelfde als,2,is hetzelfde als,3,,,,,,,1,anders dan,3,no,18,Is,NA,NA,NA,NA,NA,NA,NA,NA,NA,NA,NA,NA,NA,NA,NA,NA,NA,NA,NA,NA,NA,NA,NA,NA,NA,NA,NA,NA,NA,NA,NA,NA,NA,NA,NA,NA,NA,NA
e3950,163,NA,trial,canvas.Screen,1_2_18_0_0,NA,NA,NA,NA,response,26457,1463664,1463658,1463675,1490115,1490104,2022-04-27T10:26:21.989Z,1490143,NA,NA,NA,NA,NA,NA,NA,NA,NA,NA,NA,NA,NA,NA,NA,NA,NA,NA,NA,NA,NA,NA,NA,LUC,XUN,SOV,LUC,2,is hetzelfde als,2,is anders dan,3,,,,,,,3,hetzelfde als,1,yes,19,Is,XUN,SOV,no,mousedown @no,yes,FALSE,NA,NA,NA,NA,NA,NA,NA,NA,NA,NA,NA,NA,NA,NA,NA,NA,NA,NA,NA,NA,NA,NA,NA,NA,NA,NA,NA,NA,NA,NA,NA,NA
e3950,163,NA,timer,html.Frame,1_2_18_0,NA,NA,NA,NA,NA,26431,1463661,1463658,1463675,1490106,1490106,2022-04-27T10:26:21.991Z,1490143,NA,NA,NA,NA,NA,NA,NA,NA,NA,NA,NA,NA,NA,NA,NA,NA,NA,PIR,JIF,VIQ,TIH,LOD,NA,POC,CEJ,POC,CEJ,2,is hetzelfde als,2,is anders dan,3,,,,,,,3,hetzelfde als,1,yes,19,Is,NA,NA,NA,NA,NA,NA,NA,NA,NA,NA,NA,NA,NA,NA,NA,NA,NA,NA,NA,NA,NA,NA,NA,NA,NA,NA,NA,NA,NA,NA,NA,NA,NA,NA,NA,NA,NA,NA
e3950,163,NA,iti,canvas.Screen,1_2_18_1,NA,NA,NA,NA,timeout,1001,1490107,1490127,1490143,1491127,1491127,2022-04-27T10:26:23.012Z,1491144,NA,NA,NA,NA,NA,NA,NA,NA,NA,NA,NA,NA,NA,NA,NA,NA,NA,NA,NA,NA,NA,NA,NA,POC,CEJ,POC,CEJ,2,is hetzelfde als,2,is anders dan,3,,,,,,,3,hetzelfde als,1,yes,19,Is,NA,NA,NA,NA,NA,NA,NA,NA,NA,NA,NA,NA,NA,NA,NA,NA,NA,NA,NA,NA,NA,NA,NA,NA,NA,NA,NA,NA,NA,NA,NA,NA,NA,NA,NA,NA,NA,NA
e3950,163,NA,trial_sequence,flow.Sequence,1_2_18,NA,NA,NA,NA,completion,27452,1463659,1463658,1463675,1491127,1491128,2022-04-27T10:26:23.012Z,1491144,NA,NA,NA,NA,NA,NA,NA,NA,NA,NA,NA,NA,NA,NA,NA,NA,NA,NA,NA,NA,NA,NA,NA,POC,CEJ,POC,CEJ,2,is hetzelfde als,2,is anders dan,3,,,,,,,3,hetzelfde als,1,yes,19,Is,NA,NA,NA,NA,NA,NA,NA,NA,NA,NA,NA,NA,NA,NA,NA,NA,NA,NA,NA,NA,NA,NA,NA,NA,NA,NA,NA,NA,NA,NA,NA,NA,NA,NA,NA,NA,NA,NA
e3950,163,NA,trial,canvas.Screen,1_2_19_0_0,NA,NA,NA,NA,response,19418,1491133,1491127,1491144,1510545,1510533,2022-04-27T10:26:42.417Z,1510579,NA,NA,NA,NA,NA,NA,NA,NA,NA,NA,NA,NA,NA,NA,NA,NA,NA,NA,NA,NA,NA,NA,NA,PIR,JIF,PIR,VIQ,2,is hetzelfde als,2,is anders dan,3,,,,,,,1,anders dan,3,yes,20,Is,JIF,VIQ,yes,mousedown @yes,yes,TRUE,NA,NA,NA,NA,NA,NA,NA,NA,NA,NA,NA,NA,NA,NA,NA,NA,NA,NA,NA,NA,NA,NA,NA,NA,NA,NA,NA,NA,NA,NA,NA,NA
e3950,163,NA,timer,html.Frame,1_2_19_0,NA,NA,NA,NA,NA,19391,1491129,1491127,1491144,1510535,1510535,2022-04-27T10:26:42.419Z,1510579,NA,NA,NA,NA,NA,NA,NA,NA,NA,NA,NA,NA,NA,NA,NA,NA,NA,MIF,WOZ,KIS,LIG,YOG,9,POC,CEJ,POC,CEJ,2,is hetzelfde als,2,is anders dan,3,,,,,,,1,anders dan,3,yes,20,Is,NA,NA,NA,NA,NA,NA,NA,NA,NA,NA,NA,NA,NA,NA,NA,NA,NA,NA,NA,NA,NA,NA,NA,NA,NA,NA,NA,NA,NA,NA,NA,NA,NA,NA,NA,NA,NA,NA
e3950,163,NA,iti,canvas.Screen,1_2_19_1,NA,NA,NA,NA,timeout,999,1510535,1510562,1510579,1511562,1511563,2022-04-27T10:26:43.447Z,1511578,NA,NA,NA,NA,NA,NA,NA,NA,NA,NA,NA,NA,NA,NA,NA,NA,NA,NA,NA,NA,NA,NA,NA,POC,CEJ,POC,CEJ,2,is hetzelfde als,2,is anders dan,3,,,,,,,1,anders dan,3,yes,20,Is,NA,NA,NA,NA,NA,NA,NA,NA,NA,NA,NA,NA,NA,NA,NA,NA,NA,NA,NA,NA,NA,NA,NA,NA,NA,NA,NA,NA,NA,NA,NA,NA,NA,NA,NA,NA,NA,NA
e3950,163,NA,trial_sequence,flow.Sequence,1_2_19,NA,NA,NA,NA,completion,20418,1491128,1491127,1491144,1511562,1511563,2022-04-27T10:26:43.447Z,1511578,NA,NA,NA,NA,NA,NA,NA,NA,NA,NA,NA,NA,NA,NA,NA,NA,NA,NA,NA,NA,NA,NA,NA,POC,CEJ,POC,CEJ,2,is hetzelfde als,2,is anders dan,3,,,,,,,1,anders dan,3,yes,20,Is,NA,NA,NA,NA,NA,NA,NA,NA,NA,NA,NA,NA,NA,NA,NA,NA,NA,NA,NA,NA,NA,NA,NA,NA,NA,NA,NA,NA,NA,NA,NA,NA,NA,NA,NA,NA,NA,NA
e3950,164,NA,trial,canvas.Screen,1_2_20_0_0,NA,NA,NA,NA,timeout,31002,1511570,1511562,1511578,1542564,1542565,2022-04-27T10:27:14.449Z,1542580,NA,NA,NA,NA,NA,NA,NA,NA,NA,NA,NA,NA,NA,NA,NA,NA,NA,NA,NA,NA,NA,NA,NA,MIF,WOZ,KIS,MIF,2,is anders dan,2,is hetzelfde als,3,,,,,,,3,hetzelfde als,1,no,21,Is,WOZ,KIS,NA,NA,NA,NA,NA,NA,NA,NA,NA,NA,NA,NA,NA,NA,NA,NA,NA,NA,NA,NA,NA,NA,NA,NA,NA,NA,NA,NA,NA,NA,NA,NA,NA,NA,NA,NA
e3950,164,NA,timer,html.Frame,1_2_20_0,NA,NA,NA,NA,NA,30989,1511565,1511562,1511578,1542567,1542568,2022-04-27T10:27:14.452Z,1542597,NA,NA,NA,NA,NA,NA,NA,NA,NA,NA,NA,NA,NA,NA,NA,NA,NA,GOF,"NAM",FAW,TEF,VUM,10,POC,CEJ,POC,CEJ,2,is anders dan,2,is hetzelfde als,3,,,,,,,3,hetzelfde als,1,no,21,Is,NA,NA,NA,NA,NA,NA,NA,NA,NA,NA,NA,NA,NA,NA,NA,NA,NA,NA,NA,NA,NA,NA,NA,NA,NA,NA,NA,NA,NA,NA,NA,NA,NA,NA,NA,NA,NA,NA
e3950,164,NA,iti,canvas.Screen,1_2_20_1,NA,NA,NA,NA,timeout,1002,1542568,1542580,1542597,1543581,1543582,2022-04-27T10:27:15.465Z,1543599,NA,NA,NA,NA,NA,NA,NA,NA,NA,NA,NA,NA,NA,NA,NA,NA,NA,NA,NA,NA,NA,NA,NA,POC,CEJ,POC,CEJ,2,is anders dan,2,is hetzelfde als,3,,,,,,,3,hetzelfde als,1,no,21,Is,NA,NA,NA,NA,NA,NA,NA,NA,NA,NA,NA,NA,NA,NA,NA,NA,NA,NA,NA,NA,NA,NA,NA,NA,NA,NA,NA,NA,NA,NA,NA,NA,NA,NA,NA,NA,NA,NA
e3950,164,NA,trial_sequence,flow.Sequence,1_2_20,NA,NA,NA,NA,completion,32003,1511564,1511562,1511578,1543581,1543582,2022-04-27T10:27:15.466Z,1543599,NA,NA,NA,NA,NA,NA,NA,NA,NA,NA,NA,NA,NA,NA,NA,NA,NA,NA,NA,NA,NA,NA,NA,POC,CEJ,POC,CEJ,2,is anders dan,2,is hetzelfde als,3,,,,,,,3,hetzelfde als,1,no,21,Is,NA,NA,NA,NA,NA,NA,NA,NA,NA,NA,NA,NA,NA,NA,NA,NA,NA,NA,NA,NA,NA,NA,NA,NA,NA,NA,NA,NA,NA,NA,NA,NA,NA,NA,NA,NA,NA,NA
e3950,165,NA,trial,canvas.Screen,1_2_21_0_0,NA,NA,NA,NA,response,28428,1543591,1543581,1543599,1572009,1571997,2022-04-27T10:27:43.881Z,1572033,NA,NA,NA,NA,NA,NA,NA,NA,NA,NA,NA,NA,NA,NA,NA,NA,NA,NA,NA,NA,NA,NA,NA,GOF,"NAM",GOF,FAW,2,is anders dan,2,is hetzelfde als,3,,,,,,,1,anders dan,3,yes,22,Is,"NAM",FAW,yes,mousedown @yes,yes,TRUE,NA,NA,NA,NA,NA,NA,NA,NA,NA,NA,NA,NA,NA,NA,NA,NA,NA,NA,NA,NA,NA,NA,NA,NA,NA,NA,NA,NA,NA,NA,NA,NA
e3950,165,NA,timer,html.Frame,1_2_21_0,NA,NA,NA,NA,NA,28400,1543584,1543581,1543599,1571999,1572000,2022-04-27T10:27:43.883Z,1572033,NA,NA,NA,NA,NA,NA,NA,NA,NA,NA,NA,NA,NA,NA,NA,NA,NA,NUH,HIF,BAC,YAG,VOT,11,POC,CEJ,POC,CEJ,2,is anders dan,2,is hetzelfde als,3,,,,,,,1,anders dan,3,yes,22,Is,NA,NA,NA,NA,NA,NA,NA,NA,NA,NA,NA,NA,NA,NA,NA,NA,NA,NA,NA,NA,NA,NA,NA,NA,NA,NA,NA,NA,NA,NA,NA,NA,NA,NA,NA,NA,NA,NA
e3950,165,NA,iti,canvas.Screen,1_2_21_1,NA,NA,NA,NA,timeout,1000,1572000,1572016,1572033,1573015,1573016,2022-04-27T10:27:44.899Z,1573033,NA,NA,NA,NA,NA,NA,NA,NA,NA,NA,NA,NA,NA,NA,NA,NA,NA,NA,NA,NA,NA,NA,NA,POC,CEJ,POC,CEJ,2,is anders dan,2,is hetzelfde als,3,,,,,,,1,anders dan,3,yes,22,Is,NA,NA,NA,NA,NA,NA,NA,NA,NA,NA,NA,NA,NA,NA,NA,NA,NA,NA,NA,NA,NA,NA,NA,NA,NA,NA,NA,NA,NA,NA,NA,NA,NA,NA,NA,NA,NA,NA
e3950,165,NA,trial_sequence,flow.Sequence,1_2_21,NA,NA,NA,NA,completion,29416,1543582,1543581,1543599,1573015,1573017,2022-04-27T10:27:44.900Z,1573033,NA,NA,NA,NA,NA,NA,NA,NA,NA,NA,NA,NA,NA,NA,NA,NA,NA,NA,NA,NA,NA,NA,NA,POC,CEJ,POC,CEJ,2,is anders dan,2,is hetzelfde als,3,,,,,,,1,anders dan,3,yes,22,Is,NA,NA,NA,NA,NA,NA,NA,NA,NA,NA,NA,NA,NA,NA,NA,NA,NA,NA,NA,NA,NA,NA,NA,NA,NA,NA,NA,NA,NA,NA,NA,NA,NA,NA,NA,NA,NA,NA
e3950,166,NA,trial,canvas.Screen,1_2_22_0_0,NA,NA,NA,NA,response,30530,1573023,1573015,1573033,1603545,1603531,2022-04-27T10:28:15.414Z,1603568,NA,NA,NA,NA,NA,NA,NA,NA,NA,NA,NA,NA,NA,NA,NA,NA,NA,NA,NA,NA,NA,NA,NA,NUH,HIF,YAG,NUH,2,is hetzelfde als,2,is anders dan,3,3,is hetzelfde als,4,,,,4,hetzelfde als,1,no,23,Is,HIF,BAC,no,mousedown @no,no,TRUE,BAC,YAG,NA,NA,NA,NA,NA,NA,NA,NA,NA,NA,NA,NA,NA,NA,NA,NA,NA,NA,NA,NA,NA,NA,NA,NA,NA,NA,NA,NA,NA,NA
e3950,166,NA,timer,html.Frame,1_2_22_0,NA,NA,NA,NA,NA,30500.0000000002,1573019,1573015,1573033,1603533,1603533,2022-04-27T10:28:15.416Z,1603568,NA,NA,NA,NA,NA,NA,NA,NA,NA,NA,NA,NA,NA,NA,NA,NA,NA,QIK,WEH,NER,PUY,XUZ,12,POC,CEJ,POC,CEJ,2,is hetzelfde als,2,is anders dan,3,3,is hetzelfde als,4,,,,4,hetzelfde als,1,no,23,Is,NA,NA,NA,NA,NA,NA,NA,NA,NA,NA,NA,NA,NA,NA,NA,NA,NA,NA,NA,NA,NA,NA,NA,NA,NA,NA,NA,NA,NA,NA,NA,NA,NA,NA,NA,NA,NA,NA
e3950,166,NA,iti,canvas.Screen,1_2_22_1,NA,NA,NA,NA,timeout,1000,1603533,1603552,1603568,1604551,1604551,2022-04-27T10:28:16.434Z,1604568,NA,NA,NA,NA,NA,NA,NA,NA,NA,NA,NA,NA,NA,NA,NA,NA,NA,NA,NA,NA,NA,NA,NA,POC,CEJ,POC,CEJ,2,is hetzelfde als,2,is anders dan,3,3,is hetzelfde als,4,,,,4,hetzelfde als,1,no,23,Is,NA,NA,NA,NA,NA,NA,NA,NA,NA,NA,NA,NA,NA,NA,NA,NA,NA,NA,NA,NA,NA,NA,NA,NA,NA,NA,NA,NA,NA,NA,NA,NA,NA,NA,NA,NA,NA,NA
e3950,166,NA,trial_sequence,flow.Sequence,1_2_22,NA,NA,NA,NA,completion,31518,1573017,1573015,1573033,1604551,1604552,2022-04-27T10:28:16.435Z,1604568,NA,NA,NA,NA,NA,NA,NA,NA,NA,NA,NA,NA,NA,NA,NA,NA,NA,NA,NA,NA,NA,NA,NA,POC,CEJ,POC,CEJ,2,is hetzelfde als,2,is anders dan,3,3,is hetzelfde als,4,,,,4,hetzelfde als,1,no,23,Is,NA,NA,NA,NA,NA,NA,NA,NA,NA,NA,NA,NA,NA,NA,NA,NA,NA,NA,NA,NA,NA,NA,NA,NA,NA,NA,NA,NA,NA,NA,NA,NA,NA,NA,NA,NA,NA,NA
e3950,167,NA,trial,canvas.Screen,1_2_23_0_0,NA,NA,NA,NA,timeout,31002,1604558,1604551,1604568,1635554,1635555,2022-04-27T10:28:47.437Z,1635570,NA,NA,NA,NA,NA,NA,NA,NA,NA,NA,NA,NA,NA,NA,NA,NA,NA,NA,NA,NA,NA,NA,NA,QIK,WEH,QIK,PUY,2,is hetzelfde als,2,is anders dan,3,3,is hetzelfde als,4,,,,1,anders dan,4,yes,24,Is,WEH,NER,NA,NA,NA,NA,NER,PUY,NA,NA,NA,NA,NA,NA,NA,NA,NA,NA,NA,NA,NA,NA,NA,NA,NA,NA,NA,NA,NA,NA,NA,NA,NA,NA,NA,NA,NA,NA
e3950,167,NA,timer,html.Frame,1_2_23_0,NA,NA,NA,NA,NA,30989,1604555,1604551,1604568,1635557,1635557,2022-04-27T10:28:47.440Z,1635586,NA,NA,NA,NA,NA,NA,NA,NA,NA,NA,NA,NA,NA,NA,NA,NA,NA,MEY,SUR,FAL,DIC,XAL,13,POC,CEJ,POC,CEJ,2,is hetzelfde als,2,is anders dan,3,3,is hetzelfde als,4,,,,1,anders dan,4,yes,24,Is,NA,NA,NA,NA,NA,NA,NA,NA,NA,NA,NA,NA,NA,NA,NA,NA,NA,NA,NA,NA,NA,NA,NA,NA,NA,NA,NA,NA,NA,NA,NA,NA,NA,NA,NA,NA,NA,NA
e3950,167,NA,iti,canvas.Screen,1_2_23_1,NA,NA,NA,NA,timeout,1001,1635558,1635570,1635586,1636571,1636571,2022-04-27T10:28:48.454Z,1636587,NA,NA,NA,NA,NA,NA,NA,NA,NA,NA,NA,NA,NA,NA,NA,NA,NA,NA,NA,NA,NA,NA,NA,POC,CEJ,POC,CEJ,2,is hetzelfde als,2,is anders dan,3,3,is hetzelfde als,4,,,,1,anders dan,4,yes,24,Is,NA,NA,NA,NA,NA,NA,NA,NA,NA,NA,NA,NA,NA,NA,NA,NA,NA,NA,NA,NA,NA,NA,NA,NA,NA,NA,NA,NA,NA,NA,NA,NA,NA,NA,NA,NA,NA,NA
e3950,167,NA,trial_sequence,flow.Sequence,1_2_23,NA,NA,NA,NA,completion,32003,1604552,1604551,1604568,1636571,1636572,2022-04-27T10:28:48.454Z,1636587,NA,NA,NA,NA,NA,NA,NA,NA,NA,NA,NA,NA,NA,NA,NA,NA,NA,NA,NA,NA,NA,NA,NA,POC,CEJ,POC,CEJ,2,is hetzelfde als,2,is anders dan,3,3,is hetzelfde als,4,,,,1,anders dan,4,yes,24,Is,NA,NA,NA,NA,NA,NA,NA,NA,NA,NA,NA,NA,NA,NA,NA,NA,NA,NA,NA,NA,NA,NA,NA,NA,NA,NA,NA,NA,NA,NA,NA,NA,NA,NA,NA,NA,NA,NA
e3950,168,NA,trial,canvas.Screen,1_2_24_0_0,NA,NA,NA,NA,response,18852,1636576,1636571,1636587,1655423,1655410,2022-04-27T10:29:07.292Z,1655455,NA,NA,NA,NA,NA,NA,NA,NA,NA,NA,NA,NA,NA,NA,NA,NA,NA,NA,NA,NA,NA,NA,NA,MEY,SUR,MEY,DIC,2,is hetzelfde als,2,is hetzelfde als,3,3,is anders dan,4,,,,1,hetzelfde als,4,no,25,Is,SUR,FAL,no,mousedown @no,no,TRUE,FAL,DIC,NA,NA,NA,NA,NA,NA,NA,NA,NA,NA,NA,NA,NA,NA,NA,NA,NA,NA,NA,NA,NA,NA,NA,NA,NA,NA,NA,NA,NA,NA
e3950,168,NA,timer,html.Frame,1_2_24_0,NA,NA,NA,NA,NA,18825,1636573,1636571,1636587,1655412,1655412,2022-04-27T10:29:07.294Z,1655455,NA,NA,NA,NA,NA,NA,NA,NA,NA,NA,NA,NA,NA,NA,NA,NA,NA,CEY,TEQ,JEX,CUH,GIY,14,POC,CEJ,POC,CEJ,2,is hetzelfde als,2,is hetzelfde als,3,3,is anders dan,4,,,,1,hetzelfde als,4,no,25,Is,NA,NA,NA,NA,NA,NA,NA,NA,NA,NA,NA,NA,NA,NA,NA,NA,NA,NA,NA,NA,NA,NA,NA,NA,NA,NA,NA,NA,NA,NA,NA,NA,NA,NA,NA,NA,NA,NA
e3950,168,NA,iti,canvas.Screen,1_2_24_1,NA,NA,NA,NA,timeout,1000,1655412,1655438,1655455,1656439,1656439,2022-04-27T10:29:08.321Z,1656455,NA,NA,NA,NA,NA,NA,NA,NA,NA,NA,NA,NA,NA,NA,NA,NA,NA,NA,NA,NA,NA,NA,NA,POC,CEJ,POC,CEJ,2,is hetzelfde als,2,is hetzelfde als,3,3,is anders dan,4,,,,1,hetzelfde als,4,no,25,Is,NA,NA,NA,NA,NA,NA,NA,NA,NA,NA,NA,NA,NA,NA,NA,NA,NA,NA,NA,NA,NA,NA,NA,NA,NA,NA,NA,NA,NA,NA,NA,NA,NA,NA,NA,NA,NA,NA
e3950,168,NA,trial_sequence,flow.Sequence,1_2_24,NA,NA,NA,NA,completion,19852,1636572,1636571,1636587,1656439,1656440,2022-04-27T10:29:08.322Z,1656455,NA,NA,NA,NA,NA,NA,NA,NA,NA,NA,NA,NA,NA,NA,NA,NA,NA,NA,NA,NA,NA,NA,NA,POC,CEJ,POC,CEJ,2,is hetzelfde als,2,is hetzelfde als,3,3,is anders dan,4,,,,1,hetzelfde als,4,no,25,Is,NA,NA,NA,NA,NA,NA,NA,NA,NA,NA,NA,NA,NA,NA,NA,NA,NA,NA,NA,NA,NA,NA,NA,NA,NA,NA,NA,NA,NA,NA,NA,NA,NA,NA,NA,NA,NA,NA
e3950,169,NA,trial,canvas.Screen,1_2_25_0_0,NA,NA,NA,NA,response,21254,1656446,1656439,1656455,1677693,1677678,2022-04-27T10:29:29.560Z,1677723,NA,NA,NA,NA,NA,NA,NA,NA,NA,NA,NA,NA,NA,NA,NA,NA,NA,NA,NA,NA,NA,NA,NA,CEY,TEQ,CUH,CEY,2,is hetzelfde als,2,is hetzelfde als,3,3,is anders dan,4,,,,4,anders dan,1,yes,26,Is,TEQ,JEX,yes,mousedown @yes,yes,TRUE,JEX,CUH,NA,NA,NA,NA,NA,NA,NA,NA,NA,NA,NA,NA,NA,NA,NA,NA,NA,NA,NA,NA,NA,NA,NA,NA,NA,NA,NA,NA,NA,NA
e3950,169,NA,timer,html.Frame,1_2_25_0,NA,NA,NA,NA,NA,21225,1656442,1656439,1656455,1677680,1677680,2022-04-27T10:29:29.562Z,1677723,NA,NA,NA,NA,NA,NA,NA,NA,NA,NA,NA,NA,NA,NA,NA,NA,NA,"NAX",CUL,VOV,HEQ,QAD,15,POC,CEJ,POC,CEJ,2,is hetzelfde als,2,is hetzelfde als,3,3,is anders dan,4,,,,4,anders dan,1,yes,26,Is,NA,NA,NA,NA,NA,NA,NA,NA,NA,NA,NA,NA,NA,NA,NA,NA,NA,NA,NA,NA,NA,NA,NA,NA,NA,NA,NA,NA,NA,NA,NA,NA,NA,NA,NA,NA,NA,NA
e3950,169,NA,iti,canvas.Screen,1_2_25_1,NA,NA,NA,NA,timeout,1001,1677680,1677707,1677723,1678707,1678708,2022-04-27T10:29:30.589Z,1678724,NA,NA,NA,NA,NA,NA,NA,NA,NA,NA,NA,NA,NA,NA,NA,NA,NA,NA,NA,NA,NA,NA,NA,POC,CEJ,POC,CEJ,2,is hetzelfde als,2,is hetzelfde als,3,3,is anders dan,4,,,,4,anders dan,1,yes,26,Is,NA,NA,NA,NA,NA,NA,NA,NA,NA,NA,NA,NA,NA,NA,NA,NA,NA,NA,NA,NA,NA,NA,NA,NA,NA,NA,NA,NA,NA,NA,NA,NA,NA,NA,NA,NA,NA,NA
e3950,169,NA,trial_sequence,flow.Sequence,1_2_25,NA,NA,NA,NA,completion,22252,1656440,1656439,1656455,1678707,1678708,2022-04-27T10:29:30.590Z,1678724,NA,NA,NA,NA,NA,NA,NA,NA,NA,NA,NA,NA,NA,NA,NA,NA,NA,NA,NA,NA,NA,NA,NA,POC,CEJ,POC,CEJ,2,is hetzelfde als,2,is hetzelfde als,3,3,is anders dan,4,,,,4,anders dan,1,yes,26,Is,NA,NA,NA,NA,NA,NA,NA,NA,NA,NA,NA,NA,NA,NA,NA,NA,NA,NA,NA,NA,NA,NA,NA,NA,NA,NA,NA,NA,NA,NA,NA,NA,NA,NA,NA,NA,NA,NA
e3950,170,NA,trial,canvas.Screen,1_2_26_0_0,NA,NA,NA,NA,response,30066.0000000002,1678714,1678707,1678724,1708773,1708758,2022-04-27T10:30:00.639Z,1708792,NA,NA,NA,NA,NA,NA,NA,NA,NA,NA,NA,NA,NA,NA,NA,NA,NA,NA,NA,NA,NA,NA,NA,"NAX",CUL,QAD,"NAX",2,is hetzelfde als,2,is hetzelfde als,3,3,is anders dan,4,4,is hetzelfde als,5,5,hetzelfde als,1,yes,27,Is,CUL,VOV,yes,mousedown @yes,yes,TRUE,VOV,HEQ,HEQ,QAD,NA,NA,NA,NA,NA,NA,NA,NA,NA,NA,NA,NA,NA,NA,NA,NA,NA,NA,NA,NA,NA,NA,NA,NA,NA,NA,NA,NA
e3950,170,NA,timer,html.Frame,1_2_26_0,NA,NA,NA,NA,NA,30036,1678710,1678707,1678724,1708760,1708760,2022-04-27T10:30:00.642Z,1708792,NA,NA,NA,NA,NA,NA,NA,NA,NA,NA,NA,NA,NA,NA,NA,NA,NA,SUV,WIX,MEZ,CIL,GAQ,16,POC,CEJ,POC,CEJ,2,is hetzelfde als,2,is hetzelfde als,3,3,is anders dan,4,4,is hetzelfde als,5,5,hetzelfde als,1,yes,27,Is,NA,NA,NA,NA,NA,NA,NA,NA,NA,NA,NA,NA,NA,NA,NA,NA,NA,NA,NA,NA,NA,NA,NA,NA,NA,NA,NA,NA,NA,NA,NA,NA,NA,NA,NA,NA,NA,NA
e3950,170,NA,iti,canvas.Screen,1_2_26_1,NA,NA,NA,NA,timeout,1001,1708761,1708776,1708792,1709775,1709776,2022-04-27T10:30:01.657Z,1709793,NA,NA,NA,NA,NA,NA,NA,NA,NA,NA,NA,NA,NA,NA,NA,NA,NA,NA,NA,NA,NA,NA,NA,POC,CEJ,POC,CEJ,2,is hetzelfde als,2,is hetzelfde als,3,3,is anders dan,4,4,is hetzelfde als,5,5,hetzelfde als,1,yes,27,Is,NA,NA,NA,NA,NA,NA,NA,NA,NA,NA,NA,NA,NA,NA,NA,NA,NA,NA,NA,NA,NA,NA,NA,NA,NA,NA,NA,NA,NA,NA,NA,NA,NA,NA,NA,NA,NA,NA
e3950,170,NA,trial_sequence,flow.Sequence,1_2_26,NA,NA,NA,NA,completion,31051,1678708,1678707,1678724,1709775,1709776,2022-04-27T10:30:01.658Z,1709793,NA,NA,NA,NA,NA,NA,NA,NA,NA,NA,NA,NA,NA,NA,NA,NA,NA,NA,NA,NA,NA,NA,NA,POC,CEJ,POC,CEJ,2,is hetzelfde als,2,is hetzelfde als,3,3,is anders dan,4,4,is hetzelfde als,5,5,hetzelfde als,1,yes,27,Is,NA,NA,NA,NA,NA,NA,NA,NA,NA,NA,NA,NA,NA,NA,NA,NA,NA,NA,NA,NA,NA,NA,NA,NA,NA,NA,NA,NA,NA,NA,NA,NA,NA,NA,NA,NA,NA,NA
e3950,171,NA,trial,canvas.Screen,1_2_27_0_0,NA,NA,NA,NA,response,16636,1709784,1709775,1709793,1726411,1726397,2022-04-27T10:30:18.277Z,1726427,NA,NA,NA,NA,NA,NA,NA,NA,NA,NA,NA,NA,NA,NA,NA,NA,NA,NA,NA,NA,NA,NA,NA,SUV,WIX,SUV,GAQ,2,is hetzelfde als,2,is hetzelfde als,3,3,is anders dan,4,4,is hetzelfde als,5,1,anders dan,5,yes,28,Is,WIX,MEZ,yes,mousedown @yes,yes,TRUE,MEZ,CIL,CIL,GAQ,NA,NA,NA,NA,NA,NA,NA,NA,NA,NA,NA,NA,NA,NA,NA,NA,NA,NA,NA,NA,NA,NA,NA,NA,NA,NA,NA,NA
e3950,171,NA,timer,html.Frame,1_2_27_0,NA,NA,NA,NA,NA,16605.0000000002,1709778,1709775,1709793,1726398,1726399,2022-04-27T10:30:18.280Z,1726427,NA,NA,NA,NA,NA,NA,NA,NA,NA,NA,NA,NA,NA,NA,NA,NA,NA,QUP,XEW,BIQ,QAH,CIN,17,POC,CEJ,POC,CEJ,2,is hetzelfde als,2,is hetzelfde als,3,3,is anders dan,4,4,is hetzelfde als,5,1,anders dan,5,yes,28,Is,NA,NA,NA,NA,NA,NA,NA,NA,NA,NA,NA,NA,NA,NA,NA,NA,NA,NA,NA,NA,NA,NA,NA,NA,NA,NA,NA,NA,NA,NA,NA,NA,NA,NA,NA,NA,NA,NA
e3950,171,NA,iti,canvas.Screen,1_2_27_1,NA,NA,NA,NA,timeout,999,1726399,1726409,1726427,1727410,1727411,2022-04-27T10:30:19.292Z,1727426,NA,NA,NA,NA,NA,NA,NA,NA,NA,NA,NA,NA,NA,NA,NA,NA,NA,NA,NA,NA,NA,NA,NA,POC,CEJ,POC,CEJ,2,is hetzelfde als,2,is hetzelfde als,3,3,is anders dan,4,4,is hetzelfde als,5,1,anders dan,5,yes,28,Is,NA,NA,NA,NA,NA,NA,NA,NA,NA,NA,NA,NA,NA,NA,NA,NA,NA,NA,NA,NA,NA,NA,NA,NA,NA,NA,NA,NA,NA,NA,NA,NA,NA,NA,NA,NA,NA,NA
e3950,171,NA,trial_sequence,flow.Sequence,1_2_27,NA,NA,NA,NA,completion,17617,1709777,1709775,1709793,1727410,1727411,2022-04-27T10:30:19.292Z,1727426,NA,NA,NA,NA,NA,NA,NA,NA,NA,NA,NA,NA,NA,NA,NA,NA,NA,NA,NA,NA,NA,NA,NA,POC,CEJ,POC,CEJ,2,is hetzelfde als,2,is hetzelfde als,3,3,is anders dan,4,4,is hetzelfde als,5,1,anders dan,5,yes,28,Is,NA,NA,NA,NA,NA,NA,NA,NA,NA,NA,NA,NA,NA,NA,NA,NA,NA,NA,NA,NA,NA,NA,NA,NA,NA,NA,NA,NA,NA,NA,NA,NA,NA,NA,NA,NA,NA,NA
e3950,172,NA,trial,canvas.Screen,1_2_28_0_0,NA,NA,NA,NA,timeout,31003,1727417,1727410,1727426,1758412,1758413,2022-04-27T10:30:50.293Z,1758429,NA,NA,NA,NA,NA,NA,NA,NA,NA,NA,NA,NA,NA,NA,NA,NA,NA,NA,NA,NA,NA,NA,NA,QUP,XEW,CIN,QUP,2,is hetzelfde als,2,is anders dan,3,3,is hetzelfde als,4,4,is hetzelfde als,5,5,hetzelfde als,1,no,29,Is,XEW,BIQ,NA,NA,NA,NA,BIQ,QAH,QAH,CIN,NA,NA,NA,NA,NA,NA,NA,NA,NA,NA,NA,NA,NA,NA,NA,NA,NA,NA,NA,NA,NA,NA,NA,NA,NA,NA,NA,NA
e3950,172,NA,timer,html.Frame,1_2_28_0,NA,NA,NA,NA,NA,30989,1727413,1727410,1727426,1758415,1758416,2022-04-27T10:30:50.296Z,1758446,NA,NA,NA,NA,NA,NA,NA,NA,NA,NA,NA,NA,NA,NA,NA,NA,NA,NIJ,NEH,WUB,XUT,RIX,18,POC,CEJ,POC,CEJ,2,is hetzelfde als,2,is anders dan,3,3,is hetzelfde als,4,4,is hetzelfde als,5,5,hetzelfde als,1,no,29,Is,NA,NA,NA,NA,NA,NA,NA,NA,NA,NA,NA,NA,NA,NA,NA,NA,NA,NA,NA,NA,NA,NA,NA,NA,NA,NA,NA,NA,NA,NA,NA,NA,NA,NA,NA,NA,NA,NA
e3950,172,NA,iti,canvas.Screen,1_2_28_1,NA,NA,NA,NA,timeout,999,1758416,1758429,1758446,1759428,1759429,2022-04-27T10:30:51.309Z,1759445,NA,NA,NA,NA,NA,NA,NA,NA,NA,NA,NA,NA,NA,NA,NA,NA,NA,NA,NA,NA,NA,NA,NA,POC,CEJ,POC,CEJ,2,is hetzelfde als,2,is anders dan,3,3,is hetzelfde als,4,4,is hetzelfde als,5,5,hetzelfde als,1,no,29,Is,NA,NA,NA,NA,NA,NA,NA,NA,NA,NA,NA,NA,NA,NA,NA,NA,NA,NA,NA,NA,NA,NA,NA,NA,NA,NA,NA,NA,NA,NA,NA,NA,NA,NA,NA,NA,NA,NA
e3950,172,NA,trial_sequence,flow.Sequence,1_2_28,NA,NA,NA,NA,completion,32002,1727412,1727410,1727426,1759428,1759429,2022-04-27T10:30:51.310Z,1759445,NA,NA,NA,NA,NA,NA,NA,NA,NA,NA,NA,NA,NA,NA,NA,NA,NA,NA,NA,NA,NA,NA,NA,POC,CEJ,POC,CEJ,2,is hetzelfde als,2,is anders dan,3,3,is hetzelfde als,4,4,is hetzelfde als,5,5,hetzelfde als,1,no,29,Is,NA,NA,NA,NA,NA,NA,NA,NA,NA,NA,NA,NA,NA,NA,NA,NA,NA,NA,NA,NA,NA,NA,NA,NA,NA,NA,NA,NA,NA,NA,NA,NA,NA,NA,NA,NA,NA,NA
e3950,173,NA,trial,canvas.Screen,1_2_29_0_0,NA,NA,NA,NA,timeout,31002,1759436,1759428,1759445,1790431,1790432,2022-04-27T10:31:22.312Z,1790447,NA,NA,NA,NA,NA,NA,NA,NA,NA,NA,NA,NA,NA,NA,NA,NA,NA,NA,NA,NA,NA,NA,NA,NIJ,NEH,NIJ,RIX,2,is hetzelfde als,2,is anders dan,3,3,is hetzelfde als,4,4,is hetzelfde als,5,1,hetzelfde als,5,no,30,Is,NEH,WUB,NA,NA,NA,NA,WUB,XUT,XUT,RIX,NA,NA,NA,NA,NA,NA,NA,NA,NA,NA,NA,NA,NA,NA,NA,NA,NA,NA,NA,NA,NA,NA,NA,NA,NA,NA,NA,NA
e3950,173,NA,timer,html.Frame,1_2_29_0,NA,NA,NA,NA,NA,30989,1759431,1759428,1759445,1790434,1790435,2022-04-27T10:31:22.315Z,1790464,NA,NA,NA,NA,NA,NA,NA,NA,NA,NA,NA,NA,NA,NA,NA,NA,NA,LEZ,VIY,CIZ,KER,DOY,19,POC,CEJ,POC,CEJ,2,is hetzelfde als,2,is anders dan,3,3,is hetzelfde als,4,4,is hetzelfde als,5,1,hetzelfde als,5,no,30,Is,NA,NA,NA,NA,NA,NA,NA,NA,NA,NA,NA,NA,NA,NA,NA,NA,NA,NA,NA,NA,NA,NA,NA,NA,NA,NA,NA,NA,NA,NA,NA,NA,NA,NA,NA,NA,NA,NA
e3950,173,NA,iti,canvas.Screen,1_2_29_1,NA,NA,NA,NA,timeout,1001,1790435,1790447,1790464,1791448,1791449,2022-04-27T10:31:23.329Z,1791465,NA,NA,NA,NA,NA,NA,NA,NA,NA,NA,NA,NA,NA,NA,NA,NA,NA,NA,NA,NA,NA,NA,NA,POC,CEJ,POC,CEJ,2,is hetzelfde als,2,is anders dan,3,3,is hetzelfde als,4,4,is hetzelfde als,5,1,hetzelfde als,5,no,30,Is,NA,NA,NA,NA,NA,NA,NA,NA,NA,NA,NA,NA,NA,NA,NA,NA,NA,NA,NA,NA,NA,NA,NA,NA,NA,NA,NA,NA,NA,NA,NA,NA,NA,NA,NA,NA,NA,NA
e3950,173,NA,trial_sequence,flow.Sequence,1_2_29,NA,NA,NA,NA,completion,32003,1759429,1759428,1759445,1791448,1791450,2022-04-27T10:31:23.330Z,1791465,NA,NA,NA,NA,NA,NA,NA,NA,NA,NA,NA,NA,NA,NA,NA,NA,NA,NA,NA,NA,NA,NA,NA,POC,CEJ,POC,CEJ,2,is hetzelfde als,2,is anders dan,3,3,is hetzelfde als,4,4,is hetzelfde als,5,1,hetzelfde als,5,no,30,Is,NA,NA,NA,NA,NA,NA,NA,NA,NA,NA,NA,NA,NA,NA,NA,NA,NA,NA,NA,NA,NA,NA,NA,NA,NA,NA,NA,NA,NA,NA,NA,NA,NA,NA,NA,NA,NA,NA
e3950,174,NA,trial,canvas.Screen,1_2_30_0_0,NA,NA,NA,NA,response,18936,1791456,1791448,1791465,1810384,1810368,2022-04-27T10:31:42.248Z,1810399,NA,NA,NA,NA,NA,NA,NA,NA,NA,NA,NA,NA,NA,NA,NA,NA,NA,NA,NA,NA,NA,NA,NA,LEZ,VIY,DOY,LEZ,2,is hetzelfde als,2,is anders dan,3,3,is hetzelfde als,4,4,is hetzelfde als,5,5,anders dan,1,yes,31,Is,VIY,CIZ,yes,mousedown @yes,yes,TRUE,CIZ,KER,KER,DOY,NA,NA,NA,NA,NA,NA,NA,NA,NA,NA,NA,NA,NA,NA,NA,NA,NA,NA,NA,NA,NA,NA,NA,NA,NA,NA,NA,NA
e3950,174,NA,timer,html.Frame,1_2_30_0,NA,NA,NA,NA,NA,18905.0000000002,1791452,1791448,1791465,1810370,1810371,2022-04-27T10:31:42.250Z,1810399,NA,NA,NA,NA,NA,NA,NA,NA,NA,NA,NA,NA,NA,NA,NA,NA,NA,MUX,TIZ,MOJ,CUG,QIL,20,POC,CEJ,POC,CEJ,2,is hetzelfde als,2,is anders dan,3,3,is hetzelfde als,4,4,is hetzelfde als,5,5,anders dan,1,yes,31,Is,NA,NA,NA,NA,NA,NA,NA,NA,NA,NA,NA,NA,NA,NA,NA,NA,NA,NA,NA,NA,NA,NA,NA,NA,NA,NA,NA,NA,NA,NA,NA,NA,NA,NA,NA,NA,NA,NA
e3950,174,NA,iti,canvas.Screen,1_2_30_1,NA,NA,NA,NA,timeout,1002,1810371,1810383,1810399,1811382,1811383,2022-04-27T10:31:43.263Z,1811401,NA,NA,NA,NA,NA,NA,NA,NA,NA,NA,NA,NA,NA,NA,NA,NA,NA,NA,NA,NA,NA,NA,NA,POC,CEJ,POC,CEJ,2,is hetzelfde als,2,is anders dan,3,3,is hetzelfde als,4,4,is hetzelfde als,5,5,anders dan,1,yes,31,Is,NA,NA,NA,NA,NA,NA,NA,NA,NA,NA,NA,NA,NA,NA,NA,NA,NA,NA,NA,NA,NA,NA,NA,NA,NA,NA,NA,NA,NA,NA,NA,NA,NA,NA,NA,NA,NA,NA
e3950,174,NA,trial_sequence,flow.Sequence,1_2_30,NA,NA,NA,NA,completion,19917,1791450,1791448,1791465,1811382,1811383,2022-04-27T10:31:43.263Z,1811401,NA,NA,NA,NA,NA,NA,NA,NA,NA,NA,NA,NA,NA,NA,NA,NA,NA,NA,NA,NA,NA,NA,NA,POC,CEJ,POC,CEJ,2,is hetzelfde als,2,is anders dan,3,3,is hetzelfde als,4,4,is hetzelfde als,5,5,anders dan,1,yes,31,Is,NA,NA,NA,NA,NA,NA,NA,NA,NA,NA,NA,NA,NA,NA,NA,NA,NA,NA,NA,NA,NA,NA,NA,NA,NA,NA,NA,NA,NA,NA,NA,NA,NA,NA,NA,NA,NA,NA
e3950,175,NA,trial,canvas.Screen,1_2_31_0_0,NA,NA,NA,NA,timeout,31000,1811393,1811382,1811401,1842384,1842385,2022-04-27T10:32:14.264Z,1842401,NA,NA,NA,NA,NA,NA,NA,NA,NA,NA,NA,NA,NA,NA,NA,NA,NA,NA,NA,NA,NA,NA,NA,MUX,TIZ,MUX,QIL,2,is hetzelfde als,2,is anders dan,3,3,is hetzelfde als,4,4,is hetzelfde als,5,1,anders dan,5,yes,32,Is,TIZ,MOJ,NA,NA,NA,NA,MOJ,CUG,CUG,QIL,NA,NA,NA,NA,NA,NA,NA,NA,NA,NA,NA,NA,NA,NA,NA,NA,NA,NA,NA,NA,NA,NA,NA,NA,NA,NA,NA,NA
e3950,175,NA,timer,html.Frame,1_2_31_0,NA,NA,NA,NA,NA,30986,1811386,1811382,1811401,1842387,1842388,2022-04-27T10:32:14.267Z,1842418,NA,NA,NA,NA,NA,NA,NA,NA,NA,NA,NA,NA,NA,NA,NA,NA,NA,YOH,DEF,FIV,KAZ,TIF,21,POC,CEJ,POC,CEJ,2,is hetzelfde als,2,is anders dan,3,3,is hetzelfde als,4,4,is hetzelfde als,5,1,anders dan,5,yes,32,Is,NA,NA,NA,NA,NA,NA,NA,NA,NA,NA,NA,NA,NA,NA,NA,NA,NA,NA,NA,NA,NA,NA,NA,NA,NA,NA,NA,NA,NA,NA,NA,NA,NA,NA,NA,NA,NA,NA
e3950,175,NA,iti,canvas.Screen,1_2_31_1,NA,NA,NA,NA,timeout,999,1842388,1842401,1842418,1843402,1843402,2022-04-27T10:32:15.281Z,1843417,NA,NA,NA,NA,NA,NA,NA,NA,NA,NA,NA,NA,NA,NA,NA,NA,NA,NA,NA,NA,NA,NA,NA,POC,CEJ,POC,CEJ,2,is hetzelfde als,2,is anders dan,3,3,is hetzelfde als,4,4,is hetzelfde als,5,1,anders dan,5,yes,32,Is,NA,NA,NA,NA,NA,NA,NA,NA,NA,NA,NA,NA,NA,NA,NA,NA,NA,NA,NA,NA,NA,NA,NA,NA,NA,NA,NA,NA,NA,NA,NA,NA,NA,NA,NA,NA,NA,NA
e3950,175,NA,trial_sequence,flow.Sequence,1_2_31,NA,NA,NA,NA,completion,32001,1811384,1811382,1811401,1843402,1843403,2022-04-27T10:32:15.282Z,1843417,NA,NA,NA,NA,NA,NA,NA,NA,NA,NA,NA,NA,NA,NA,NA,NA,NA,NA,NA,NA,NA,NA,NA,POC,CEJ,POC,CEJ,2,is hetzelfde als,2,is anders dan,3,3,is hetzelfde als,4,4,is hetzelfde als,5,1,anders dan,5,yes,32,Is,NA,NA,NA,NA,NA,NA,NA,NA,NA,NA,NA,NA,NA,NA,NA,NA,NA,NA,NA,NA,NA,NA,NA,NA,NA,NA,NA,NA,NA,NA,NA,NA,NA,NA,NA,NA,NA,NA
e3950,176,NA,trial,canvas.Screen,1_2_32_0_0,NA,NA,NA,NA,response,14455,1843409,1843402,1843417,1857857,1857840,2022-04-27T10:32:29.719Z,1857886,NA,NA,NA,NA,NA,NA,NA,NA,NA,NA,NA,NA,NA,NA,NA,NA,NA,NA,NA,NA,NA,NA,NA,YOH,DEF,YOH,FIV,3,is meer dan,2,is meer dan,3,,,,,,,1,meer dan,3,yes,33,Is,DEF,FIV,no,mousedown @no,yes,FALSE,NA,NA,NA,NA,NA,NA,NA,NA,NA,NA,NA,NA,NA,NA,NA,NA,NA,NA,NA,NA,NA,NA,NA,NA,NA,NA,NA,NA,NA,NA,NA,NA
e3950,176,NA,timer,html.Frame,1_2_32_0,NA,NA,NA,NA,NA,14424.0000000002,1843405,1843402,1843417,1857841,1857842,2022-04-27T10:32:29.721Z,1857886,NA,NA,NA,NA,NA,NA,NA,NA,NA,NA,NA,NA,NA,NA,NA,NA,NA,HOZ,NUD,QIV,YAC,FEK,NA,POC,CEJ,POC,CEJ,3,is meer dan,2,is meer dan,3,,,,,,,1,meer dan,3,yes,33,Is,NA,NA,NA,NA,NA,NA,NA,NA,NA,NA,NA,NA,NA,NA,NA,NA,NA,NA,NA,NA,NA,NA,NA,NA,NA,NA,NA,NA,NA,NA,NA,NA,NA,NA,NA,NA,NA,NA
e3950,176,NA,iti,canvas.Screen,1_2_32_1,NA,NA,NA,NA,timeout,999,1857842,1857869,1857886,1858869,1858870,2022-04-27T10:32:30.749Z,1858885,NA,NA,NA,NA,NA,NA,NA,NA,NA,NA,NA,NA,NA,NA,NA,NA,NA,NA,NA,NA,NA,NA,NA,POC,CEJ,POC,CEJ,3,is meer dan,2,is meer dan,3,,,,,,,1,meer dan,3,yes,33,Is,NA,NA,NA,NA,NA,NA,NA,NA,NA,NA,NA,NA,NA,NA,NA,NA,NA,NA,NA,NA,NA,NA,NA,NA,NA,NA,NA,NA,NA,NA,NA,NA,NA,NA,NA,NA,NA,NA
e3950,176,NA,trial_sequence,flow.Sequence,1_2_32,NA,NA,NA,NA,completion,15452,1843403,1843402,1843417,1858869,1858870,2022-04-27T10:32:30.749Z,1858885,NA,NA,NA,NA,NA,NA,NA,NA,NA,NA,NA,NA,NA,NA,NA,NA,NA,NA,NA,NA,NA,NA,NA,POC,CEJ,POC,CEJ,3,is meer dan,2,is meer dan,3,,,,,,,1,meer dan,3,yes,33,Is,NA,NA,NA,NA,NA,NA,NA,NA,NA,NA,NA,NA,NA,NA,NA,NA,NA,NA,NA,NA,NA,NA,NA,NA,NA,NA,NA,NA,NA,NA,NA,NA,NA,NA,NA,NA,NA,NA
e3950,177,NA,trial,canvas.Screen,1_2_33_0_0,NA,NA,NA,NA,response,18101,1858876,1858869,1858885,1876970,1876953,2022-04-27T10:32:48.831Z,1876987,NA,NA,NA,NA,NA,NA,NA,NA,NA,NA,NA,NA,NA,NA,NA,NA,NA,NA,NA,NA,NA,NA,NA,HOZ,NUD,QIV,HOZ,3,is meer dan,2,is meer dan,3,,,,,,,3,minder dan,1,yes,34,Is,NUD,QIV,no,mousedown @no,yes,FALSE,NA,NA,NA,NA,NA,NA,NA,NA,NA,NA,NA,NA,NA,NA,NA,NA,NA,NA,NA,NA,NA,NA,NA,NA,NA,NA,NA,NA,NA,NA,NA,NA
e3950,177,NA,timer,html.Frame,1_2_33_0,NA,NA,NA,NA,NA,18069,1858872,1858869,1858885,1876954,1876954,2022-04-27T10:32:48.833Z,1876987,NA,NA,NA,NA,NA,NA,NA,NA,NA,NA,NA,NA,NA,NA,NA,NA,NA,VAP,KEQ,LIQ,QUY,VEP,NA,POC,CEJ,POC,CEJ,3,is meer dan,2,is meer dan,3,,,,,,,3,minder dan,1,yes,34,Is,NA,NA,NA,NA,NA,NA,NA,NA,NA,NA,NA,NA,NA,NA,NA,NA,NA,NA,NA,NA,NA,NA,NA,NA,NA,NA,NA,NA,NA,NA,NA,NA,NA,NA,NA,NA,NA,NA
e3950,177,NA,iti,canvas.Screen,1_2_33_1,NA,NA,NA,NA,timeout,1000,1876954,1876970,1876987,1877971,1877971,2022-04-27T10:32:49.850Z,1877987,NA,NA,NA,NA,NA,NA,NA,NA,NA,NA,NA,NA,NA,NA,NA,NA,NA,NA,NA,NA,NA,NA,NA,POC,CEJ,POC,CEJ,3,is meer dan,2,is meer dan,3,,,,,,,3,minder dan,1,yes,34,Is,NA,NA,NA,NA,NA,NA,NA,NA,NA,NA,NA,NA,NA,NA,NA,NA,NA,NA,NA,NA,NA,NA,NA,NA,NA,NA,NA,NA,NA,NA,NA,NA,NA,NA,NA,NA,NA,NA
e3950,177,NA,trial_sequence,flow.Sequence,1_2_33,NA,NA,NA,NA,completion,19086,1858871,1858869,1858885,1877971,1877972,2022-04-27T10:32:49.851Z,1877987,NA,NA,NA,NA,NA,NA,NA,NA,NA,NA,NA,NA,NA,NA,NA,NA,NA,NA,NA,NA,NA,NA,NA,POC,CEJ,POC,CEJ,3,is meer dan,2,is meer dan,3,,,,,,,3,minder dan,1,yes,34,Is,NA,NA,NA,NA,NA,NA,NA,NA,NA,NA,NA,NA,NA,NA,NA,NA,NA,NA,NA,NA,NA,NA,NA,NA,NA,NA,NA,NA,NA,NA,NA,NA,NA,NA,NA,NA,NA,NA
e3950,178,NA,trial,canvas.Screen,1_2_34_0_0,NA,NA,NA,NA,response,29137,1877978,1877971,1877987,1907108,1907091,2022-04-27T10:33:18.969Z,1907139,NA,NA,NA,NA,NA,NA,NA,NA,NA,NA,NA,NA,NA,NA,NA,NA,NA,NA,NA,NA,NA,NA,NA,VAP,KEQ,VAP,LIQ,3,is meer dan,3,is minder dan,2,,,,,,,1,meer dan,3,yes,35,Is,LIQ,KEQ,no,mousedown @no,yes,FALSE,NA,NA,NA,NA,NA,NA,NA,NA,NA,NA,NA,NA,NA,NA,NA,NA,NA,NA,NA,NA,NA,NA,NA,NA,NA,NA,NA,NA,NA,NA,NA,NA
e3950,178,NA,timer,html.Frame,1_2_34_0,NA,NA,NA,NA,NA,29108,1877974,1877971,1877987,1907095,1907095,2022-04-27T10:33:18.973Z,1907139,NA,NA,NA,NA,NA,NA,NA,NA,NA,NA,NA,NA,NA,NA,NA,NA,NA,PEH,KAV,XIM,MUY,TOQ,NA,POC,CEJ,POC,CEJ,3,is meer dan,3,is minder dan,2,,,,,,,1,meer dan,3,yes,35,Is,NA,NA,NA,NA,NA,NA,NA,NA,NA,NA,NA,NA,NA,NA,NA,NA,NA,NA,NA,NA,NA,NA,NA,NA,NA,NA,NA,NA,NA,NA,NA,NA,NA,NA,NA,NA,NA,NA
e3950,178,NA,iti,canvas.Screen,1_2_34_1,NA,NA,NA,NA,timeout,1001,1907095,1907123,1907139,1908122,1908122,2022-04-27T10:33:20.000Z,1908140,NA,NA,NA,NA,NA,NA,NA,NA,NA,NA,NA,NA,NA,NA,NA,NA,NA,NA,NA,NA,NA,NA,NA,POC,CEJ,POC,CEJ,3,is meer dan,3,is minder dan,2,,,,,,,1,meer dan,3,yes,35,Is,NA,NA,NA,NA,NA,NA,NA,NA,NA,NA,NA,NA,NA,NA,NA,NA,NA,NA,NA,NA,NA,NA,NA,NA,NA,NA,NA,NA,NA,NA,NA,NA,NA,NA,NA,NA,NA,NA
e3950,178,NA,trial_sequence,flow.Sequence,1_2_34,NA,NA,NA,NA,completion,30135,1877972,1877971,1877987,1908122,1908123,2022-04-27T10:33:20.001Z,1908140,NA,NA,NA,NA,NA,NA,NA,NA,NA,NA,NA,NA,NA,NA,NA,NA,NA,NA,NA,NA,NA,NA,NA,POC,CEJ,POC,CEJ,3,is meer dan,3,is minder dan,2,,,,,,,1,meer dan,3,yes,35,Is,NA,NA,NA,NA,NA,NA,NA,NA,NA,NA,NA,NA,NA,NA,NA,NA,NA,NA,NA,NA,NA,NA,NA,NA,NA,NA,NA,NA,NA,NA,NA,NA,NA,NA,NA,NA,NA,NA
e3950,179,NA,trial,canvas.Screen,1_2_35_0_0,NA,NA,NA,NA,response,18864,1908127,1908122,1908140,1926986,1926970,2022-04-27T10:33:38.848Z,1927006,NA,NA,NA,NA,NA,NA,NA,NA,NA,NA,NA,NA,NA,NA,NA,NA,NA,NA,NA,NA,NA,NA,NA,PEH,KAV,XIM,PEH,3,is meer dan,3,is minder dan,2,,,,,,,3,minder dan,1,yes,36,Is,XIM,KAV,yes,mousedown @yes,yes,TRUE,NA,NA,NA,NA,NA,NA,NA,NA,NA,NA,NA,NA,NA,NA,NA,NA,NA,NA,NA,NA,NA,NA,NA,NA,NA,NA,NA,NA,NA,NA,NA,NA
e3950,179,NA,timer,html.Frame,1_2_35_0,NA,NA,NA,NA,NA,18831,1908124,1908122,1908140,1926971,1926971,2022-04-27T10:33:38.849Z,1927006,NA,NA,NA,NA,NA,NA,NA,NA,NA,NA,NA,NA,NA,NA,NA,NA,NA,LUP,FOM,FUM,XUK,VEY,22,POC,CEJ,POC,CEJ,3,is meer dan,3,is minder dan,2,,,,,,,3,minder dan,1,yes,36,Is,NA,NA,NA,NA,NA,NA,NA,NA,NA,NA,NA,NA,NA,NA,NA,NA,NA,NA,NA,NA,NA,NA,NA,NA,NA,NA,NA,NA,NA,NA,NA,NA,NA,NA,NA,NA,NA,NA
e3950,179,NA,iti,canvas.Screen,1_2_35_1,NA,NA,NA,NA,timeout,1001,1926971,1926991,1927006,1927990,1927990,2022-04-27T10:33:39.868Z,1928007,NA,NA,NA,NA,NA,NA,NA,NA,NA,NA,NA,NA,NA,NA,NA,NA,NA,NA,NA,NA,NA,NA,NA,POC,CEJ,POC,CEJ,3,is meer dan,3,is minder dan,2,,,,,,,3,minder dan,1,yes,36,Is,NA,NA,NA,NA,NA,NA,NA,NA,NA,NA,NA,NA,NA,NA,NA,NA,NA,NA,NA,NA,NA,NA,NA,NA,NA,NA,NA,NA,NA,NA,NA,NA,NA,NA,NA,NA,NA,NA
e3950,179,NA,trial_sequence,flow.Sequence,1_2_35,NA,NA,NA,NA,completion,19850,1908123,1908122,1908140,1927990,1927991,2022-04-27T10:33:39.869Z,1928007,NA,NA,NA,NA,NA,NA,NA,NA,NA,NA,NA,NA,NA,NA,NA,NA,NA,NA,NA,NA,NA,NA,NA,POC,CEJ,POC,CEJ,3,is meer dan,3,is minder dan,2,,,,,,,3,minder dan,1,yes,36,Is,NA,NA,NA,NA,NA,NA,NA,NA,NA,NA,NA,NA,NA,NA,NA,NA,NA,NA,NA,NA,NA,NA,NA,NA,NA,NA,NA,NA,NA,NA,NA,NA,NA,NA,NA,NA,NA,NA
e3950,180,NA,trial,canvas.Screen,1_2_36_0_0,NA,NA,NA,NA,timeout,31002,1927996,1927990,1928007,1958992,1958993,2022-04-27T10:34:10.870Z,1959009,NA,NA,NA,NA,NA,NA,NA,NA,NA,NA,NA,NA,NA,NA,NA,NA,NA,NA,NA,NA,NA,NA,NA,LUP,FOM,LUP,FUM,3,is minder dan,2,is minder dan,3,,,,,,,1,meer dan,3,no,37,Is,FOM,FUM,NA,NA,NA,NA,NA,NA,NA,NA,NA,NA,NA,NA,NA,NA,NA,NA,NA,NA,NA,NA,NA,NA,NA,NA,NA,NA,NA,NA,NA,NA,NA,NA,NA,NA,NA,NA
e3950,180,NA,timer,html.Frame,1_2_36_0,NA,NA,NA,NA,NA,30988.0000000002,1927993,1927990,1928007,1958995,1958996,2022-04-27T10:34:10.873Z,1959026,NA,NA,NA,NA,NA,NA,NA,NA,NA,NA,NA,NA,NA,NA,NA,NA,NA,FUX,TES,SIH,GUV,NIG,23,POC,CEJ,POC,CEJ,3,is minder dan,2,is minder dan,3,,,,,,,1,meer dan,3,no,37,Is,NA,NA,NA,NA,NA,NA,NA,NA,NA,NA,NA,NA,NA,NA,NA,NA,NA,NA,NA,NA,NA,NA,NA,NA,NA,NA,NA,NA,NA,NA,NA,NA,NA,NA,NA,NA,NA,NA
e3950,180,NA,iti,canvas.Screen,1_2_36_1,NA,NA,NA,NA,timeout,1002,1958996,1959009,1959026,1960010,1960010,2022-04-27T10:34:11.888Z,1960028,NA,NA,NA,NA,NA,NA,NA,NA,NA,NA,NA,NA,NA,NA,NA,NA,NA,NA,NA,NA,NA,NA,NA,POC,CEJ,POC,CEJ,3,is minder dan,2,is minder dan,3,,,,,,,1,meer dan,3,no,37,Is,NA,NA,NA,NA,NA,NA,NA,NA,NA,NA,NA,NA,NA,NA,NA,NA,NA,NA,NA,NA,NA,NA,NA,NA,NA,NA,NA,NA,NA,NA,NA,NA,NA,NA,NA,NA,NA,NA
e3950,180,NA,trial_sequence,flow.Sequence,1_2_36,NA,NA,NA,NA,completion,32003,1927991,1927990,1928007,1960010,1960011,2022-04-27T10:34:11.888Z,1960028,NA,NA,NA,NA,NA,NA,NA,NA,NA,NA,NA,NA,NA,NA,NA,NA,NA,NA,NA,NA,NA,NA,NA,POC,CEJ,POC,CEJ,3,is minder dan,2,is minder dan,3,,,,,,,1,meer dan,3,no,37,Is,NA,NA,NA,NA,NA,NA,NA,NA,NA,NA,NA,NA,NA,NA,NA,NA,NA,NA,NA,NA,NA,NA,NA,NA,NA,NA,NA,NA,NA,NA,NA,NA,NA,NA,NA,NA,NA,NA
e3950,181,NA,trial,canvas.Screen,1_2_37_0_0,NA,NA,NA,NA,timeout,30999,1960018,1960010,1960028,1991011,1991013,2022-04-27T10:34:42.889Z,1991027,NA,NA,NA,NA,NA,NA,NA,NA,NA,NA,NA,NA,NA,NA,NA,NA,NA,NA,NA,NA,NA,NA,NA,FUX,TES,SIH,FUX,3,is minder dan,2,is minder dan,3,,,,,,,3,minder dan,1,no,38,Is,TES,SIH,NA,NA,NA,NA,NA,NA,NA,NA,NA,NA,NA,NA,NA,NA,NA,NA,NA,NA,NA,NA,NA,NA,NA,NA,NA,NA,NA,NA,NA,NA,NA,NA,NA,NA,NA,NA
e3950,181,NA,timer,html.Frame,1_2_37_0,NA,NA,NA,NA,NA,30987,1960012,1960010,1960028,1991015,1991015,2022-04-27T10:34:42.892Z,1991044,NA,NA,NA,NA,NA,NA,NA,NA,NA,NA,NA,NA,NA,NA,NA,NA,NA,DUM,SOC,DUK,WEC,CER,24,POC,CEJ,POC,CEJ,3,is minder dan,2,is minder dan,3,,,,,,,3,minder dan,1,no,38,Is,NA,NA,NA,NA,NA,NA,NA,NA,NA,NA,NA,NA,NA,NA,NA,NA,NA,NA,NA,NA,NA,NA,NA,NA,NA,NA,NA,NA,NA,NA,NA,NA,NA,NA,NA,NA,NA,NA
e3950,181,NA,iti,canvas.Screen,1_2_37_1,NA,NA,NA,NA,timeout,1002,1991016,1991027,1991044,1992028,1992028,2022-04-27T10:34:43.905Z,1992046,NA,NA,NA,NA,NA,NA,NA,NA,NA,NA,NA,NA,NA,NA,NA,NA,NA,NA,NA,NA,NA,NA,NA,POC,CEJ,POC,CEJ,3,is minder dan,2,is minder dan,3,,,,,,,3,minder dan,1,no,38,Is,NA,NA,NA,NA,NA,NA,NA,NA,NA,NA,NA,NA,NA,NA,NA,NA,NA,NA,NA,NA,NA,NA,NA,NA,NA,NA,NA,NA,NA,NA,NA,NA,NA,NA,NA,NA,NA,NA
e3950,181,NA,trial_sequence,flow.Sequence,1_2_37,NA,NA,NA,NA,completion,32000,1960011,1960010,1960028,1992028,1992029,2022-04-27T10:34:43.906Z,1992046,NA,NA,NA,NA,NA,NA,NA,NA,NA,NA,NA,NA,NA,NA,NA,NA,NA,NA,NA,NA,NA,NA,NA,POC,CEJ,POC,CEJ,3,is minder dan,2,is minder dan,3,,,,,,,3,minder dan,1,no,38,Is,NA,NA,NA,NA,NA,NA,NA,NA,NA,NA,NA,NA,NA,NA,NA,NA,NA,NA,NA,NA,NA,NA,NA,NA,NA,NA,NA,NA,NA,NA,NA,NA,NA,NA,NA,NA,NA,NA
e3950,182,NA,trial,canvas.Screen,1_2_38_0_0,NA,NA,NA,NA,response,25488,1992038,1992028,1992046,2017516,2017500,2022-04-27T10:35:09.377Z,2017547,NA,NA,NA,NA,NA,NA,NA,NA,NA,NA,NA,NA,NA,NA,NA,NA,NA,NA,NA,NA,NA,NA,NA,DUM,SOC,DUM,WEC,3,is meer dan,3,is minder dan,2,3,is meer dan,4,,,,1,meer dan,4,yes,39,Is,DUK,SOC,no,mousedown @no,yes,FALSE,DUK,WEC,NA,NA,NA,NA,NA,NA,NA,NA,NA,NA,NA,NA,NA,NA,NA,NA,NA,NA,NA,NA,NA,NA,NA,NA,NA,NA,NA,NA,NA,NA
e3950,182,NA,timer,html.Frame,1_2_38_0,NA,NA,NA,NA,NA,25456,1992031,1992028,1992046,2017502,2017502,2022-04-27T10:35:09.379Z,2017547,NA,NA,NA,NA,NA,NA,NA,NA,NA,NA,NA,NA,NA,NA,NA,NA,NA,CEZ,GIH,GUJ,GEQ,TUD,NA,POC,CEJ,POC,CEJ,3,is meer dan,3,is minder dan,2,3,is meer dan,4,,,,1,meer dan,4,yes,39,Is,NA,NA,NA,NA,NA,NA,NA,NA,NA,NA,NA,NA,NA,NA,NA,NA,NA,NA,NA,NA,NA,NA,NA,NA,NA,NA,NA,NA,NA,NA,NA,NA,NA,NA,NA,NA,NA,NA
e3950,182,NA,iti,canvas.Screen,1_2_38_1,NA,NA,NA,NA,timeout,1000,2017503,2017529,2017547,2018531,2018531,2022-04-27T10:35:10.408Z,2018547,NA,NA,NA,NA,NA,NA,NA,NA,NA,NA,NA,NA,NA,NA,NA,NA,NA,NA,NA,NA,NA,NA,NA,POC,CEJ,POC,CEJ,3,is meer dan,3,is minder dan,2,3,is meer dan,4,,,,1,meer dan,4,yes,39,Is,NA,NA,NA,NA,NA,NA,NA,NA,NA,NA,NA,NA,NA,NA,NA,NA,NA,NA,NA,NA,NA,NA,NA,NA,NA,NA,NA,NA,NA,NA,NA,NA,NA,NA,NA,NA,NA,NA
e3950,182,NA,trial_sequence,flow.Sequence,1_2_38,NA,NA,NA,NA,completion,26485,1992029,1992028,1992046,2018531,2018532,2022-04-27T10:35:10.408Z,2018547,NA,NA,NA,NA,NA,NA,NA,NA,NA,NA,NA,NA,NA,NA,NA,NA,NA,NA,NA,NA,NA,NA,NA,POC,CEJ,POC,CEJ,3,is meer dan,3,is minder dan,2,3,is meer dan,4,,,,1,meer dan,4,yes,39,Is,NA,NA,NA,NA,NA,NA,NA,NA,NA,NA,NA,NA,NA,NA,NA,NA,NA,NA,NA,NA,NA,NA,NA,NA,NA,NA,NA,NA,NA,NA,NA,NA,NA,NA,NA,NA,NA,NA
e3950,183,NA,trial,canvas.Screen,1_2_39_0_0,NA,NA,NA,NA,timeout,31002,2018538,2018531,2018547,2049532,2049533,2022-04-27T10:35:41.409Z,2049549,NA,NA,NA,NA,NA,NA,NA,NA,NA,NA,NA,NA,NA,NA,NA,NA,NA,NA,NA,NA,NA,NA,NA,CEZ,GIH,GEQ,CEZ,3,is meer dan,3,is minder dan,2,3,is meer dan,4,,,,4,minder dan,1,yes,40,Is,GUJ,GIH,NA,NA,NA,NA,GUJ,GEQ,NA,NA,NA,NA,NA,NA,NA,NA,NA,NA,NA,NA,NA,NA,NA,NA,NA,NA,NA,NA,NA,NA,NA,NA,NA,NA,NA,NA,NA,NA
e3950,183,NA,timer,html.Frame,1_2_39_0,NA,NA,NA,NA,NA,30987.9999999998,2018534,2018531,2018547,2049535,2049535,2022-04-27T10:35:41.411Z,2049565,NA,NA,NA,NA,NA,NA,NA,NA,NA,NA,NA,NA,NA,NA,NA,NA,NA,NUG,CIK,FUH,KET,BOV,NA,POC,CEJ,POC,CEJ,3,is meer dan,3,is minder dan,2,3,is meer dan,4,,,,4,minder dan,1,yes,40,Is,NA,NA,NA,NA,NA,NA,NA,NA,NA,NA,NA,NA,NA,NA,NA,NA,NA,NA,NA,NA,NA,NA,NA,NA,NA,NA,NA,NA,NA,NA,NA,NA,NA,NA,NA,NA,NA,NA
e3950,183,NA,iti,canvas.Screen,1_2_39_1,NA,NA,NA,NA,timeout,1000,2049535,2049549,2049565,2050549,2050550,2022-04-27T10:35:42.426Z,2050565,NA,NA,NA,NA,NA,NA,NA,NA,NA,NA,NA,NA,NA,NA,NA,NA,NA,NA,NA,NA,NA,NA,NA,POC,CEJ,POC,CEJ,3,is meer dan,3,is minder dan,2,3,is meer dan,4,,,,4,minder dan,1,yes,40,Is,NA,NA,NA,NA,NA,NA,NA,NA,NA,NA,NA,NA,NA,NA,NA,NA,NA,NA,NA,NA,NA,NA,NA,NA,NA,NA,NA,NA,NA,NA,NA,NA,NA,NA,NA,NA,NA,NA
e3950,183,NA,trial_sequence,flow.Sequence,1_2_39,NA,NA,NA,NA,completion,32002,2018532,2018531,2018547,2050549,2050550,2022-04-27T10:35:42.426Z,2050565,NA,NA,NA,NA,NA,NA,NA,NA,NA,NA,NA,NA,NA,NA,NA,NA,NA,NA,NA,NA,NA,NA,NA,POC,CEJ,POC,CEJ,3,is meer dan,3,is minder dan,2,3,is meer dan,4,,,,4,minder dan,1,yes,40,Is,NA,NA,NA,NA,NA,NA,NA,NA,NA,NA,NA,NA,NA,NA,NA,NA,NA,NA,NA,NA,NA,NA,NA,NA,NA,NA,NA,NA,NA,NA,NA,NA,NA,NA,NA,NA,NA,NA
e3950,184,NA,trial,canvas.Screen,1_2_40_0_0,NA,NA,NA,NA,response,17909,2050556,2050549,2050565,2068458,2068440,2022-04-27T10:36:00.316Z,2068483,NA,NA,NA,NA,NA,NA,NA,NA,NA,NA,NA,NA,NA,NA,NA,NA,NA,NA,NA,NA,NA,NA,NA,NUG,CIK,NUG,KET,3,is minder dan,3,is meer dan,2,4,is meer dan,3,,,,1,meer dan,4,no,41,Is,FUH,CIK,no,mousedown @no,no,TRUE,KET,FUH,NA,NA,NA,NA,NA,NA,NA,NA,NA,NA,NA,NA,NA,NA,NA,NA,NA,NA,NA,NA,NA,NA,NA,NA,NA,NA,NA,NA,NA,NA
e3950,184,NA,timer,html.Frame,1_2_40_0,NA,NA,NA,NA,NA,17877,2050552,2050549,2050565,2068442,2068443,2022-04-27T10:36:00.319Z,2068483,NA,NA,NA,NA,NA,NA,NA,NA,NA,NA,NA,NA,NA,NA,NA,NA,NA,JEY,QIB,FUJ,WOB,QOV,25,POC,CEJ,POC,CEJ,3,is minder dan,3,is meer dan,2,4,is meer dan,3,,,,1,meer dan,4,no,41,Is,NA,NA,NA,NA,NA,NA,NA,NA,NA,NA,NA,NA,NA,NA,NA,NA,NA,NA,NA,NA,NA,NA,NA,NA,NA,NA,NA,NA,NA,NA,NA,NA,NA,NA,NA,NA,NA,NA
e3950,184,NA,iti,canvas.Screen,1_2_40_1,NA,NA,NA,NA,timeout,1001,2068443,2068466,2068483,2069467,2069467,2022-04-27T10:36:01.343Z,2069484,NA,NA,NA,NA,NA,NA,NA,NA,NA,NA,NA,NA,NA,NA,NA,NA,NA,NA,NA,NA,NA,NA,NA,POC,CEJ,POC,CEJ,3,is minder dan,3,is meer dan,2,4,is meer dan,3,,,,1,meer dan,4,no,41,Is,NA,NA,NA,NA,NA,NA,NA,NA,NA,NA,NA,NA,NA,NA,NA,NA,NA,NA,NA,NA,NA,NA,NA,NA,NA,NA,NA,NA,NA,NA,NA,NA,NA,NA,NA,NA,NA,NA
e3950,184,NA,trial_sequence,flow.Sequence,1_2_40,NA,NA,NA,NA,completion,18902,2050551,2050549,2050565,2069467,2069467,2022-04-27T10:36:01.343Z,2069484,NA,NA,NA,NA,NA,NA,NA,NA,NA,NA,NA,NA,NA,NA,NA,NA,NA,NA,NA,NA,NA,NA,NA,POC,CEJ,POC,CEJ,3,is minder dan,3,is meer dan,2,4,is meer dan,3,,,,1,meer dan,4,no,41,Is,NA,NA,NA,NA,NA,NA,NA,NA,NA,NA,NA,NA,NA,NA,NA,NA,NA,NA,NA,NA,NA,NA,NA,NA,NA,NA,NA,NA,NA,NA,NA,NA,NA,NA,NA,NA,NA,NA
e3950,185,NA,trial,canvas.Screen,1_2_41_0_0,NA,NA,NA,NA,timeout,31001,2069476,2069467,2069484,2100469,2100473,2022-04-27T10:36:32.348Z,2100485,NA,NA,NA,NA,NA,NA,NA,NA,NA,NA,NA,NA,NA,NA,NA,NA,NA,NA,NA,NA,NA,NA,NA,JEY,QIB,WOB,JEY,3,is minder dan,3,is meer dan,2,4,is meer dan,3,,,,4,minder dan,1,no,42,Is,FUJ,QIB,NA,NA,NA,NA,WOB,FUJ,NA,NA,NA,NA,NA,NA,NA,NA,NA,NA,NA,NA,NA,NA,NA,NA,NA,NA,NA,NA,NA,NA,NA,NA,NA,NA,NA,NA,NA,NA
e3950,185,NA,timer,html.Frame,1_2_41_0,NA,NA,NA,NA,NA,30990,2069469,2069467,2069484,2100474,2100474,2022-04-27T10:36:32.350Z,2100503,NA,NA,NA,NA,NA,NA,NA,NA,NA,NA,NA,NA,NA,NA,NA,NA,NA,BUZ,QAL,PAZ,XUP,WUY,26,POC,CEJ,POC,CEJ,3,is minder dan,3,is meer dan,2,4,is meer dan,3,,,,4,minder dan,1,no,42,Is,NA,NA,NA,NA,NA,NA,NA,NA,NA,NA,NA,NA,NA,NA,NA,NA,NA,NA,NA,NA,NA,NA,NA,NA,NA,NA,NA,NA,NA,NA,NA,NA,NA,NA,NA,NA,NA,NA
e3950,185,NA,iti,canvas.Screen,1_2_41_1,NA,NA,NA,NA,timeout,999,2100475,2100485,2100503,2101486,2101487,2022-04-27T10:36:33.362Z,2101502,NA,NA,NA,NA,NA,NA,NA,NA,NA,NA,NA,NA,NA,NA,NA,NA,NA,NA,NA,NA,NA,NA,NA,POC,CEJ,POC,CEJ,3,is minder dan,3,is meer dan,2,4,is meer dan,3,,,,4,minder dan,1,no,42,Is,NA,NA,NA,NA,NA,NA,NA,NA,NA,NA,NA,NA,NA,NA,NA,NA,NA,NA,NA,NA,NA,NA,NA,NA,NA,NA,NA,NA,NA,NA,NA,NA,NA,NA,NA,NA,NA,NA
e3950,185,NA,trial_sequence,flow.Sequence,1_2_41,NA,NA,NA,NA,completion,32002,2069468,2069467,2069484,2101486,2101487,2022-04-27T10:36:33.362Z,2101502,NA,NA,NA,NA,NA,NA,NA,NA,NA,NA,NA,NA,NA,NA,NA,NA,NA,NA,NA,NA,NA,NA,NA,POC,CEJ,POC,CEJ,3,is minder dan,3,is meer dan,2,4,is meer dan,3,,,,4,minder dan,1,no,42,Is,NA,NA,NA,NA,NA,NA,NA,NA,NA,NA,NA,NA,NA,NA,NA,NA,NA,NA,NA,NA,NA,NA,NA,NA,NA,NA,NA,NA,NA,NA,NA,NA,NA,NA,NA,NA,NA,NA
e3950,186,NA,trial,canvas.Screen,1_2_42_0_0,NA,NA,NA,NA,response,20788,2101493,2101486,2101502,2122274,2122253,2022-04-27T10:36:54.128Z,2122288,NA,NA,NA,NA,NA,NA,NA,NA,NA,NA,NA,NA,NA,NA,NA,NA,NA,NA,NA,NA,NA,NA,NA,BUZ,QAL,BUZ,XUP,3,is minder dan,2,is minder dan,3,3,is minder dan,4,,,,1,meer dan,4,no,43,Is,QAL,PAZ,no,mousedown @no,no,TRUE,PAZ,XUP,NA,NA,NA,NA,NA,NA,NA,NA,NA,NA,NA,NA,NA,NA,NA,NA,NA,NA,NA,NA,NA,NA,NA,NA,NA,NA,NA,NA,NA,NA
e3950,186,NA,timer,html.Frame,1_2_42_0,NA,NA,NA,NA,NA,20753,2101489,2101486,2101502,2122255,2122255,2022-04-27T10:36:54.130Z,2122288,NA,NA,NA,NA,NA,NA,NA,NA,NA,NA,NA,NA,NA,NA,NA,NA,NA,MEH,LOJ,DEC,QEM,QIW,27,POC,CEJ,POC,CEJ,3,is minder dan,2,is minder dan,3,3,is minder dan,4,,,,1,meer dan,4,no,43,Is,NA,NA,NA,NA,NA,NA,NA,NA,NA,NA,NA,NA,NA,NA,NA,NA,NA,NA,NA,NA,NA,NA,NA,NA,NA,NA,NA,NA,NA,NA,NA,NA,NA,NA,NA,NA,NA,NA
e3950,186,NA,iti,canvas.Screen,1_2_42_1,NA,NA,NA,NA,timeout,999,2122255,2122271,2122288,2123270,2123271,2022-04-27T10:36:55.146Z,2123287,NA,NA,NA,NA,NA,NA,NA,NA,NA,NA,NA,NA,NA,NA,NA,NA,NA,NA,NA,NA,NA,NA,NA,POC,CEJ,POC,CEJ,3,is minder dan,2,is minder dan,3,3,is minder dan,4,,,,1,meer dan,4,no,43,Is,NA,NA,NA,NA,NA,NA,NA,NA,NA,NA,NA,NA,NA,NA,NA,NA,NA,NA,NA,NA,NA,NA,NA,NA,NA,NA,NA,NA,NA,NA,NA,NA,NA,NA,NA,NA,NA,NA
e3950,186,NA,trial_sequence,flow.Sequence,1_2_42,NA,NA,NA,NA,completion,21768,2101487,2101486,2101502,2123270,2123271,2022-04-27T10:36:55.146Z,2123287,NA,NA,NA,NA,NA,NA,NA,NA,NA,NA,NA,NA,NA,NA,NA,NA,NA,NA,NA,NA,NA,NA,NA,POC,CEJ,POC,CEJ,3,is minder dan,2,is minder dan,3,3,is minder dan,4,,,,1,meer dan,4,no,43,Is,NA,NA,NA,NA,NA,NA,NA,NA,NA,NA,NA,NA,NA,NA,NA,NA,NA,NA,NA,NA,NA,NA,NA,NA,NA,NA,NA,NA,NA,NA,NA,NA,NA,NA,NA,NA,NA,NA
e3950,187,NA,trial,canvas.Screen,1_2_43_0_0,NA,NA,NA,NA,response,17740,2123278,2123270,2123287,2141010,2140990,2022-04-27T10:37:12.865Z,2141022,NA,NA,NA,NA,NA,NA,NA,NA,NA,NA,NA,NA,NA,NA,NA,NA,NA,NA,NA,NA,NA,NA,NA,MEH,LOJ,QEM,MEH,3,is minder dan,2,is minder dan,3,3,is minder dan,4,,,,4,minder dan,1,no,44,Is,LOJ,DEC,no,mousedown @no,no,TRUE,DEC,QEM,NA,NA,NA,NA,NA,NA,NA,NA,NA,NA,NA,NA,NA,NA,NA,NA,NA,NA,NA,NA,NA,NA,NA,NA,NA,NA,NA,NA,NA,NA
e3950,187,NA,timer,html.Frame,1_2_43_0,NA,NA,NA,NA,NA,17704,2123274,2123270,2123287,2140991,2140991,2022-04-27T10:37:12.866Z,2141022,NA,NA,NA,NA,NA,NA,NA,NA,NA,NA,NA,NA,NA,NA,NA,NA,NA,MUB,XAY,JAL,CIG,TUR,28,POC,CEJ,POC,CEJ,3,is minder dan,2,is minder dan,3,3,is minder dan,4,,,,4,minder dan,1,no,44,Is,NA,NA,NA,NA,NA,NA,NA,NA,NA,NA,NA,NA,NA,NA,NA,NA,NA,NA,NA,NA,NA,NA,NA,NA,NA,NA,NA,NA,NA,NA,NA,NA,NA,NA,NA,NA,NA,NA
e3950,187,NA,iti,canvas.Screen,1_2_43_1,NA,NA,NA,NA,timeout,1001,2140991,2141004,2141022,2142006,2142007,2022-04-27T10:37:13.881Z,2142023,NA,NA,NA,NA,NA,NA,NA,NA,NA,NA,NA,NA,NA,NA,NA,NA,NA,NA,NA,NA,NA,NA,NA,POC,CEJ,POC,CEJ,3,is minder dan,2,is minder dan,3,3,is minder dan,4,,,,4,minder dan,1,no,44,Is,NA,NA,NA,NA,NA,NA,NA,NA,NA,NA,NA,NA,NA,NA,NA,NA,NA,NA,NA,NA,NA,NA,NA,NA,NA,NA,NA,NA,NA,NA,NA,NA,NA,NA,NA,NA,NA,NA
e3950,187,NA,trial_sequence,flow.Sequence,1_2_43,NA,NA,NA,NA,completion,18719,2123271,2123270,2123287,2142006,2142007,2022-04-27T10:37:13.882Z,2142023,NA,NA,NA,NA,NA,NA,NA,NA,NA,NA,NA,NA,NA,NA,NA,NA,NA,NA,NA,NA,NA,NA,NA,POC,CEJ,POC,CEJ,3,is minder dan,2,is minder dan,3,3,is minder dan,4,,,,4,minder dan,1,no,44,Is,NA,NA,NA,NA,NA,NA,NA,NA,NA,NA,NA,NA,NA,NA,NA,NA,NA,NA,NA,NA,NA,NA,NA,NA,NA,NA,NA,NA,NA,NA,NA,NA,NA,NA,NA,NA,NA,NA
e3950,188,NA,trial,canvas.Screen,1_2_44_0_0,NA,NA,NA,NA,response,13105,2142015,2142006,2142023,2155111,2155091,2022-04-27T10:37:26.966Z,2155122,NA,NA,NA,NA,NA,NA,NA,NA,NA,NA,NA,NA,NA,NA,NA,NA,NA,NA,NA,NA,NA,NA,NA,MUB,XAY,MUB,TUR,3,is minder dan,3,is meer dan,2,3,is minder dan,4,5,is meer dan,4,1,meer dan,5,no,45,Is,JAL,XAY,no,mousedown @no,no,TRUE,JAL,CIG,TUR,CIG,NA,NA,NA,NA,NA,NA,NA,NA,NA,NA,NA,NA,NA,NA,NA,NA,NA,NA,NA,NA,NA,NA,NA,NA,NA,NA,NA,NA
e3950,188,NA,timer,html.Frame,1_2_44_0,NA,NA,NA,NA,NA,13070,2142009,2142006,2142023,2155093,2155093,2022-04-27T10:37:26.967Z,2155122,NA,NA,NA,NA,NA,NA,NA,NA,NA,NA,NA,NA,NA,NA,NA,NA,NA,KEC,DIW,JOP,JEH,VIB,29,POC,CEJ,POC,CEJ,3,is minder dan,3,is meer dan,2,3,is minder dan,4,5,is meer dan,4,1,meer dan,5,no,45,Is,NA,NA,NA,NA,NA,NA,NA,NA,NA,NA,NA,NA,NA,NA,NA,NA,NA,NA,NA,NA,NA,NA,NA,NA,NA,NA,NA,NA,NA,NA,NA,NA,NA,NA,NA,NA,NA,NA
e3950,188,NA,iti,canvas.Screen,1_2_44_1,NA,NA,NA,NA,timeout,1002,2155093,2155107,2155122,2156106,2156107,2022-04-27T10:37:27.981Z,2156124,NA,NA,NA,NA,NA,NA,NA,NA,NA,NA,NA,NA,NA,NA,NA,NA,NA,NA,NA,NA,NA,NA,NA,POC,CEJ,POC,CEJ,3,is minder dan,3,is meer dan,2,3,is minder dan,4,5,is meer dan,4,1,meer dan,5,no,45,Is,NA,NA,NA,NA,NA,NA,NA,NA,NA,NA,NA,NA,NA,NA,NA,NA,NA,NA,NA,NA,NA,NA,NA,NA,NA,NA,NA,NA,NA,NA,NA,NA,NA,NA,NA,NA,NA,NA
e3950,188,NA,trial_sequence,flow.Sequence,1_2_44,NA,NA,NA,NA,completion,14083,2142007,2142006,2142023,2156106,2156107,2022-04-27T10:37:27.982Z,2156124,NA,NA,NA,NA,NA,NA,NA,NA,NA,NA,NA,NA,NA,NA,NA,NA,NA,NA,NA,NA,NA,NA,NA,POC,CEJ,POC,CEJ,3,is minder dan,3,is meer dan,2,3,is minder dan,4,5,is meer dan,4,1,meer dan,5,no,45,Is,NA,NA,NA,NA,NA,NA,NA,NA,NA,NA,NA,NA,NA,NA,NA,NA,NA,NA,NA,NA,NA,NA,NA,NA,NA,NA,NA,NA,NA,NA,NA,NA,NA,NA,NA,NA,NA,NA
e3950,189,NA,trial,canvas.Screen,1_2_45_0_0,NA,NA,NA,NA,response,17627,2156115,2156106,2156124,2173733,2173711,2022-04-27T10:37:45.585Z,2173758,NA,NA,NA,NA,NA,NA,NA,NA,NA,NA,NA,NA,NA,NA,NA,NA,NA,NA,NA,NA,NA,NA,NA,KEC,DIW,VIB,KEC,3,is minder dan,3,is meer dan,2,3,is minder dan,4,5,is meer dan,4,5,minder dan,1,no,46,Is,JOP,DIW,yes,mousedown @yes,no,FALSE,JOP,JEH,VIB,JEH,NA,NA,NA,NA,NA,NA,NA,NA,NA,NA,NA,NA,NA,NA,NA,NA,NA,NA,NA,NA,NA,NA,NA,NA,NA,NA,NA,NA
e3950,189,NA,timer,html.Frame,1_2_45_0,NA,NA,NA,NA,NA,17589,2156109,2156106,2156124,2173713,2173713,2022-04-27T10:37:45.587Z,2173758,NA,NA,NA,NA,NA,NA,NA,NA,NA,NA,NA,NA,NA,NA,NA,NA,NA,XIH,WAZ,GAC,HIY,JEG,NA,POC,CEJ,POC,CEJ,3,is minder dan,3,is meer dan,2,3,is minder dan,4,5,is meer dan,4,5,minder dan,1,no,46,Is,NA,NA,NA,NA,NA,NA,NA,NA,NA,NA,NA,NA,NA,NA,NA,NA,NA,NA,NA,NA,NA,NA,NA,NA,NA,NA,NA,NA,NA,NA,NA,NA,NA,NA,NA,NA,NA,NA
e3950,189,NA,iti,canvas.Screen,1_2_45_1,NA,NA,NA,NA,timeout,999,2173713,2173741,2173758,2174741,2174742,2022-04-27T10:37:46.616Z,2174757,NA,NA,NA,NA,NA,NA,NA,NA,NA,NA,NA,NA,NA,NA,NA,NA,NA,NA,NA,NA,NA,NA,NA,POC,CEJ,POC,CEJ,3,is minder dan,3,is meer dan,2,3,is minder dan,4,5,is meer dan,4,5,minder dan,1,no,46,Is,NA,NA,NA,NA,NA,NA,NA,NA,NA,NA,NA,NA,NA,NA,NA,NA,NA,NA,NA,NA,NA,NA,NA,NA,NA,NA,NA,NA,NA,NA,NA,NA,NA,NA,NA,NA,NA,NA
e3950,189,NA,trial_sequence,flow.Sequence,1_2_45,NA,NA,NA,NA,completion,18617,2156107,2156106,2156124,2174741,2174742,2022-04-27T10:37:46.616Z,2174757,NA,NA,NA,NA,NA,NA,NA,NA,NA,NA,NA,NA,NA,NA,NA,NA,NA,NA,NA,NA,NA,NA,NA,POC,CEJ,POC,CEJ,3,is minder dan,3,is meer dan,2,3,is minder dan,4,5,is meer dan,4,5,minder dan,1,no,46,Is,NA,NA,NA,NA,NA,NA,NA,NA,NA,NA,NA,NA,NA,NA,NA,NA,NA,NA,NA,NA,NA,NA,NA,NA,NA,NA,NA,NA,NA,NA,NA,NA,NA,NA,NA,NA,NA,NA
e3950,190,NA,trial,canvas.Screen,1_2_46_0_0,NA,NA,NA,NA,response,12782,2174748,2174741,2174757,2187523,2187502,2022-04-27T10:37:59.376Z,2187542,NA,NA,NA,NA,NA,NA,NA,NA,NA,NA,NA,NA,NA,NA,NA,NA,NA,NA,NA,NA,NA,NA,NA,XIH,WAZ,XIH,JEG,3,is meer dan,3,is minder dan,2,3,is meer dan,4,5,is minder dan,4,1,meer dan,5,yes,47,Is,GAC,WAZ,yes,mousedown @yes,yes,TRUE,GAC,HIY,JEG,HIY,NA,NA,NA,NA,NA,NA,NA,NA,NA,NA,NA,NA,NA,NA,NA,NA,NA,NA,NA,NA,NA,NA,NA,NA,NA,NA,NA,NA
e3950,190,NA,timer,html.Frame,1_2_46_0,NA,NA,NA,NA,NA,12747,2174744,2174741,2174757,2187504,2187504,2022-04-27T10:37:59.378Z,2187542,NA,NA,NA,NA,NA,NA,NA,NA,NA,NA,NA,NA,NA,NA,NA,NA,NA,QUC,YEL,MUC,JOD,RIY,30,POC,CEJ,POC,CEJ,3,is meer dan,3,is minder dan,2,3,is meer dan,4,5,is minder dan,4,1,meer dan,5,yes,47,Is,NA,NA,NA,NA,NA,NA,NA,NA,NA,NA,NA,NA,NA,NA,NA,NA,NA,NA,NA,NA,NA,NA,NA,NA,NA,NA,NA,NA,NA,NA,NA,NA,NA,NA,NA,NA,NA,NA
e3950,190,NA,iti,canvas.Screen,1_2_46_1,NA,NA,NA,NA,timeout,999,2187504,2187525,2187542,2188526,2188526,2022-04-27T10:38:00.400Z,2188541,NA,NA,NA,NA,NA,NA,NA,NA,NA,NA,NA,NA,NA,NA,NA,NA,NA,NA,NA,NA,NA,NA,NA,POC,CEJ,POC,CEJ,3,is meer dan,3,is minder dan,2,3,is meer dan,4,5,is minder dan,4,1,meer dan,5,yes,47,Is,NA,NA,NA,NA,NA,NA,NA,NA,NA,NA,NA,NA,NA,NA,NA,NA,NA,NA,NA,NA,NA,NA,NA,NA,NA,NA,NA,NA,NA,NA,NA,NA,NA,NA,NA,NA,NA,NA
e3950,190,NA,trial_sequence,flow.Sequence,1_2_46,NA,NA,NA,NA,completion,13769,2174743,2174741,2174757,2188526,2188527,2022-04-27T10:38:00.401Z,2188541,NA,NA,NA,NA,NA,NA,NA,NA,NA,NA,NA,NA,NA,NA,NA,NA,NA,NA,NA,NA,NA,NA,NA,POC,CEJ,POC,CEJ,3,is meer dan,3,is minder dan,2,3,is meer dan,4,5,is minder dan,4,1,meer dan,5,yes,47,Is,NA,NA,NA,NA,NA,NA,NA,NA,NA,NA,NA,NA,NA,NA,NA,NA,NA,NA,NA,NA,NA,NA,NA,NA,NA,NA,NA,NA,NA,NA,NA,NA,NA,NA,NA,NA,NA,NA
e3950,191,NA,trial,canvas.Screen,1_2_47_0_0,NA,NA,NA,NA,response,16667,2188532,2188526,2188541,2205193,2205170,2022-04-27T10:38:17.044Z,2205210,NA,NA,NA,NA,NA,NA,NA,NA,NA,NA,NA,NA,NA,NA,NA,NA,NA,NA,NA,NA,NA,NA,NA,QUC,YEL,RIY,QUC,3,is meer dan,3,is minder dan,2,3,is meer dan,4,5,is minder dan,4,5,minder dan,1,yes,48,Is,MUC,YEL,yes,mousedown @yes,yes,TRUE,MUC,JOD,RIY,JOD,NA,NA,NA,NA,NA,NA,NA,NA,NA,NA,NA,NA,NA,NA,NA,NA,NA,NA,NA,NA,NA,NA,NA,NA,NA,NA,NA,NA
e3950,191,NA,timer,html.Frame,1_2_47_0,NA,NA,NA,NA,NA,16631,2188529,2188526,2188541,2205172,2205172,2022-04-27T10:38:17.046Z,2205210,NA,NA,NA,NA,NA,NA,NA,NA,NA,NA,NA,NA,NA,NA,NA,NA,NA,CAG,QOC,XIP,VAZ,XAQ,31,POC,CEJ,POC,CEJ,3,is meer dan,3,is minder dan,2,3,is meer dan,4,5,is minder dan,4,5,minder dan,1,yes,48,Is,NA,NA,NA,NA,NA,NA,NA,NA,NA,NA,NA,NA,NA,NA,NA,NA,NA,NA,NA,NA,NA,NA,NA,NA,NA,NA,NA,NA,NA,NA,NA,NA,NA,NA,NA,NA,NA,NA
e3950,191,NA,iti,canvas.Screen,1_2_47_1,NA,NA,NA,NA,timeout,1000,2205172,2205193,2205210,2206193,2206194,2022-04-27T10:38:18.067Z,2206210,NA,NA,NA,NA,NA,NA,NA,NA,NA,NA,NA,NA,NA,NA,NA,NA,NA,NA,NA,NA,NA,NA,NA,POC,CEJ,POC,CEJ,3,is meer dan,3,is minder dan,2,3,is meer dan,4,5,is minder dan,4,5,minder dan,1,yes,48,Is,NA,NA,NA,NA,NA,NA,NA,NA,NA,NA,NA,NA,NA,NA,NA,NA,NA,NA,NA,NA,NA,NA,NA,NA,NA,NA,NA,NA,NA,NA,NA,NA,NA,NA,NA,NA,NA,NA
e3950,191,NA,trial_sequence,flow.Sequence,1_2_47,NA,NA,NA,NA,completion,17652,2188528,2188526,2188541,2206193,2206194,2022-04-27T10:38:18.068Z,2206210,NA,NA,NA,NA,NA,NA,NA,NA,NA,NA,NA,NA,NA,NA,NA,NA,NA,NA,NA,NA,NA,NA,NA,POC,CEJ,POC,CEJ,3,is meer dan,3,is minder dan,2,3,is meer dan,4,5,is minder dan,4,5,minder dan,1,yes,48,Is,NA,NA,NA,NA,NA,NA,NA,NA,NA,NA,NA,NA,NA,NA,NA,NA,NA,NA,NA,NA,NA,NA,NA,NA,NA,NA,NA,NA,NA,NA,NA,NA,NA,NA,NA,NA,NA,NA
e3950,192,NA,trial,canvas.Screen,1_2_48_0_0,NA,NA,NA,NA,response,20626,2206200,2206193,2206210,2226819,2226797,2022-04-27T10:38:38.671Z,2226827,NA,NA,NA,NA,NA,NA,NA,NA,NA,NA,NA,NA,NA,NA,NA,NA,NA,NA,NA,NA,NA,NA,NA,CAG,QOC,XIP,CAG,4,komt voor,2,komt voor,3,,,,,,,3,voor,1,no,49,Komt,QOC,XIP,no,mousedown @no,no,TRUE,NA,NA,NA,NA,NA,NA,NA,NA,NA,NA,NA,NA,NA,NA,NA,NA,NA,NA,NA,NA,NA,NA,NA,NA,NA,NA,NA,NA,NA,NA,NA,NA
e3950,192,NA,timer,html.Frame,1_2_48_0,NA,NA,NA,NA,NA,20589,2206197,2206193,2206210,2226799,2226799,2022-04-27T10:38:38.673Z,2226827,NA,NA,NA,NA,NA,NA,NA,NA,NA,NA,NA,NA,NA,NA,NA,NA,NA,VUN,SEB,HEZ,YAZ,VEV,32,POC,CEJ,POC,CEJ,4,komt voor,2,komt voor,3,,,,,,,3,voor,1,no,49,Komt,NA,NA,NA,NA,NA,NA,NA,NA,NA,NA,NA,NA,NA,NA,NA,NA,NA,NA,NA,NA,NA,NA,NA,NA,NA,NA,NA,NA,NA,NA,NA,NA,NA,NA,NA,NA,NA,NA
e3950,192,NA,iti,canvas.Screen,1_2_48_1,NA,NA,NA,NA,timeout,1000,2226800,2226811,2226827,2227811,2227812,2022-04-27T10:38:39.685Z,2227827,NA,NA,NA,NA,NA,NA,NA,NA,NA,NA,NA,NA,NA,NA,NA,NA,NA,NA,NA,NA,NA,NA,NA,POC,CEJ,POC,CEJ,4,komt voor,2,komt voor,3,,,,,,,3,voor,1,no,49,Komt,NA,NA,NA,NA,NA,NA,NA,NA,NA,NA,NA,NA,NA,NA,NA,NA,NA,NA,NA,NA,NA,NA,NA,NA,NA,NA,NA,NA,NA,NA,NA,NA,NA,NA,NA,NA,NA,NA
e3950,192,NA,trial_sequence,flow.Sequence,1_2_48,NA,NA,NA,NA,completion,21601,2206195,2206193,2206210,2227811,2227813,2022-04-27T10:38:39.686Z,2227827,NA,NA,NA,NA,NA,NA,NA,NA,NA,NA,NA,NA,NA,NA,NA,NA,NA,NA,NA,NA,NA,NA,NA,POC,CEJ,POC,CEJ,4,komt voor,2,komt voor,3,,,,,,,3,voor,1,no,49,Komt,NA,NA,NA,NA,NA,NA,NA,NA,NA,NA,NA,NA,NA,NA,NA,NA,NA,NA,NA,NA,NA,NA,NA,NA,NA,NA,NA,NA,NA,NA,NA,NA,NA,NA,NA,NA,NA,NA
e3950,193,NA,trial,canvas.Screen,1_2_49_0_0,NA,NA,NA,NA,response,14794,2227818,2227811,2227827,2242605,2242584,2022-04-27T10:38:54.457Z,2242629,NA,NA,NA,NA,NA,NA,NA,NA,NA,NA,NA,NA,NA,NA,NA,NA,NA,NA,NA,NA,NA,NA,NA,VUN,SEB,VUN,HEZ,4,komt voor,2,komt voor,3,,,,,,,1,na,3,no,50,Komt,SEB,HEZ,yes,mousedown @yes,no,FALSE,NA,NA,NA,NA,NA,NA,NA,NA,NA,NA,NA,NA,NA,NA,NA,NA,NA,NA,NA,NA,NA,NA,NA,NA,NA,NA,NA,NA,NA,NA,NA,NA
e3950,193,NA,timer,html.Frame,1_2_49_0,NA,NA,NA,NA,NA,14758,2227814,2227811,2227827,2242585,2242586,2022-04-27T10:38:54.459Z,2242629,NA,NA,NA,NA,NA,NA,NA,NA,NA,NA,NA,NA,NA,NA,NA,NA,NA,WEV,GEF,MAV,XOP,TUH,NA,POC,CEJ,POC,CEJ,4,komt voor,2,komt voor,3,,,,,,,1,na,3,no,50,Komt,NA,NA,NA,NA,NA,NA,NA,NA,NA,NA,NA,NA,NA,NA,NA,NA,NA,NA,NA,NA,NA,NA,NA,NA,NA,NA,NA,NA,NA,NA,NA,NA,NA,NA,NA,NA,NA,NA
e3950,193,NA,iti,canvas.Screen,1_2_49_1,NA,NA,NA,NA,timeout,1000,2242586,2242612,2242629,2243613,2243613,2022-04-27T10:38:55.486Z,2243629,NA,NA,NA,NA,NA,NA,NA,NA,NA,NA,NA,NA,NA,NA,NA,NA,NA,NA,NA,NA,NA,NA,NA,POC,CEJ,POC,CEJ,4,komt voor,2,komt voor,3,,,,,,,1,na,3,no,50,Komt,NA,NA,NA,NA,NA,NA,NA,NA,NA,NA,NA,NA,NA,NA,NA,NA,NA,NA,NA,NA,NA,NA,NA,NA,NA,NA,NA,NA,NA,NA,NA,NA,NA,NA,NA,NA,NA,NA
e3950,193,NA,trial_sequence,flow.Sequence,1_2_49,NA,NA,NA,NA,completion,15786,2227813,2227811,2227827,2243613,2243614,2022-04-27T10:38:55.487Z,2243629,NA,NA,NA,NA,NA,NA,NA,NA,NA,NA,NA,NA,NA,NA,NA,NA,NA,NA,NA,NA,NA,NA,NA,POC,CEJ,POC,CEJ,4,komt voor,2,komt voor,3,,,,,,,1,na,3,no,50,Komt,NA,NA,NA,NA,NA,NA,NA,NA,NA,NA,NA,NA,NA,NA,NA,NA,NA,NA,NA,NA,NA,NA,NA,NA,NA,NA,NA,NA,NA,NA,NA,NA,NA,NA,NA,NA,NA,NA
e3950,194,NA,trial,canvas.Screen,1_2_50_0_0,NA,NA,NA,NA,response,29767,2243620,2243613,2243629,2273380,2273359,2022-04-27T10:39:25.231Z,2273398,NA,NA,NA,NA,NA,NA,NA,NA,NA,NA,NA,NA,NA,NA,NA,NA,NA,NA,NA,NA,NA,NA,NA,WEV,GEF,MAV,WEV,4,komt na,2,komt na,3,,,,,,,3,voor,1,yes,51,Komt,GEF,MAV,yes,mousedown @yes,yes,TRUE,NA,NA,NA,NA,NA,NA,NA,NA,NA,NA,NA,NA,NA,NA,NA,NA,NA,NA,NA,NA,NA,NA,NA,NA,NA,NA,NA,NA,NA,NA,NA,NA
e3950,194,NA,timer,html.Frame,1_2_50_0,NA,NA,NA,NA,NA,29731,2243616,2243613,2243629,2273360,2273360,2022-04-27T10:39:25.233Z,2273398,NA,NA,NA,NA,NA,NA,NA,NA,NA,NA,NA,NA,NA,NA,NA,NA,NA,WEQ,MED,WER,TOB,"NAL",33,POC,CEJ,POC,CEJ,4,komt na,2,komt na,3,,,,,,,3,voor,1,yes,51,Komt,NA,NA,NA,NA,NA,NA,NA,NA,NA,NA,NA,NA,NA,NA,NA,NA,NA,NA,NA,NA,NA,NA,NA,NA,NA,NA,NA,NA,NA,NA,NA,NA,NA,NA,NA,NA,NA,NA
e3950,194,NA,iti,canvas.Screen,1_2_50_1,NA,NA,NA,NA,timeout,999,2273360,2273381,2273398,2274381,2274382,2022-04-27T10:39:26.254Z,2274397,NA,NA,NA,NA,NA,NA,NA,NA,NA,NA,NA,NA,NA,NA,NA,NA,NA,NA,NA,NA,NA,NA,NA,POC,CEJ,POC,CEJ,4,komt na,2,komt na,3,,,,,,,3,voor,1,yes,51,Komt,NA,NA,NA,NA,NA,NA,NA,NA,NA,NA,NA,NA,NA,NA,NA,NA,NA,NA,NA,NA,NA,NA,NA,NA,NA,NA,NA,NA,NA,NA,NA,NA,NA,NA,NA,NA,NA,NA
e3950,194,NA,trial_sequence,flow.Sequence,1_2_50,NA,NA,NA,NA,completion,30752,2243614,2243613,2243629,2274381,2274382,2022-04-27T10:39:26.255Z,2274397,NA,NA,NA,NA,NA,NA,NA,NA,NA,NA,NA,NA,NA,NA,NA,NA,NA,NA,NA,NA,NA,NA,NA,POC,CEJ,POC,CEJ,4,komt na,2,komt na,3,,,,,,,3,voor,1,yes,51,Komt,NA,NA,NA,NA,NA,NA,NA,NA,NA,NA,NA,NA,NA,NA,NA,NA,NA,NA,NA,NA,NA,NA,NA,NA,NA,NA,NA,NA,NA,NA,NA,NA,NA,NA,NA,NA,NA,NA
e3950,195,NA,trial,canvas.Screen,1_2_51_0_0,NA,NA,NA,NA,timeout,31003,2274387,2274381,2274397,2305384,2305384,2022-04-27T10:39:57.256Z,2305400,NA,NA,NA,NA,NA,NA,NA,NA,NA,NA,NA,NA,NA,NA,NA,NA,NA,NA,NA,NA,NA,NA,NA,WEQ,MED,WEQ,WER,4,komt na,2,komt na,3,,,,,,,1,na,3,yes,52,Komt,MED,WER,NA,NA,NA,NA,NA,NA,NA,NA,NA,NA,NA,NA,NA,NA,NA,NA,NA,NA,NA,NA,NA,NA,NA,NA,NA,NA,NA,NA,NA,NA,NA,NA,NA,NA,NA,NA
e3950,195,NA,timer,html.Frame,1_2_51_0,NA,NA,NA,NA,NA,30990,2274384,2274381,2274397,2305387,2305387,2022-04-27T10:39:57.259Z,2305416,NA,NA,NA,NA,NA,NA,NA,NA,NA,NA,NA,NA,NA,NA,NA,NA,NA,JEK,QOK,KIB,VIL,WOD,34,POC,CEJ,POC,CEJ,4,komt na,2,komt na,3,,,,,,,1,na,3,yes,52,Komt,NA,NA,NA,NA,NA,NA,NA,NA,NA,NA,NA,NA,NA,NA,NA,NA,NA,NA,NA,NA,NA,NA,NA,NA,NA,NA,NA,NA,NA,NA,NA,NA,NA,NA,NA,NA,NA,NA
e3950,195,NA,iti,canvas.Screen,1_2_51_1,NA,NA,NA,NA,timeout,1000,2305387,2305400,2305416,2306400,2306400,2022-04-27T10:39:58.273Z,2306416,NA,NA,NA,NA,NA,NA,NA,NA,NA,NA,NA,NA,NA,NA,NA,NA,NA,NA,NA,NA,NA,NA,NA,POC,CEJ,POC,CEJ,4,komt na,2,komt na,3,,,,,,,1,na,3,yes,52,Komt,NA,NA,NA,NA,NA,NA,NA,NA,NA,NA,NA,NA,NA,NA,NA,NA,NA,NA,NA,NA,NA,NA,NA,NA,NA,NA,NA,NA,NA,NA,NA,NA,NA,NA,NA,NA,NA,NA
e3950,195,NA,trial_sequence,flow.Sequence,1_2_51,NA,NA,NA,NA,completion,32003,2274383,2274381,2274397,2306400,2306401,2022-04-27T10:39:58.273Z,2306416,NA,NA,NA,NA,NA,NA,NA,NA,NA,NA,NA,NA,NA,NA,NA,NA,NA,NA,NA,NA,NA,NA,NA,POC,CEJ,POC,CEJ,4,komt na,2,komt na,3,,,,,,,1,na,3,yes,52,Komt,NA,NA,NA,NA,NA,NA,NA,NA,NA,NA,NA,NA,NA,NA,NA,NA,NA,NA,NA,NA,NA,NA,NA,NA,NA,NA,NA,NA,NA,NA,NA,NA,NA,NA,NA,NA,NA,NA
e3950,196,NA,trial,canvas.Screen,1_2_52_0_0,NA,NA,NA,NA,response,11425.0000000005,2306406,2306400,2306416,2317825,2317803,2022-04-27T10:40:09.675Z,2317834,NA,NA,NA,NA,NA,NA,NA,NA,NA,NA,NA,NA,NA,NA,NA,NA,NA,NA,NA,NA,NA,NA,NA,JEK,QOK,KIB,JEK,4,komt na,3,komt voor,2,,,,,,,3,voor,1,yes,53,Komt,KIB,QOK,no,mousedown @no,yes,FALSE,NA,NA,NA,NA,NA,NA,NA,NA,NA,NA,NA,NA,NA,NA,NA,NA,NA,NA,NA,NA,NA,NA,NA,NA,NA,NA,NA,NA,NA,NA,NA,NA
e3950,196,NA,timer,html.Frame,1_2_52_0,NA,NA,NA,NA,NA,11388,2306403,2306400,2306416,2317804,2317804,2022-04-27T10:40:09.676Z,2317834,NA,NA,NA,NA,NA,NA,NA,NA,NA,NA,NA,NA,NA,NA,NA,NA,NA,FUW,HUD,SIL,HEJ,MIH,NA,POC,CEJ,POC,CEJ,4,komt na,3,komt voor,2,,,,,,,3,voor,1,yes,53,Komt,NA,NA,NA,NA,NA,NA,NA,NA,NA,NA,NA,NA,NA,NA,NA,NA,NA,NA,NA,NA,NA,NA,NA,NA,NA,NA,NA,NA,NA,NA,NA,NA,NA,NA,NA,NA,NA,NA
e3950,196,NA,iti,canvas.Screen,1_2_52_1,NA,NA,NA,NA,timeout,1000,2317804,2317818,2317834,2318817,2318817,2022-04-27T10:40:10.689Z,2318834,NA,NA,NA,NA,NA,NA,NA,NA,NA,NA,NA,NA,NA,NA,NA,NA,NA,NA,NA,NA,NA,NA,NA,POC,CEJ,POC,CEJ,4,komt na,3,komt voor,2,,,,,,,3,voor,1,yes,53,Komt,NA,NA,NA,NA,NA,NA,NA,NA,NA,NA,NA,NA,NA,NA,NA,NA,NA,NA,NA,NA,NA,NA,NA,NA,NA,NA,NA,NA,NA,NA,NA,NA,NA,NA,NA,NA,NA,NA
e3950,196,NA,trial_sequence,flow.Sequence,1_2_52,NA,NA,NA,NA,completion,12401,2306401,2306400,2306416,2318817,2318818,2022-04-27T10:40:10.690Z,2318834,NA,NA,NA,NA,NA,NA,NA,NA,NA,NA,NA,NA,NA,NA,NA,NA,NA,NA,NA,NA,NA,NA,NA,POC,CEJ,POC,CEJ,4,komt na,3,komt voor,2,,,,,,,3,voor,1,yes,53,Komt,NA,NA,NA,NA,NA,NA,NA,NA,NA,NA,NA,NA,NA,NA,NA,NA,NA,NA,NA,NA,NA,NA,NA,NA,NA,NA,NA,NA,NA,NA,NA,NA,NA,NA,NA,NA,NA,NA
e3950,197,NA,trial,canvas.Screen,1_2_53_0_0,NA,NA,NA,NA,response,24695,2318823,2318817,2318834,2343512,2343489,2022-04-27T10:40:35.361Z,2343520,NA,NA,NA,NA,NA,NA,NA,NA,NA,NA,NA,NA,NA,NA,NA,NA,NA,NA,NA,NA,NA,NA,NA,FUW,HUD,FUW,SIL,4,komt na,3,komt voor,2,,,,,,,1,na,3,yes,54,Komt,SIL,HUD,yes,mousedown @yes,yes,TRUE,NA,NA,NA,NA,NA,NA,NA,NA,NA,NA,NA,NA,NA,NA,NA,NA,NA,NA,NA,NA,NA,NA,NA,NA,NA,NA,NA,NA,NA,NA,NA,NA
e3950,197,NA,timer,html.Frame,1_2_53_0,NA,NA,NA,NA,NA,24657,2318820,2318817,2318834,2343491,2343491,2022-04-27T10:40:35.362Z,2343520,NA,NA,NA,NA,NA,NA,NA,NA,NA,NA,NA,NA,NA,NA,NA,NA,NA,NUX,XIG,LUH,YEJ,YOY,35,POC,CEJ,POC,CEJ,4,komt na,3,komt voor,2,,,,,,,1,na,3,yes,54,Komt,NA,NA,NA,NA,NA,NA,NA,NA,NA,NA,NA,NA,NA,NA,NA,NA,NA,NA,NA,NA,NA,NA,NA,NA,NA,NA,NA,NA,NA,NA,NA,NA,NA,NA,NA,NA,NA,NA
e3950,197,NA,iti,canvas.Screen,1_2_53_1,NA,NA,NA,NA,timeout,999,2343491,2343503,2343520,2344503,2344503,2022-04-27T10:40:36.375Z,2344519,NA,NA,NA,NA,NA,NA,NA,NA,NA,NA,NA,NA,NA,NA,NA,NA,NA,NA,NA,NA,NA,NA,NA,POC,CEJ,POC,CEJ,4,komt na,3,komt voor,2,,,,,,,1,na,3,yes,54,Komt,NA,NA,NA,NA,NA,NA,NA,NA,NA,NA,NA,NA,NA,NA,NA,NA,NA,NA,NA,NA,NA,NA,NA,NA,NA,NA,NA,NA,NA,NA,NA,NA,NA,NA,NA,NA,NA,NA
e3950,197,NA,trial_sequence,flow.Sequence,1_2_53,NA,NA,NA,NA,completion,25669,2318818,2318817,2318834,2344503,2344504,2022-04-27T10:40:36.376Z,2344519,NA,NA,NA,NA,NA,NA,NA,NA,NA,NA,NA,NA,NA,NA,NA,NA,NA,NA,NA,NA,NA,NA,NA,POC,CEJ,POC,CEJ,4,komt na,3,komt voor,2,,,,,,,1,na,3,yes,54,Komt,NA,NA,NA,NA,NA,NA,NA,NA,NA,NA,NA,NA,NA,NA,NA,NA,NA,NA,NA,NA,NA,NA,NA,NA,NA,NA,NA,NA,NA,NA,NA,NA,NA,NA,NA,NA,NA,NA
e3950,198,NA,trial,canvas.Screen,1_2_54_0_0,NA,NA,NA,NA,response,14416,2344510,2344503,2344519,2358919,2358895,2022-04-27T10:40:50.767Z,2358937,NA,NA,NA,NA,NA,NA,NA,NA,NA,NA,NA,NA,NA,NA,NA,NA,NA,NA,NA,NA,NA,NA,NA,NUX,XIG,YEJ,NUX,4,komt voor,3,komt na,2,3,komt voor,4,,,,4,voor,1,no,55,Komt,LUH,XIG,no,mousedown @no,no,TRUE,LUH,YEJ,NA,NA,NA,NA,NA,NA,NA,NA,NA,NA,NA,NA,NA,NA,NA,NA,NA,NA,NA,NA,NA,NA,NA,NA,NA,NA,NA,NA,NA,NA
e3950,198,NA,timer,html.Frame,1_2_54_0,NA,NA,NA,NA,NA,14378,2344506,2344503,2344519,2358897,2358898,2022-04-27T10:40:50.769Z,2358937,NA,NA,NA,NA,NA,NA,NA,NA,NA,NA,NA,NA,NA,NA,NA,NA,NA,JEC,BIY,SIQ,BIF,LEH,36,POC,CEJ,POC,CEJ,4,komt voor,3,komt na,2,3,komt voor,4,,,,4,voor,1,no,55,Komt,NA,NA,NA,NA,NA,NA,NA,NA,NA,NA,NA,NA,NA,NA,NA,NA,NA,NA,NA,NA,NA,NA,NA,NA,NA,NA,NA,NA,NA,NA,NA,NA,NA,NA,NA,NA,NA,NA
e3950,198,NA,iti,canvas.Screen,1_2_54_1,NA,NA,NA,NA,timeout,1000,2358898,2358921,2358937,2359921,2359921,2022-04-27T10:40:51.792Z,2359937,NA,NA,NA,NA,NA,NA,NA,NA,NA,NA,NA,NA,NA,NA,NA,NA,NA,NA,NA,NA,NA,NA,NA,POC,CEJ,POC,CEJ,4,komt voor,3,komt na,2,3,komt voor,4,,,,4,voor,1,no,55,Komt,NA,NA,NA,NA,NA,NA,NA,NA,NA,NA,NA,NA,NA,NA,NA,NA,NA,NA,NA,NA,NA,NA,NA,NA,NA,NA,NA,NA,NA,NA,NA,NA,NA,NA,NA,NA,NA,NA
e3950,198,NA,trial_sequence,flow.Sequence,1_2_54,NA,NA,NA,NA,completion,15402,2344504,2344503,2344519,2359921,2359922,2022-04-27T10:40:51.793Z,2359937,NA,NA,NA,NA,NA,NA,NA,NA,NA,NA,NA,NA,NA,NA,NA,NA,NA,NA,NA,NA,NA,NA,NA,POC,CEJ,POC,CEJ,4,komt voor,3,komt na,2,3,komt voor,4,,,,4,voor,1,no,55,Komt,NA,NA,NA,NA,NA,NA,NA,NA,NA,NA,NA,NA,NA,NA,NA,NA,NA,NA,NA,NA,NA,NA,NA,NA,NA,NA,NA,NA,NA,NA,NA,NA,NA,NA,NA,NA,NA,NA
e3950,199,NA,trial,canvas.Screen,1_2_55_0_0,NA,NA,NA,NA,timeout,31003,2359926,2359921,2359937,2390923,2390926,2022-04-27T10:41:22.797Z,2390940,NA,NA,NA,NA,NA,NA,NA,NA,NA,NA,NA,NA,NA,NA,NA,NA,NA,NA,NA,NA,NA,NA,NA,JEC,BIY,JEC,BIF,4,komt voor,3,komt na,2,3,komt voor,4,,,,1,na,4,no,56,Komt,SIQ,BIY,NA,NA,NA,NA,SIQ,BIF,NA,NA,NA,NA,NA,NA,NA,NA,NA,NA,NA,NA,NA,NA,NA,NA,NA,NA,NA,NA,NA,NA,NA,NA,NA,NA,NA,NA,NA,NA
e3950,199,NA,timer,html.Frame,1_2_55_0,NA,NA,NA,NA,NA,30990,2359923,2359921,2359937,2390927,2390928,2022-04-27T10:41:22.798Z,2390955,NA,NA,NA,NA,NA,NA,NA,NA,NA,NA,NA,NA,NA,NA,NA,NA,NA,LOH,ROX,DUQ,KUY,KIJ,37,POC,CEJ,POC,CEJ,4,komt voor,3,komt na,2,3,komt voor,4,,,,1,na,4,no,56,Komt,NA,NA,NA,NA,NA,NA,NA,NA,NA,NA,NA,NA,NA,NA,NA,NA,NA,NA,NA,NA,NA,NA,NA,NA,NA,NA,NA,NA,NA,NA,NA,NA,NA,NA,NA,NA,NA,NA
e3950,199,NA,iti,canvas.Screen,1_2_55_1,NA,NA,NA,NA,timeout,1001,2390928,2390940,2390955,2391939,2391940,2022-04-27T10:41:23.811Z,2391956,NA,NA,NA,NA,NA,NA,NA,NA,NA,NA,NA,NA,NA,NA,NA,NA,NA,NA,NA,NA,NA,NA,NA,POC,CEJ,POC,CEJ,4,komt voor,3,komt na,2,3,komt voor,4,,,,1,na,4,no,56,Komt,NA,NA,NA,NA,NA,NA,NA,NA,NA,NA,NA,NA,NA,NA,NA,NA,NA,NA,NA,NA,NA,NA,NA,NA,NA,NA,NA,NA,NA,NA,NA,NA,NA,NA,NA,NA,NA,NA
e3950,199,NA,trial_sequence,flow.Sequence,1_2_55,NA,NA,NA,NA,completion,32002,2359922,2359921,2359937,2391939,2391941,2022-04-27T10:41:23.811Z,2391956,NA,NA,NA,NA,NA,NA,NA,NA,NA,NA,NA,NA,NA,NA,NA,NA,NA,NA,NA,NA,NA,NA,NA,POC,CEJ,POC,CEJ,4,komt voor,3,komt na,2,3,komt voor,4,,,,1,na,4,no,56,Komt,NA,NA,NA,NA,NA,NA,NA,NA,NA,NA,NA,NA,NA,NA,NA,NA,NA,NA,NA,NA,NA,NA,NA,NA,NA,NA,NA,NA,NA,NA,NA,NA,NA,NA,NA,NA,NA,NA
e3950,200,NA,trial,canvas.Screen,1_2_56_0_0,NA,NA,NA,NA,response,9726,2391946,2391939,2391956,2401665,2401640,2022-04-27T10:41:33.511Z,2401673,NA,NA,NA,NA,NA,NA,NA,NA,NA,NA,NA,NA,NA,NA,NA,NA,NA,NA,NA,NA,NA,NA,NA,LOH,ROX,KUY,LOH,4,komt na,2,komt na,3,4,komt voor,3,,,,4,voor,1,yes,57,Komt,ROX,DUQ,no,mousedown @no,yes,FALSE,KUY,DUQ,NA,NA,NA,NA,NA,NA,NA,NA,NA,NA,NA,NA,NA,NA,NA,NA,NA,NA,NA,NA,NA,NA,NA,NA,NA,NA,NA,NA,NA,NA
e3950,200,NA,timer,html.Frame,1_2_56_0,NA,NA,NA,NA,NA,9685,2391943,2391939,2391956,2401641,2401641,2022-04-27T10:41:33.512Z,2401673,NA,NA,NA,NA,NA,NA,NA,NA,NA,NA,NA,NA,NA,NA,NA,NA,NA,QUX,BAZ,FEQ,MUJ,KAX,NA,POC,CEJ,POC,CEJ,4,komt na,2,komt na,3,4,komt voor,3,,,,4,voor,1,yes,57,Komt,NA,NA,NA,NA,NA,NA,NA,NA,NA,NA,NA,NA,NA,NA,NA,NA,NA,NA,NA,NA,NA,NA,NA,NA,NA,NA,NA,NA,NA,NA,NA,NA,NA,NA,NA,NA,NA,NA
e3950,200,NA,iti,canvas.Screen,1_2_56_1,NA,NA,NA,NA,timeout,1000,2401642,2401657,2401673,2402657,2402657,2022-04-27T10:41:34.528Z,2402673,NA,NA,NA,NA,NA,NA,NA,NA,NA,NA,NA,NA,NA,NA,NA,NA,NA,NA,NA,NA,NA,NA,NA,POC,CEJ,POC,CEJ,4,komt na,2,komt na,3,4,komt voor,3,,,,4,voor,1,yes,57,Komt,NA,NA,NA,NA,NA,NA,NA,NA,NA,NA,NA,NA,NA,NA,NA,NA,NA,NA,NA,NA,NA,NA,NA,NA,NA,NA,NA,NA,NA,NA,NA,NA,NA,NA,NA,NA,NA,NA
e3950,200,NA,trial_sequence,flow.Sequence,1_2_56,NA,NA,NA,NA,completion,10701,2391941,2391939,2391956,2402657,2402658,2022-04-27T10:41:34.528Z,2402673,NA,NA,NA,NA,NA,NA,NA,NA,NA,NA,NA,NA,NA,NA,NA,NA,NA,NA,NA,NA,NA,NA,NA,POC,CEJ,POC,CEJ,4,komt na,2,komt na,3,4,komt voor,3,,,,4,voor,1,yes,57,Komt,NA,NA,NA,NA,NA,NA,NA,NA,NA,NA,NA,NA,NA,NA,NA,NA,NA,NA,NA,NA,NA,NA,NA,NA,NA,NA,NA,NA,NA,NA,NA,NA,NA,NA,NA,NA,NA,NA
e3950,201,NA,trial,canvas.Screen,1_2_57_0_0,NA,NA,NA,NA,response,16421,2402663,2402657,2402673,2419078,2419053,2022-04-27T10:41:50.923Z,2419091,NA,NA,NA,NA,NA,NA,NA,NA,NA,NA,NA,NA,NA,NA,NA,NA,NA,NA,NA,NA,NA,NA,NA,QUX,BAZ,QUX,MUJ,4,komt na,2,komt na,3,4,komt voor,3,,,,1,na,4,yes,58,Komt,BAZ,FEQ,yes,mousedown @yes,yes,TRUE,MUJ,FEQ,NA,NA,NA,NA,NA,NA,NA,NA,NA,NA,NA,NA,NA,NA,NA,NA,NA,NA,NA,NA,NA,NA,NA,NA,NA,NA,NA,NA,NA,NA
e3950,201,NA,timer,html.Frame,1_2_57_0,NA,NA,NA,NA,NA,16381,2402659,2402657,2402673,2419054,2419055,2022-04-27T10:41:50.925Z,2419091,NA,NA,NA,NA,NA,NA,NA,NA,NA,NA,NA,NA,NA,NA,NA,NA,NA,CEF,JUC,XAM,DOJ,WOR,38,POC,CEJ,POC,CEJ,4,komt na,2,komt na,3,4,komt voor,3,,,,1,na,4,yes,58,Komt,NA,NA,NA,NA,NA,NA,NA,NA,NA,NA,NA,NA,NA,NA,NA,NA,NA,NA,NA,NA,NA,NA,NA,NA,NA,NA,NA,NA,NA,NA,NA,NA,NA,NA,NA,NA,NA,NA
e3950,201,NA,iti,canvas.Screen,1_2_57_1,NA,NA,NA,NA,timeout,1000,2419055,2419075,2419091,2420075,2420075,2022-04-27T10:41:51.946Z,2420091,NA,NA,NA,NA,NA,NA,NA,NA,NA,NA,NA,NA,NA,NA,NA,NA,NA,NA,NA,NA,NA,NA,NA,POC,CEJ,POC,CEJ,4,komt na,2,komt na,3,4,komt voor,3,,,,1,na,4,yes,58,Komt,NA,NA,NA,NA,NA,NA,NA,NA,NA,NA,NA,NA,NA,NA,NA,NA,NA,NA,NA,NA,NA,NA,NA,NA,NA,NA,NA,NA,NA,NA,NA,NA,NA,NA,NA,NA,NA,NA
e3950,201,NA,trial_sequence,flow.Sequence,1_2_57,NA,NA,NA,NA,completion,17402,2402658,2402657,2402673,2420075,2420076,2022-04-27T10:41:51.946Z,2420091,NA,NA,NA,NA,NA,NA,NA,NA,NA,NA,NA,NA,NA,NA,NA,NA,NA,NA,NA,NA,NA,NA,NA,POC,CEJ,POC,CEJ,4,komt na,2,komt na,3,4,komt voor,3,,,,1,na,4,yes,58,Komt,NA,NA,NA,NA,NA,NA,NA,NA,NA,NA,NA,NA,NA,NA,NA,NA,NA,NA,NA,NA,NA,NA,NA,NA,NA,NA,NA,NA,NA,NA,NA,NA,NA,NA,NA,NA,NA,NA
e3950,202,NA,trial,canvas.Screen,1_2_58_0_0,NA,NA,NA,NA,response,16197,2420081,2420075,2420091,2436272,2436249,2022-04-27T10:42:08.119Z,2436292,NA,NA,NA,NA,NA,NA,NA,NA,NA,NA,NA,NA,NA,NA,NA,NA,NA,NA,NA,NA,NA,NA,NA,CEF,JUC,DOJ,CEF,4,komt na,3,komt voor,2,3,komt na,4,,,,4,voor,1,yes,59,Komt,XAM,JUC,no,mousedown @no,yes,FALSE,XAM,DOJ,NA,NA,NA,NA,NA,NA,NA,NA,NA,NA,NA,NA,NA,NA,NA,NA,NA,NA,NA,NA,NA,NA,NA,NA,NA,NA,NA,NA,NA,NA
e3950,202,NA,timer,html.Frame,1_2_58_0,NA,NA,NA,NA,NA,16159,2420078,2420075,2420091,2436250,2436250,2022-04-27T10:42:08.120Z,2436292,NA,NA,NA,NA,NA,NA,NA,NA,NA,NA,NA,NA,NA,NA,NA,NA,NA,QOS,RAV,FAV,SEG,XEL,NA,POC,CEJ,POC,CEJ,4,komt na,3,komt voor,2,3,komt na,4,,,,4,voor,1,yes,59,Komt,NA,NA,NA,NA,NA,NA,NA,NA,NA,NA,NA,NA,NA,NA,NA,NA,NA,NA,NA,NA,NA,NA,NA,NA,NA,NA,NA,NA,NA,NA,NA,NA,NA,NA,NA,NA,NA,NA
e3950,202,NA,iti,canvas.Screen,1_2_58_1,NA,NA,NA,NA,timeout,1001,2436250,2436275,2436292,2437276,2437277,2022-04-27T10:42:09.147Z,2437293,NA,NA,NA,NA,NA,NA,NA,NA,NA,NA,NA,NA,NA,NA,NA,NA,NA,NA,NA,NA,NA,NA,NA,POC,CEJ,POC,CEJ,4,komt na,3,komt voor,2,3,komt na,4,,,,4,voor,1,yes,59,Komt,NA,NA,NA,NA,NA,NA,NA,NA,NA,NA,NA,NA,NA,NA,NA,NA,NA,NA,NA,NA,NA,NA,NA,NA,NA,NA,NA,NA,NA,NA,NA,NA,NA,NA,NA,NA,NA,NA
e3950,202,NA,trial_sequence,flow.Sequence,1_2_58,NA,NA,NA,NA,completion,17185,2420076,2420075,2420091,2437276,2437277,2022-04-27T10:42:09.147Z,2437293,NA,NA,NA,NA,NA,NA,NA,NA,NA,NA,NA,NA,NA,NA,NA,NA,NA,NA,NA,NA,NA,NA,NA,POC,CEJ,POC,CEJ,4,komt na,3,komt voor,2,3,komt na,4,,,,4,voor,1,yes,59,Komt,NA,NA,NA,NA,NA,NA,NA,NA,NA,NA,NA,NA,NA,NA,NA,NA,NA,NA,NA,NA,NA,NA,NA,NA,NA,NA,NA,NA,NA,NA,NA,NA,NA,NA,NA,NA,NA,NA
e3950,203,NA,trial,canvas.Screen,1_2_59_0_0,NA,NA,NA,NA,timeout,31001,2437281,2437276,2437293,2468278,2468278,2022-04-27T10:42:40.148Z,2468294,NA,NA,NA,NA,NA,NA,NA,NA,NA,NA,NA,NA,NA,NA,NA,NA,NA,NA,NA,NA,NA,NA,NA,QOS,RAV,QOS,SEG,4,komt na,3,komt voor,2,3,komt na,4,,,,1,na,4,yes,60,Komt,FAV,RAV,NA,NA,NA,NA,FAV,SEG,NA,NA,NA,NA,NA,NA,NA,NA,NA,NA,NA,NA,NA,NA,NA,NA,NA,NA,NA,NA,NA,NA,NA,NA,NA,NA,NA,NA,NA,NA
e3950,203,NA,timer,html.Frame,1_2_59_0,NA,NA,NA,NA,NA,30987,2437278,2437276,2437293,2468280,2468280,2022-04-27T10:42:40.150Z,2468312,NA,NA,NA,NA,NA,NA,NA,NA,NA,NA,NA,NA,NA,NA,NA,NA,NA,COC,QAQ,YOS,JIW,QEN,NA,POC,CEJ,POC,CEJ,4,komt na,3,komt voor,2,3,komt na,4,,,,1,na,4,yes,60,Komt,NA,NA,NA,NA,NA,NA,NA,NA,NA,NA,NA,NA,NA,NA,NA,NA,NA,NA,NA,NA,NA,NA,NA,NA,NA,NA,NA,NA,NA,NA,NA,NA,NA,NA,NA,NA,NA,NA
e3950,203,NA,iti,canvas.Screen,1_2_59_1,NA,NA,NA,NA,timeout,999,2468280,2468294,2468312,2469294,2469294,2022-04-27T10:42:41.164Z,2469311,NA,NA,NA,NA,NA,NA,NA,NA,NA,NA,NA,NA,NA,NA,NA,NA,NA,NA,NA,NA,NA,NA,NA,POC,CEJ,POC,CEJ,4,komt na,3,komt voor,2,3,komt na,4,,,,1,na,4,yes,60,Komt,NA,NA,NA,NA,NA,NA,NA,NA,NA,NA,NA,NA,NA,NA,NA,NA,NA,NA,NA,NA,NA,NA,NA,NA,NA,NA,NA,NA,NA,NA,NA,NA,NA,NA,NA,NA,NA,NA
e3950,203,NA,trial_sequence,flow.Sequence,1_2_59,NA,NA,NA,NA,completion,32001,2437277,2437276,2437293,2469294,2469295,2022-04-27T10:42:41.164Z,2469311,NA,NA,NA,NA,NA,NA,NA,NA,NA,NA,NA,NA,NA,NA,NA,NA,NA,NA,NA,NA,NA,NA,NA,POC,CEJ,POC,CEJ,4,komt na,3,komt voor,2,3,komt na,4,,,,1,na,4,yes,60,Komt,NA,NA,NA,NA,NA,NA,NA,NA,NA,NA,NA,NA,NA,NA,NA,NA,NA,NA,NA,NA,NA,NA,NA,NA,NA,NA,NA,NA,NA,NA,NA,NA,NA,NA,NA,NA,NA,NA
e3950,204,NA,trial,canvas.Screen,1_2_60_0_0,NA,NA,NA,NA,response,25876,2469300,2469294,2469311,2495170,2495146,2022-04-27T10:43:07.015Z,2495180,NA,NA,NA,NA,NA,NA,NA,NA,NA,NA,NA,NA,NA,NA,NA,NA,NA,NA,NA,NA,NA,NA,NA,COC,QAQ,QEN,COC,4,komt na,3,komt voor,2,3,komt na,4,5,komt voor,4,5,voor,1,yes,61,Komt,YOS,QAQ,yes,mousedown @yes,yes,TRUE,YOS,JIW,QEN,JIW,NA,NA,NA,NA,NA,NA,NA,NA,NA,NA,NA,NA,NA,NA,NA,NA,NA,NA,NA,NA,NA,NA,NA,NA,NA,NA,NA,NA
e3950,204,NA,timer,html.Frame,1_2_60_0,NA,NA,NA,NA,NA,25836,2469297,2469294,2469311,2495147,2495147,2022-04-27T10:43:07.016Z,2495180,NA,NA,NA,NA,NA,NA,NA,NA,NA,NA,NA,NA,NA,NA,NA,NA,NA,JIR,SOJ,QUK,BIW,WUK,39,POC,CEJ,POC,CEJ,4,komt na,3,komt voor,2,3,komt na,4,5,komt voor,4,5,voor,1,yes,61,Komt,NA,NA,NA,NA,NA,NA,NA,NA,NA,NA,NA,NA,NA,NA,NA,NA,NA,NA,NA,NA,NA,NA,NA,NA,NA,NA,NA,NA,NA,NA,NA,NA,NA,NA,NA,NA,NA,NA
e3950,204,NA,iti,canvas.Screen,1_2_60_1,NA,NA,NA,NA,timeout,1000,2495147,2495163,2495180,2496162,2496163,2022-04-27T10:43:08.032Z,2496180,NA,NA,NA,NA,NA,NA,NA,NA,NA,NA,NA,NA,NA,NA,NA,NA,NA,NA,NA,NA,NA,NA,NA,POC,CEJ,POC,CEJ,4,komt na,3,komt voor,2,3,komt na,4,5,komt voor,4,5,voor,1,yes,61,Komt,NA,NA,NA,NA,NA,NA,NA,NA,NA,NA,NA,NA,NA,NA,NA,NA,NA,NA,NA,NA,NA,NA,NA,NA,NA,NA,NA,NA,NA,NA,NA,NA,NA,NA,NA,NA,NA,NA
e3950,204,NA,trial_sequence,flow.Sequence,1_2_60,NA,NA,NA,NA,completion,26851,2469295,2469294,2469311,2496162,2496163,2022-04-27T10:43:08.032Z,2496180,NA,NA,NA,NA,NA,NA,NA,NA,NA,NA,NA,NA,NA,NA,NA,NA,NA,NA,NA,NA,NA,NA,NA,POC,CEJ,POC,CEJ,4,komt na,3,komt voor,2,3,komt na,4,5,komt voor,4,5,voor,1,yes,61,Komt,NA,NA,NA,NA,NA,NA,NA,NA,NA,NA,NA,NA,NA,NA,NA,NA,NA,NA,NA,NA,NA,NA,NA,NA,NA,NA,NA,NA,NA,NA,NA,NA,NA,NA,NA,NA,NA,NA
e3950,205,NA,trial,canvas.Screen,1_2_61_0_0,NA,NA,NA,NA,response,14657,2496167,2496162,2496180,2510819,2510792,2022-04-27T10:43:22.661Z,2510831,NA,NA,NA,NA,NA,NA,NA,NA,NA,NA,NA,NA,NA,NA,NA,NA,NA,NA,NA,NA,NA,NA,NA,JIR,SOJ,JIR,WUK,4,komt na,3,komt voor,2,3,komt na,4,5,komt voor,4,1,na,5,yes,62,Komt,QUK,SOJ,yes,mousedown @yes,yes,TRUE,QUK,BIW,WUK,BIW,NA,NA,NA,NA,NA,NA,NA,NA,NA,NA,NA,NA,NA,NA,NA,NA,NA,NA,NA,NA,NA,NA,NA,NA,NA,NA,NA,NA
e3950,205,NA,timer,html.Frame,1_2_61_0,NA,NA,NA,NA,NA,14614,2496164,2496162,2496180,2510794,2510794,2022-04-27T10:43:22.663Z,2510831,NA,NA,NA,NA,NA,NA,NA,NA,NA,NA,NA,NA,NA,NA,NA,NA,NA,POZ,DIF,XAG,NUV,KAJ,40,POC,CEJ,POC,CEJ,4,komt na,3,komt voor,2,3,komt na,4,5,komt voor,4,1,na,5,yes,62,Komt,NA,NA,NA,NA,NA,NA,NA,NA,NA,NA,NA,NA,NA,NA,NA,NA,NA,NA,NA,NA,NA,NA,NA,NA,NA,NA,NA,NA,NA,NA,NA,NA,NA,NA,NA,NA,NA,NA
e3950,205,NA,iti,canvas.Screen,1_2_61_1,NA,NA,NA,NA,timeout,1000,2510794,2510814,2510831,2511814,2511815,2022-04-27T10:43:23.684Z,2511831,NA,NA,NA,NA,NA,NA,NA,NA,NA,NA,NA,NA,NA,NA,NA,NA,NA,NA,NA,NA,NA,NA,NA,POC,CEJ,POC,CEJ,4,komt na,3,komt voor,2,3,komt na,4,5,komt voor,4,1,na,5,yes,62,Komt,NA,NA,NA,NA,NA,NA,NA,NA,NA,NA,NA,NA,NA,NA,NA,NA,NA,NA,NA,NA,NA,NA,NA,NA,NA,NA,NA,NA,NA,NA,NA,NA,NA,NA,NA,NA,NA,NA
e3950,205,NA,trial_sequence,flow.Sequence,1_2_61,NA,NA,NA,NA,completion,15634,2496163,2496162,2496180,2511814,2511816,2022-04-27T10:43:23.685Z,2511831,NA,NA,NA,NA,NA,NA,NA,NA,NA,NA,NA,NA,NA,NA,NA,NA,NA,NA,NA,NA,NA,NA,NA,POC,CEJ,POC,CEJ,4,komt na,3,komt voor,2,3,komt na,4,5,komt voor,4,1,na,5,yes,62,Komt,NA,NA,NA,NA,NA,NA,NA,NA,NA,NA,NA,NA,NA,NA,NA,NA,NA,NA,NA,NA,NA,NA,NA,NA,NA,NA,NA,NA,NA,NA,NA,NA,NA,NA,NA,NA,NA,NA
e3950,206,NA,trial,canvas.Screen,1_2_62_0_0,NA,NA,NA,NA,response,10681,2511821,2511814,2511831,2522495,2522471,2022-04-27T10:43:34.340Z,2522515,NA,NA,NA,NA,NA,NA,NA,NA,NA,NA,NA,NA,NA,NA,NA,NA,NA,NA,NA,NA,NA,NA,NA,POZ,DIF,KAJ,POZ,4,komt voor,3,komt na,2,3,komt voor,4,5,komt na,4,5,voor,1,no,63,Komt,XAG,DIF,no,mousedown @no,no,TRUE,XAG,NUV,KAJ,NUV,NA,NA,NA,NA,NA,NA,NA,NA,NA,NA,NA,NA,NA,NA,NA,NA,NA,NA,NA,NA,NA,NA,NA,NA,NA,NA,NA,NA
e3950,206,NA,timer,html.Frame,1_2_62_0,NA,NA,NA,NA,NA,10641,2511817,2511814,2511831,2522472,2522472,2022-04-27T10:43:34.341Z,2522515,NA,NA,NA,NA,NA,NA,NA,NA,NA,NA,NA,NA,NA,NA,NA,NA,NA,CAF,YIV,DEZ,DUY,RAZ,41,POC,CEJ,POC,CEJ,4,komt voor,3,komt na,2,3,komt voor,4,5,komt na,4,5,voor,1,no,63,Komt,NA,NA,NA,NA,NA,NA,NA,NA,NA,NA,NA,NA,NA,NA,NA,NA,NA,NA,NA,NA,NA,NA,NA,NA,NA,NA,NA,NA,NA,NA,NA,NA,NA,NA,NA,NA,NA,NA
e3950,206,NA,iti,canvas.Screen,1_2_62_1,NA,NA,NA,NA,timeout,1000,2522473,2522499,2522515,2523498,2523498,2022-04-27T10:43:35.367Z,2523515,NA,NA,NA,NA,NA,NA,NA,NA,NA,NA,NA,NA,NA,NA,NA,NA,NA,NA,NA,NA,NA,NA,NA,POC,CEJ,POC,CEJ,4,komt voor,3,komt na,2,3,komt voor,4,5,komt na,4,5,voor,1,no,63,Komt,NA,NA,NA,NA,NA,NA,NA,NA,NA,NA,NA,NA,NA,NA,NA,NA,NA,NA,NA,NA,NA,NA,NA,NA,NA,NA,NA,NA,NA,NA,NA,NA,NA,NA,NA,NA,NA,NA
e3950,206,NA,trial_sequence,flow.Sequence,1_2_62,NA,NA,NA,NA,completion,11667,2511816,2511814,2511831,2523498,2523499,2022-04-27T10:43:35.368Z,2523515,NA,NA,NA,NA,NA,NA,NA,NA,NA,NA,NA,NA,NA,NA,NA,NA,NA,NA,NA,NA,NA,NA,NA,POC,CEJ,POC,CEJ,4,komt voor,3,komt na,2,3,komt voor,4,5,komt na,4,5,voor,1,no,63,Komt,NA,NA,NA,NA,NA,NA,NA,NA,NA,NA,NA,NA,NA,NA,NA,NA,NA,NA,NA,NA,NA,NA,NA,NA,NA,NA,NA,NA,NA,NA,NA,NA,NA,NA,NA,NA,NA,NA
e3950,207,NA,trial,canvas.Screen,1_2_63_0_0,NA,NA,NA,NA,response,3506,2523505,2523498,2523515,2527004,2526977,2022-04-27T10:43:38.846Z,2527015,NA,NA,NA,NA,NA,NA,NA,NA,NA,NA,NA,NA,NA,NA,NA,NA,NA,NA,NA,NA,NA,NA,NA,CAF,YIV,CAF,RAZ,4,komt voor,3,komt na,2,3,komt voor,4,5,komt na,4,1,na,5,no,64,Komt,DEZ,YIV,no,mousedown @no,no,TRUE,DEZ,DUY,RAZ,DUY,NA,NA,NA,NA,NA,NA,NA,NA,NA,NA,NA,NA,NA,NA,NA,NA,NA,NA,NA,NA,NA,NA,NA,NA,NA,NA,NA,NA
e3950,207,NA,timer,html.Frame,1_2_63_0,NA,NA,NA,NA,NA,3464.00000000047,2523501,2523498,2523515,2526979,2526979,2022-04-27T10:43:38.848Z,2527015,NA,NA,NA,NA,NA,NA,NA,NA,NA,NA,NA,NA,NA,NA,NA,NA,NA,HAC,QOX,PUQ,FEV,NOY,42,POC,CEJ,POC,CEJ,4,komt voor,3,komt na,2,3,komt voor,4,5,komt na,4,1,na,5,no,64,Komt,NA,NA,NA,NA,NA,NA,NA,NA,NA,NA,NA,NA,NA,NA,NA,NA,NA,NA,NA,NA,NA,NA,NA,NA,NA,NA,NA,NA,NA,NA,NA,NA,NA,NA,NA,NA,NA,NA
e3950,207,NA,iti,canvas.Screen,1_2_63_1,NA,NA,NA,NA,timeout,1001,2526980,2526998,2527015,2527999,2527999,2022-04-27T10:43:39.868Z,2528016,NA,NA,NA,NA,NA,NA,NA,NA,NA,NA,NA,NA,NA,NA,NA,NA,NA,NA,NA,NA,NA,NA,NA,POC,CEJ,POC,CEJ,4,komt voor,3,komt na,2,3,komt voor,4,5,komt na,4,1,na,5,no,64,Komt,NA,NA,NA,NA,NA,NA,NA,NA,NA,NA,NA,NA,NA,NA,NA,NA,NA,NA,NA,NA,NA,NA,NA,NA,NA,NA,NA,NA,NA,NA,NA,NA,NA,NA,NA,NA,NA,NA
e3950,207,NA,trial_sequence,flow.Sequence,1_2_63,NA,NA,NA,NA,completion,4484,2523499,2523498,2523515,2527999,2528000,2022-04-27T10:43:39.869Z,2528016,NA,NA,NA,NA,NA,NA,NA,NA,NA,NA,NA,NA,NA,NA,NA,NA,NA,NA,NA,NA,NA,NA,NA,POC,CEJ,POC,CEJ,4,komt voor,3,komt na,2,3,komt voor,4,5,komt na,4,1,na,5,no,64,Komt,NA,NA,NA,NA,NA,NA,NA,NA,NA,NA,NA,NA,NA,NA,NA,NA,NA,NA,NA,NA,NA,NA,NA,NA,NA,NA,NA,NA,NA,NA,NA,NA,NA,NA,NA,NA,NA,NA
e3950,207,NA,trial,canvas.Screen,1_2_64_0_0,NA,NA,NA,NA,response,815,2528005,2527999,2528016,2528814,2528787,2022-04-27T10:43:40.656Z,2528832,NA,NA,NA,NA,NA,NA,NA,NA,NA,NA,NA,NA,NA,NA,NA,NA,NA,NA,NA,NA,NA,NA,NA,HAC,QOX,QOX,HAC,5,bevat,,,,,,,,,,2,Bevat,1,no,65,,NA,NA,no,mousedown @no,no,TRUE,NA,NA,NA,NA,NA,NA,NA,NA,NA,NA,NA,NA,NA,NA,NA,NA,NA,NA,NA,NA,NA,NA,NA,NA,NA,NA,NA,NA,NA,NA,NA,NA
e3950,207,NA,timer,html.Frame,1_2_64_0,NA,NA,NA,NA,NA,773,2528002,2527999,2528016,2528789,2528789,2022-04-27T10:43:40.658Z,2528832,NA,NA,NA,NA,NA,NA,NA,NA,NA,NA,NA,NA,NA,NA,NA,NA,NA,VEW,CEP,LIV,KOY,PUH,43,POC,CEJ,POC,CEJ,5,bevat,,,,,,,,,,2,Bevat,1,no,65,,NA,NA,NA,NA,NA,NA,NA,NA,NA,NA,NA,NA,NA,NA,NA,NA,NA,NA,NA,NA,NA,NA,NA,NA,NA,NA,NA,NA,NA,NA,NA,NA,NA,NA,NA,NA,NA,NA
e3950,207,NA,iti,canvas.Screen,1_2_64_1,NA,NA,NA,NA,timeout,1000,2528790,2528815,2528832,2529816,2529816,2022-04-27T10:43:41.685Z,2529832,NA,NA,NA,NA,NA,NA,NA,NA,NA,NA,NA,NA,NA,NA,NA,NA,NA,NA,NA,NA,NA,NA,NA,POC,CEJ,POC,CEJ,5,bevat,,,,,,,,,,2,Bevat,1,no,65,,NA,NA,NA,NA,NA,NA,NA,NA,NA,NA,NA,NA,NA,NA,NA,NA,NA,NA,NA,NA,NA,NA,NA,NA,NA,NA,NA,NA,NA,NA,NA,NA,NA,NA,NA,NA,NA,NA
e3950,207,NA,trial_sequence,flow.Sequence,1_2_64,NA,NA,NA,NA,completion,1800,2528001,2527999,2528016,2529816,2529817,2022-04-27T10:43:41.686Z,2529832,NA,NA,NA,NA,NA,NA,NA,NA,NA,NA,NA,NA,NA,NA,NA,NA,NA,NA,NA,NA,NA,NA,NA,POC,CEJ,POC,CEJ,5,bevat,,,,,,,,,,2,Bevat,1,no,65,,NA,NA,NA,NA,NA,NA,NA,NA,NA,NA,NA,NA,NA,NA,NA,NA,NA,NA,NA,NA,NA,NA,NA,NA,NA,NA,NA,NA,NA,NA,NA,NA,NA,NA,NA,NA,NA,NA
e3950,208,NA,trial,canvas.Screen,1_2_65_0_0,NA,NA,NA,NA,response,10243,2529822,2529816,2529832,2540059,2540034,2022-04-27T10:43:51.903Z,2540065,NA,NA,NA,NA,NA,NA,NA,NA,NA,NA,NA,NA,NA,NA,NA,NA,NA,NA,NA,NA,NA,NA,NA,VEW,CEP,CEP,VEW,5,is binnen,,,,,,,,,,2,Bevat,1,yes,66,,NA,NA,yes,mousedown @yes,yes,TRUE,NA,NA,NA,NA,NA,NA,NA,NA,NA,NA,NA,NA,NA,NA,NA,NA,NA,NA,NA,NA,NA,NA,NA,NA,NA,NA,NA,NA,NA,NA,NA,NA
e3950,208,NA,timer,html.Frame,1_2_65_0,NA,NA,NA,NA,NA,10203,2529818,2529816,2529832,2540035,2540036,2022-04-27T10:43:51.904Z,2540065,NA,NA,NA,NA,NA,NA,NA,NA,NA,NA,NA,NA,NA,NA,NA,NA,NA,BUX,HUX,XOH,QEF,QAC,44,POC,CEJ,POC,CEJ,5,is binnen,,,,,,,,,,2,Bevat,1,yes,66,,NA,NA,NA,NA,NA,NA,NA,NA,NA,NA,NA,NA,NA,NA,NA,NA,NA,NA,NA,NA,NA,NA,NA,NA,NA,NA,NA,NA,NA,NA,NA,NA,NA,NA,NA,NA,NA,NA
e3950,208,NA,iti,canvas.Screen,1_2_65_1,NA,NA,NA,NA,timeout,1001,2540036,2540050,2540065,2541049,2541050,2022-04-27T10:43:52.918Z,2541066,NA,NA,NA,NA,NA,NA,NA,NA,NA,NA,NA,NA,NA,NA,NA,NA,NA,NA,NA,NA,NA,NA,NA,POC,CEJ,POC,CEJ,5,is binnen,,,,,,,,,,2,Bevat,1,yes,66,,NA,NA,NA,NA,NA,NA,NA,NA,NA,NA,NA,NA,NA,NA,NA,NA,NA,NA,NA,NA,NA,NA,NA,NA,NA,NA,NA,NA,NA,NA,NA,NA,NA,NA,NA,NA,NA,NA
e3950,208,NA,trial_sequence,flow.Sequence,1_2_65,NA,NA,NA,NA,completion,11217,2529817,2529816,2529832,2541049,2541050,2022-04-27T10:43:52.919Z,2541066,NA,NA,NA,NA,NA,NA,NA,NA,NA,NA,NA,NA,NA,NA,NA,NA,NA,NA,NA,NA,NA,NA,NA,POC,CEJ,POC,CEJ,5,is binnen,,,,,,,,,,2,Bevat,1,yes,66,,NA,NA,NA,NA,NA,NA,NA,NA,NA,NA,NA,NA,NA,NA,NA,NA,NA,NA,NA,NA,NA,NA,NA,NA,NA,NA,NA,NA,NA,NA,NA,NA,NA,NA,NA,NA,NA,NA
e3950,209,NA,trial,canvas.Screen,1_2_66_0_0,NA,NA,NA,NA,response,8994,2541058,2541049,2541066,2550043,2550016,2022-04-27T10:44:01.885Z,2550050,NA,NA,NA,NA,NA,NA,NA,NA,NA,NA,NA,NA,NA,NA,NA,NA,NA,NA,NA,NA,NA,NA,NA,BUX,HUX,XOH,BUX,5,bevat,2,bevat,3,,,,,,,3,binnen,1,yes,67,Is,HUX,XOH,no,mousedown @no,yes,FALSE,NA,NA,NA,NA,NA,NA,NA,NA,NA,NA,NA,NA,NA,NA,NA,NA,NA,NA,NA,NA,NA,NA,NA,NA,NA,NA,NA,NA,NA,NA,NA,NA
e3950,209,NA,timer,html.Frame,1_2_66_0,NA,NA,NA,NA,NA,8952,2541052,2541049,2541066,2550018,2550018,2022-04-27T10:44:01.886Z,2550050,NA,NA,NA,NA,NA,NA,NA,NA,NA,NA,NA,NA,NA,NA,NA,NA,NA,GUQ,GOW,RUD,WOF,JOJ,NA,POC,CEJ,POC,CEJ,5,bevat,2,bevat,3,,,,,,,3,binnen,1,yes,67,Is,NA,NA,NA,NA,NA,NA,NA,NA,NA,NA,NA,NA,NA,NA,NA,NA,NA,NA,NA,NA,NA,NA,NA,NA,NA,NA,NA,NA,NA,NA,NA,NA,NA,NA,NA,NA,NA,NA
e3950,209,NA,iti,canvas.Screen,1_2_66_1,NA,NA,NA,NA,timeout,1000,2550018,2550034,2550050,2551034,2551034,2022-04-27T10:44:02.903Z,2551050,NA,NA,NA,NA,NA,NA,NA,NA,NA,NA,NA,NA,NA,NA,NA,NA,NA,NA,NA,NA,NA,NA,NA,POC,CEJ,POC,CEJ,5,bevat,2,bevat,3,,,,,,,3,binnen,1,yes,67,Is,NA,NA,NA,NA,NA,NA,NA,NA,NA,NA,NA,NA,NA,NA,NA,NA,NA,NA,NA,NA,NA,NA,NA,NA,NA,NA,NA,NA,NA,NA,NA,NA,NA,NA,NA,NA,NA,NA
e3950,209,NA,trial_sequence,flow.Sequence,1_2_66,NA,NA,NA,NA,completion,9968,2541050,2541049,2541066,2551034,2551035,2022-04-27T10:44:02.903Z,2551050,NA,NA,NA,NA,NA,NA,NA,NA,NA,NA,NA,NA,NA,NA,NA,NA,NA,NA,NA,NA,NA,NA,NA,POC,CEJ,POC,CEJ,5,bevat,2,bevat,3,,,,,,,3,binnen,1,yes,67,Is,NA,NA,NA,NA,NA,NA,NA,NA,NA,NA,NA,NA,NA,NA,NA,NA,NA,NA,NA,NA,NA,NA,NA,NA,NA,NA,NA,NA,NA,NA,NA,NA,NA,NA,NA,NA,NA,NA
e3950,210,NA,trial,canvas.Screen,1_2_67_0_0,NA,NA,NA,NA,response,7387.00000000047,2551039,2551034,2551050,2558421,2558394,2022-04-27T10:44:10.262Z,2558434,NA,NA,NA,NA,NA,NA,NA,NA,NA,NA,NA,NA,NA,NA,NA,NA,NA,NA,NA,NA,NA,NA,NA,GUQ,GOW,RUD,GUQ,5,bevat,3,is binnen,2,,,,,,,3,Bevat,1,no,68,,RUD,GOW,no,mousedown @no,no,TRUE,NA,NA,NA,NA,NA,NA,NA,NA,NA,NA,NA,NA,NA,NA,NA,NA,NA,NA,NA,NA,NA,NA,NA,NA,NA,NA,NA,NA,NA,NA,NA,NA
e3950,210,NA,timer,html.Frame,1_2_67_0,NA,NA,NA,NA,NA,7346,2551036,2551034,2551050,2558396,2558396,2022-04-27T10:44:10.264Z,2558434,NA,NA,NA,NA,NA,NA,NA,NA,NA,NA,NA,NA,NA,NA,NA,NA,NA,HIG,TUY,BEC,QUR,RUZ,45,POC,CEJ,POC,CEJ,5,bevat,3,is binnen,2,,,,,,,3,Bevat,1,no,68,,NA,NA,NA,NA,NA,NA,NA,NA,NA,NA,NA,NA,NA,NA,NA,NA,NA,NA,NA,NA,NA,NA,NA,NA,NA,NA,NA,NA,NA,NA,NA,NA,NA,NA,NA,NA,NA,NA
e3950,210,NA,iti,canvas.Screen,1_2_67_1,NA,NA,NA,NA,timeout,1000,2558396,2558417,2558434,2559418,2559418,2022-04-27T10:44:11.287Z,2559434,NA,NA,NA,NA,NA,NA,NA,NA,NA,NA,NA,NA,NA,NA,NA,NA,NA,NA,NA,NA,NA,NA,NA,POC,CEJ,POC,CEJ,5,bevat,3,is binnen,2,,,,,,,3,Bevat,1,no,68,,NA,NA,NA,NA,NA,NA,NA,NA,NA,NA,NA,NA,NA,NA,NA,NA,NA,NA,NA,NA,NA,NA,NA,NA,NA,NA,NA,NA,NA,NA,NA,NA,NA,NA,NA,NA,NA,NA
e3950,210,NA,trial_sequence,flow.Sequence,1_2_67,NA,NA,NA,NA,completion,8368,2551035,2551034,2551050,2559418,2559419,2022-04-27T10:44:11.287Z,2559434,NA,NA,NA,NA,NA,NA,NA,NA,NA,NA,NA,NA,NA,NA,NA,NA,NA,NA,NA,NA,NA,NA,NA,POC,CEJ,POC,CEJ,5,bevat,3,is binnen,2,,,,,,,3,Bevat,1,no,68,,NA,NA,NA,NA,NA,NA,NA,NA,NA,NA,NA,NA,NA,NA,NA,NA,NA,NA,NA,NA,NA,NA,NA,NA,NA,NA,NA,NA,NA,NA,NA,NA,NA,NA,NA,NA,NA,NA
e3950,211,NA,trial,canvas.Screen,1_2_68_0_0,NA,NA,NA,NA,response,13063,2559424,2559418,2559434,2572481,2572453,2022-04-27T10:44:24.321Z,2572485,NA,NA,NA,NA,NA,NA,NA,NA,NA,NA,NA,NA,NA,NA,NA,NA,NA,NA,NA,NA,NA,NA,NA,HIG,TUY,HIG,BEC,5,bevat,3,is binnen,2,,,,,,,1,binnen,3,no,69,Is,BEC,TUY,no,mousedown @no,no,TRUE,NA,NA,NA,NA,NA,NA,NA,NA,NA,NA,NA,NA,NA,NA,NA,NA,NA,NA,NA,NA,NA,NA,NA,NA,NA,NA,NA,NA,NA,NA,NA,NA
e3950,211,NA,timer,html.Frame,1_2_68_0,NA,NA,NA,NA,NA,13021,2559420,2559418,2559434,2572455,2572455,2022-04-27T10:44:24.323Z,2572485,NA,NA,NA,NA,NA,NA,NA,NA,NA,NA,NA,NA,NA,NA,NA,NA,NA,PEM,QUL,VOQ,HEH,XON,46,POC,CEJ,POC,CEJ,5,bevat,3,is binnen,2,,,,,,,1,binnen,3,no,69,Is,NA,NA,NA,NA,NA,NA,NA,NA,NA,NA,NA,NA,NA,NA,NA,NA,NA,NA,NA,NA,NA,NA,NA,NA,NA,NA,NA,NA,NA,NA,NA,NA,NA,NA,NA,NA,NA,NA
e3950,211,NA,iti,canvas.Screen,1_2_68_1,NA,NA,NA,NA,timeout,1000,2572455,2572469,2572485,2573469,2573469,2022-04-27T10:44:25.337Z,2573485,NA,NA,NA,NA,NA,NA,NA,NA,NA,NA,NA,NA,NA,NA,NA,NA,NA,NA,NA,NA,NA,NA,NA,POC,CEJ,POC,CEJ,5,bevat,3,is binnen,2,,,,,,,1,binnen,3,no,69,Is,NA,NA,NA,NA,NA,NA,NA,NA,NA,NA,NA,NA,NA,NA,NA,NA,NA,NA,NA,NA,NA,NA,NA,NA,NA,NA,NA,NA,NA,NA,NA,NA,NA,NA,NA,NA,NA,NA
e3950,211,NA,trial_sequence,flow.Sequence,1_2_68,NA,NA,NA,NA,completion,14035,2559419,2559418,2559434,2573469,2573470,2022-04-27T10:44:25.338Z,2573485,NA,NA,NA,NA,NA,NA,NA,NA,NA,NA,NA,NA,NA,NA,NA,NA,NA,NA,NA,NA,NA,NA,NA,POC,CEJ,POC,CEJ,5,bevat,3,is binnen,2,,,,,,,1,binnen,3,no,69,Is,NA,NA,NA,NA,NA,NA,NA,NA,NA,NA,NA,NA,NA,NA,NA,NA,NA,NA,NA,NA,NA,NA,NA,NA,NA,NA,NA,NA,NA,NA,NA,NA,NA,NA,NA,NA,NA,NA
e3950,212,NA,trial,canvas.Screen,1_2_69_0_0,NA,NA,NA,NA,response,16682,2573476,2573469,2573485,2590151,2590124,2022-04-27T10:44:41.992Z,2590170,NA,NA,NA,NA,NA,NA,NA,NA,NA,NA,NA,NA,NA,NA,NA,NA,NA,NA,NA,NA,NA,NA,NA,PEM,QUL,VOQ,PEM,5,is binnen,2,is binnen,3,,,,,,,3,Bevat,1,yes,70,,QUL,VOQ,no,mousedown @no,yes,FALSE,NA,NA,NA,NA,NA,NA,NA,NA,NA,NA,NA,NA,NA,NA,NA,NA,NA,NA,NA,NA,NA,NA,NA,NA,NA,NA,NA,NA,NA,NA,NA,NA
e3950,212,NA,timer,html.Frame,1_2_69_0,NA,NA,NA,NA,NA,16641,2573472,2573469,2573485,2590126,2590126,2022-04-27T10:44:41.994Z,2590170,NA,NA,NA,NA,NA,NA,NA,NA,NA,NA,NA,NA,NA,NA,NA,NA,NA,JAC,MIP,VEB,HIB,DAQ,NA,POC,CEJ,POC,CEJ,5,is binnen,2,is binnen,3,,,,,,,3,Bevat,1,yes,70,,NA,NA,NA,NA,NA,NA,NA,NA,NA,NA,NA,NA,NA,NA,NA,NA,NA,NA,NA,NA,NA,NA,NA,NA,NA,NA,NA,NA,NA,NA,NA,NA,NA,NA,NA,NA,NA,NA
e3950,212,NA,iti,canvas.Screen,1_2_69_1,NA,NA,NA,NA,timeout,1000,2590126,2590152,2590170,2591153,2591154,2022-04-27T10:44:43.022Z,2591170,NA,NA,NA,NA,NA,NA,NA,NA,NA,NA,NA,NA,NA,NA,NA,NA,NA,NA,NA,NA,NA,NA,NA,POC,CEJ,POC,CEJ,5,is binnen,2,is binnen,3,,,,,,,3,Bevat,1,yes,70,,NA,NA,NA,NA,NA,NA,NA,NA,NA,NA,NA,NA,NA,NA,NA,NA,NA,NA,NA,NA,NA,NA,NA,NA,NA,NA,NA,NA,NA,NA,NA,NA,NA,NA,NA,NA,NA,NA
e3950,212,NA,trial_sequence,flow.Sequence,1_2_69,NA,NA,NA,NA,completion,17668,2573470,2573469,2573485,2591153,2591154,2022-04-27T10:44:43.022Z,2591170,NA,NA,NA,NA,NA,NA,NA,NA,NA,NA,NA,NA,NA,NA,NA,NA,NA,NA,NA,NA,NA,NA,NA,POC,CEJ,POC,CEJ,5,is binnen,2,is binnen,3,,,,,,,3,Bevat,1,yes,70,,NA,NA,NA,NA,NA,NA,NA,NA,NA,NA,NA,NA,NA,NA,NA,NA,NA,NA,NA,NA,NA,NA,NA,NA,NA,NA,NA,NA,NA,NA,NA,NA,NA,NA,NA,NA,NA,NA
e3950,213,NA,trial,canvas.Screen,1_2_70_0_0,NA,NA,NA,NA,response,29405,2591160,2591153,2591170,2620558,2620529,2022-04-27T10:45:12.397Z,2620572,NA,NA,NA,NA,NA,NA,NA,NA,NA,NA,NA,NA,NA,NA,NA,NA,NA,NA,NA,NA,NA,NA,NA,JAC,MIP,JAC,HIB,5,bevat,3,is binnen,2,3,bevat,4,,,,1,Bevat,4,yes,71,,VEB,MIP,yes,mousedown @yes,yes,TRUE,VEB,HIB,NA,NA,NA,NA,NA,NA,NA,NA,NA,NA,NA,NA,NA,NA,NA,NA,NA,NA,NA,NA,NA,NA,NA,NA,NA,NA,NA,NA,NA,NA
e3950,213,NA,timer,html.Frame,1_2_70_0,NA,NA,NA,NA,NA,29363,2591156,2591153,2591170,2620533,2620533,2022-04-27T10:45:12.401Z,2620572,NA,NA,NA,NA,NA,NA,NA,NA,NA,NA,NA,NA,NA,NA,NA,NA,NA,DIL,PEJ,YUR,YIM,LUV,47,POC,CEJ,POC,CEJ,5,bevat,3,is binnen,2,3,bevat,4,,,,1,Bevat,4,yes,71,,NA,NA,NA,NA,NA,NA,NA,NA,NA,NA,NA,NA,NA,NA,NA,NA,NA,NA,NA,NA,NA,NA,NA,NA,NA,NA,NA,NA,NA,NA,NA,NA,NA,NA,NA,NA,NA,NA
e3950,213,NA,iti,canvas.Screen,1_2_70_1,NA,NA,NA,NA,timeout,1000,2620534,2620554,2620572,2621555,2621556,2022-04-27T10:45:13.423Z,2621572,NA,NA,NA,NA,NA,NA,NA,NA,NA,NA,NA,NA,NA,NA,NA,NA,NA,NA,NA,NA,NA,NA,NA,POC,CEJ,POC,CEJ,5,bevat,3,is binnen,2,3,bevat,4,,,,1,Bevat,4,yes,71,,NA,NA,NA,NA,NA,NA,NA,NA,NA,NA,NA,NA,NA,NA,NA,NA,NA,NA,NA,NA,NA,NA,NA,NA,NA,NA,NA,NA,NA,NA,NA,NA,NA,NA,NA,NA,NA,NA
e3950,213,NA,trial_sequence,flow.Sequence,1_2_70,NA,NA,NA,NA,completion,30385,2591154,2591153,2591170,2621555,2621556,2022-04-27T10:45:13.423Z,2621572,NA,NA,NA,NA,NA,NA,NA,NA,NA,NA,NA,NA,NA,NA,NA,NA,NA,NA,NA,NA,NA,NA,NA,POC,CEJ,POC,CEJ,5,bevat,3,is binnen,2,3,bevat,4,,,,1,Bevat,4,yes,71,,NA,NA,NA,NA,NA,NA,NA,NA,NA,NA,NA,NA,NA,NA,NA,NA,NA,NA,NA,NA,NA,NA,NA,NA,NA,NA,NA,NA,NA,NA,NA,NA,NA,NA,NA,NA,NA,NA
e3950,214,NA,trial,canvas.Screen,1_2_71_0_0,NA,NA,NA,NA,response,26461,2621562,2621555,2621572,2648016,2647990,2022-04-27T10:45:39.857Z,2648023,NA,NA,NA,NA,NA,NA,NA,NA,NA,NA,NA,NA,NA,NA,NA,NA,NA,NA,NA,NA,NA,NA,NA,DIL,PEJ,YIM,DIL,5,bevat,3,is binnen,2,3,bevat,4,,,,4,binnen,1,yes,72,Is,YUR,PEJ,yes,mousedown @yes,yes,TRUE,YUR,YIM,NA,NA,NA,NA,NA,NA,NA,NA,NA,NA,NA,NA,NA,NA,NA,NA,NA,NA,NA,NA,NA,NA,NA,NA,NA,NA,NA,NA,NA,NA
e3950,214,NA,timer,html.Frame,1_2_71_0,NA,NA,NA,NA,NA,26419,2621558,2621555,2621572,2647991,2647991,2022-04-27T10:45:39.858Z,2648023,NA,NA,NA,NA,NA,NA,NA,NA,NA,NA,NA,NA,NA,NA,NA,NA,NA,CID,NOJ,VUK,JOF,XUB,48,POC,CEJ,POC,CEJ,5,bevat,3,is binnen,2,3,bevat,4,,,,4,binnen,1,yes,72,Is,NA,NA,NA,NA,NA,NA,NA,NA,NA,NA,NA,NA,NA,NA,NA,NA,NA,NA,NA,NA,NA,NA,NA,NA,NA,NA,NA,NA,NA,NA,NA,NA,NA,NA,NA,NA,NA,NA
e3950,214,NA,iti,canvas.Screen,1_2_71_1,NA,NA,NA,NA,timeout,1003,2647991,2648006,2648023,2649007,2649008,2022-04-27T10:45:40.875Z,2649026,NA,NA,NA,NA,NA,NA,NA,NA,NA,NA,NA,NA,NA,NA,NA,NA,NA,NA,NA,NA,NA,NA,NA,POC,CEJ,POC,CEJ,5,bevat,3,is binnen,2,3,bevat,4,,,,4,binnen,1,yes,72,Is,NA,NA,NA,NA,NA,NA,NA,NA,NA,NA,NA,NA,NA,NA,NA,NA,NA,NA,NA,NA,NA,NA,NA,NA,NA,NA,NA,NA,NA,NA,NA,NA,NA,NA,NA,NA,NA,NA
e3950,214,NA,trial_sequence,flow.Sequence,1_2_71,NA,NA,NA,NA,completion,27435,2621556,2621555,2621572,2649007,2649008,2022-04-27T10:45:40.875Z,2649026,NA,NA,NA,NA,NA,NA,NA,NA,NA,NA,NA,NA,NA,NA,NA,NA,NA,NA,NA,NA,NA,NA,NA,POC,CEJ,POC,CEJ,5,bevat,3,is binnen,2,3,bevat,4,,,,4,binnen,1,yes,72,Is,NA,NA,NA,NA,NA,NA,NA,NA,NA,NA,NA,NA,NA,NA,NA,NA,NA,NA,NA,NA,NA,NA,NA,NA,NA,NA,NA,NA,NA,NA,NA,NA,NA,NA,NA,NA,NA,NA
e3950,215,NA,trial,canvas.Screen,1_2_72_0_0,NA,NA,NA,NA,response,18905.0000000005,2649017,2649007,2649026,2667912,2667886,2022-04-27T10:45:59.753Z,2667925,NA,NA,NA,NA,NA,NA,NA,NA,NA,NA,NA,NA,NA,NA,NA,NA,NA,NA,NA,NA,NA,NA,NA,CID,NOJ,JOF,CID,5,is binnen,3,bevat,2,4,bevat,3,,,,4,Bevat,1,yes,73,,VUK,NOJ,yes,mousedown @yes,yes,TRUE,JOF,VUK,NA,NA,NA,NA,NA,NA,NA,NA,NA,NA,NA,NA,NA,NA,NA,NA,NA,NA,NA,NA,NA,NA,NA,NA,NA,NA,NA,NA,NA,NA
e3950,215,NA,timer,html.Frame,1_2_72_0,NA,NA,NA,NA,NA,18861,2649010,2649007,2649026,2667887,2667888,2022-04-27T10:45:59.754Z,2667925,NA,NA,NA,NA,NA,NA,NA,NA,NA,NA,NA,NA,NA,NA,NA,NA,NA,QAG,VUW,GIM,TOC,JUM,49,POC,CEJ,POC,CEJ,5,is binnen,3,bevat,2,4,bevat,3,,,,4,Bevat,1,yes,73,,NA,NA,NA,NA,NA,NA,NA,NA,NA,NA,NA,NA,NA,NA,NA,NA,NA,NA,NA,NA,NA,NA,NA,NA,NA,NA,NA,NA,NA,NA,NA,NA,NA,NA,NA,NA,NA,NA
e3950,215,NA,iti,canvas.Screen,1_2_72_1,NA,NA,NA,NA,timeout,999,2667888,2667909,2667925,2668909,2668909,2022-04-27T10:46:00.776Z,2668924,NA,NA,NA,NA,NA,NA,NA,NA,NA,NA,NA,NA,NA,NA,NA,NA,NA,NA,NA,NA,NA,NA,NA,POC,CEJ,POC,CEJ,5,is binnen,3,bevat,2,4,bevat,3,,,,4,Bevat,1,yes,73,,NA,NA,NA,NA,NA,NA,NA,NA,NA,NA,NA,NA,NA,NA,NA,NA,NA,NA,NA,NA,NA,NA,NA,NA,NA,NA,NA,NA,NA,NA,NA,NA,NA,NA,NA,NA,NA,NA
e3950,215,NA,trial_sequence,flow.Sequence,1_2_72,NA,NA,NA,NA,completion,19883,2649008,2649007,2649026,2668909,2668910,2022-04-27T10:46:00.776Z,2668924,NA,NA,NA,NA,NA,NA,NA,NA,NA,NA,NA,NA,NA,NA,NA,NA,NA,NA,NA,NA,NA,NA,NA,POC,CEJ,POC,CEJ,5,is binnen,3,bevat,2,4,bevat,3,,,,4,Bevat,1,yes,73,,NA,NA,NA,NA,NA,NA,NA,NA,NA,NA,NA,NA,NA,NA,NA,NA,NA,NA,NA,NA,NA,NA,NA,NA,NA,NA,NA,NA,NA,NA,NA,NA,NA,NA,NA,NA,NA,NA
e3950,216,NA,trial,canvas.Screen,1_2_73_0_0,NA,NA,NA,NA,response,21515,2668915,2668909,2668924,2690424,2690396,2022-04-27T10:46:22.262Z,2690426,NA,NA,NA,NA,NA,NA,NA,NA,NA,NA,NA,NA,NA,NA,NA,NA,NA,NA,NA,NA,NA,NA,NA,QAG,VUW,QAG,TOC,5,is binnen,3,bevat,2,4,bevat,3,,,,1,binnen,4,yes,74,Is,GIM,VUW,no,mousedown @no,yes,FALSE,TOC,GIM,NA,NA,NA,NA,NA,NA,NA,NA,NA,NA,NA,NA,NA,NA,NA,NA,NA,NA,NA,NA,NA,NA,NA,NA,NA,NA,NA,NA,NA,NA
e3950,216,NA,timer,html.Frame,1_2_73_0,NA,NA,NA,NA,NA,21473,2668911,2668909,2668924,2690397,2690398,2022-04-27T10:46:22.264Z,2690426,NA,NA,NA,NA,NA,NA,NA,NA,NA,NA,NA,NA,NA,NA,NA,NA,NA,HUZ,CEK,TEM,SAR,JEM,NA,POC,CEJ,POC,CEJ,5,is binnen,3,bevat,2,4,bevat,3,,,,1,binnen,4,yes,74,Is,NA,NA,NA,NA,NA,NA,NA,NA,NA,NA,NA,NA,NA,NA,NA,NA,NA,NA,NA,NA,NA,NA,NA,NA,NA,NA,NA,NA,NA,NA,NA,NA,NA,NA,NA,NA,NA,NA
e3950,216,NA,iti,canvas.Screen,1_2_73_1,NA,NA,NA,NA,timeout,1000,2690398,2690409,2690426,2691410,2691411,2022-04-27T10:46:23.277Z,2691426,NA,NA,NA,NA,NA,NA,NA,NA,NA,NA,NA,NA,NA,NA,NA,NA,NA,NA,NA,NA,NA,NA,NA,POC,CEJ,POC,CEJ,5,is binnen,3,bevat,2,4,bevat,3,,,,1,binnen,4,yes,74,Is,NA,NA,NA,NA,NA,NA,NA,NA,NA,NA,NA,NA,NA,NA,NA,NA,NA,NA,NA,NA,NA,NA,NA,NA,NA,NA,NA,NA,NA,NA,NA,NA,NA,NA,NA,NA,NA,NA
e3950,216,NA,trial_sequence,flow.Sequence,1_2_73,NA,NA,NA,NA,completion,22486,2668910,2668909,2668924,2691410,2691411,2022-04-27T10:46:23.277Z,2691426,NA,NA,NA,NA,NA,NA,NA,NA,NA,NA,NA,NA,NA,NA,NA,NA,NA,NA,NA,NA,NA,NA,NA,POC,CEJ,POC,CEJ,5,is binnen,3,bevat,2,4,bevat,3,,,,1,binnen,4,yes,74,Is,NA,NA,NA,NA,NA,NA,NA,NA,NA,NA,NA,NA,NA,NA,NA,NA,NA,NA,NA,NA,NA,NA,NA,NA,NA,NA,NA,NA,NA,NA,NA,NA,NA,NA,NA,NA,NA,NA
e3950,217,NA,trial,canvas.Screen,1_2_74_0_0,NA,NA,NA,NA,response,18147.0000000005,2691417,2691410,2691426,2709557,2709527,2022-04-27T10:46:41.392Z,2709561,NA,NA,NA,NA,NA,NA,NA,NA,NA,NA,NA,NA,NA,NA,NA,NA,NA,NA,NA,NA,NA,NA,NA,HUZ,CEK,HUZ,SAR,5,is binnen,2,is binnen,3,4,bevat,3,,,,1,Bevat,4,no,75,,CEK,TEM,no,mousedown @no,no,TRUE,SAR,TEM,NA,NA,NA,NA,NA,NA,NA,NA,NA,NA,NA,NA,NA,NA,NA,NA,NA,NA,NA,NA,NA,NA,NA,NA,NA,NA,NA,NA,NA,NA
e3950,217,NA,timer,html.Frame,1_2_74_0,NA,NA,NA,NA,NA,18104,2691413,2691410,2691426,2709530,2709530,2022-04-27T10:46:41.396Z,2709561,NA,NA,NA,NA,NA,NA,NA,NA,NA,NA,NA,NA,NA,NA,NA,NA,NA,PIV,NIK,HOS,FOL,GUR,50,POC,CEJ,POC,CEJ,5,is binnen,2,is binnen,3,4,bevat,3,,,,1,Bevat,4,no,75,,NA,NA,NA,NA,NA,NA,NA,NA,NA,NA,NA,NA,NA,NA,NA,NA,NA,NA,NA,NA,NA,NA,NA,NA,NA,NA,NA,NA,NA,NA,NA,NA,NA,NA,NA,NA,NA,NA
e3950,217,NA,iti,canvas.Screen,1_2_74_1,NA,NA,NA,NA,timeout,1000,2709530,2709545,2709561,2710545,2710545,2022-04-27T10:46:42.411Z,2710561,NA,NA,NA,NA,NA,NA,NA,NA,NA,NA,NA,NA,NA,NA,NA,NA,NA,NA,NA,NA,NA,NA,NA,POC,CEJ,POC,CEJ,5,is binnen,2,is binnen,3,4,bevat,3,,,,1,Bevat,4,no,75,,NA,NA,NA,NA,NA,NA,NA,NA,NA,NA,NA,NA,NA,NA,NA,NA,NA,NA,NA,NA,NA,NA,NA,NA,NA,NA,NA,NA,NA,NA,NA,NA,NA,NA,NA,NA,NA,NA
e3950,217,NA,trial_sequence,flow.Sequence,1_2_74,NA,NA,NA,NA,completion,19119,2691411,2691410,2691426,2710545,2710545,2022-04-27T10:46:42.411Z,2710561,NA,NA,NA,NA,NA,NA,NA,NA,NA,NA,NA,NA,NA,NA,NA,NA,NA,NA,NA,NA,NA,NA,NA,POC,CEJ,POC,CEJ,5,is binnen,2,is binnen,3,4,bevat,3,,,,1,Bevat,4,no,75,,NA,NA,NA,NA,NA,NA,NA,NA,NA,NA,NA,NA,NA,NA,NA,NA,NA,NA,NA,NA,NA,NA,NA,NA,NA,NA,NA,NA,NA,NA,NA,NA,NA,NA,NA,NA,NA,NA
e3950,218,NA,trial,canvas.Screen,1_2_75_0_0,NA,NA,NA,NA,response,17116,2710550,2710545,2710561,2727661,2727632,2022-04-27T10:46:59.498Z,2727662,NA,NA,NA,NA,NA,NA,NA,NA,NA,NA,NA,NA,NA,NA,NA,NA,NA,NA,NA,NA,NA,NA,NA,PIV,NIK,FOL,PIV,5,is binnen,2,is binnen,3,4,bevat,3,,,,4,binnen,1,no,76,Is,NIK,HOS,yes,mousedown @yes,no,FALSE,FOL,HOS,NA,NA,NA,NA,NA,NA,NA,NA,NA,NA,NA,NA,NA,NA,NA,NA,NA,NA,NA,NA,NA,NA,NA,NA,NA,NA,NA,NA,NA,NA
e3950,218,NA,timer,html.Frame,1_2_75_0,NA,NA,NA,NA,NA,17072.0000000005,2710547,2710545,2710561,2727633,2727633,2022-04-27T10:46:59.499Z,2727662,NA,NA,NA,NA,NA,NA,NA,NA,NA,NA,NA,NA,NA,NA,NA,NA,NA,GUG,QAW,CET,NIR,FEH,NA,POC,CEJ,POC,CEJ,5,is binnen,2,is binnen,3,4,bevat,3,,,,4,binnen,1,no,76,Is,NA,NA,NA,NA,NA,NA,NA,NA,NA,NA,NA,NA,NA,NA,NA,NA,NA,NA,NA,NA,NA,NA,NA,NA,NA,NA,NA,NA,NA,NA,NA,NA,NA,NA,NA,NA,NA,NA
e3950,218,NA,iti,canvas.Screen,1_2_75_1,NA,NA,NA,NA,timeout,1000,2727633,2727645,2727662,2728646,2728647,2022-04-27T10:47:00.512Z,2728662,NA,NA,NA,NA,NA,NA,NA,NA,NA,NA,NA,NA,NA,NA,NA,NA,NA,NA,NA,NA,NA,NA,NA,POC,CEJ,POC,CEJ,5,is binnen,2,is binnen,3,4,bevat,3,,,,4,binnen,1,no,76,Is,NA,NA,NA,NA,NA,NA,NA,NA,NA,NA,NA,NA,NA,NA,NA,NA,NA,NA,NA,NA,NA,NA,NA,NA,NA,NA,NA,NA,NA,NA,NA,NA,NA,NA,NA,NA,NA,NA
e3950,218,NA,trial_sequence,flow.Sequence,1_2_75,NA,NA,NA,NA,completion,18085,2710545,2710545,2710561,2728646,2728647,2022-04-27T10:47:00.513Z,2728662,NA,NA,NA,NA,NA,NA,NA,NA,NA,NA,NA,NA,NA,NA,NA,NA,NA,NA,NA,NA,NA,NA,NA,POC,CEJ,POC,CEJ,5,is binnen,2,is binnen,3,4,bevat,3,,,,4,binnen,1,no,76,Is,NA,NA,NA,NA,NA,NA,NA,NA,NA,NA,NA,NA,NA,NA,NA,NA,NA,NA,NA,NA,NA,NA,NA,NA,NA,NA,NA,NA,NA,NA,NA,NA,NA,NA,NA,NA,NA,NA
e3950,219,NA,trial,canvas.Screen,1_2_76_0_0,NA,NA,NA,NA,response,14146,2728654,2728646,2728662,2742792,2742761,2022-04-27T10:47:14.627Z,2742796,NA,NA,NA,NA,NA,NA,NA,NA,NA,NA,NA,NA,NA,NA,NA,NA,NA,NA,NA,NA,NA,NA,NA,GUG,QAW,GUG,FEH,5,bevat,3,is binnen,2,3,bevat,4,5,is binnen,4,1,Bevat,5,yes,77,,CET,QAW,no,mousedown @no,yes,FALSE,CET,NIR,FEH,NIR,NA,NA,NA,NA,NA,NA,NA,NA,NA,NA,NA,NA,NA,NA,NA,NA,NA,NA,NA,NA,NA,NA,NA,NA,NA,NA,NA,NA
e3950,219,NA,timer,html.Frame,1_2_76_0,NA,NA,NA,NA,NA,14100,2728649,2728646,2728662,2742762,2742763,2022-04-27T10:47:14.628Z,2742796,NA,NA,NA,NA,NA,NA,NA,NA,NA,NA,NA,NA,NA,NA,NA,NA,NA,"NAS",QAR,WOQ,QAF,DEQ,NA,POC,CEJ,POC,CEJ,5,bevat,3,is binnen,2,3,bevat,4,5,is binnen,4,1,Bevat,5,yes,77,,NA,NA,NA,NA,NA,NA,NA,NA,NA,NA,NA,NA,NA,NA,NA,NA,NA,NA,NA,NA,NA,NA,NA,NA,NA,NA,NA,NA,NA,NA,NA,NA,NA,NA,NA,NA,NA,NA
e3950,219,NA,iti,canvas.Screen,1_2_76_1,NA,NA,NA,NA,timeout,1002,2742763,2742780,2742796,2743780,2743780,2022-04-27T10:47:15.646Z,2743798,NA,NA,NA,NA,NA,NA,NA,NA,NA,NA,NA,NA,NA,NA,NA,NA,NA,NA,NA,NA,NA,NA,NA,POC,CEJ,POC,CEJ,5,bevat,3,is binnen,2,3,bevat,4,5,is binnen,4,1,Bevat,5,yes,77,,NA,NA,NA,NA,NA,NA,NA,NA,NA,NA,NA,NA,NA,NA,NA,NA,NA,NA,NA,NA,NA,NA,NA,NA,NA,NA,NA,NA,NA,NA,NA,NA,NA,NA,NA,NA,NA,NA
e3950,219,NA,trial_sequence,flow.Sequence,1_2_76,NA,NA,NA,NA,completion,15118,2728647,2728646,2728662,2743780,2743781,2022-04-27T10:47:15.646Z,2743798,NA,NA,NA,NA,NA,NA,NA,NA,NA,NA,NA,NA,NA,NA,NA,NA,NA,NA,NA,NA,NA,NA,NA,POC,CEJ,POC,CEJ,5,bevat,3,is binnen,2,3,bevat,4,5,is binnen,4,1,Bevat,5,yes,77,,NA,NA,NA,NA,NA,NA,NA,NA,NA,NA,NA,NA,NA,NA,NA,NA,NA,NA,NA,NA,NA,NA,NA,NA,NA,NA,NA,NA,NA,NA,NA,NA,NA,NA,NA,NA,NA,NA
e3950,220,NA,trial,canvas.Screen,1_2_77_0_0,NA,NA,NA,NA,response,17727,2743789,2743780,2743798,2761507,2761479,2022-04-27T10:47:33.344Z,2761514,NA,NA,NA,NA,NA,NA,NA,NA,NA,NA,NA,NA,NA,NA,NA,NA,NA,NA,NA,NA,NA,NA,NA,"NAS",QAR,DEQ,"NAS",5,bevat,3,is binnen,2,3,bevat,4,4,bevat,5,5,Bevat,1,no,78,,WOQ,QAR,yes,mousedown @yes,no,FALSE,WOQ,QAF,QAF,DEQ,NA,NA,NA,NA,NA,NA,NA,NA,NA,NA,NA,NA,NA,NA,NA,NA,NA,NA,NA,NA,NA,NA,NA,NA,NA,NA,NA,NA
e3950,220,NA,timer,html.Frame,1_2_77_0,NA,NA,NA,NA,NA,17682,2743782,2743780,2743798,2761480,2761481,2022-04-27T10:47:33.346Z,2761514,NA,NA,NA,NA,NA,NA,NA,NA,NA,NA,NA,NA,NA,NA,NA,NA,NA,SAV,LUB,SUQ,MIQ,GIV,NA,POC,CEJ,POC,CEJ,5,bevat,3,is binnen,2,3,bevat,4,4,bevat,5,5,Bevat,1,no,78,,NA,NA,NA,NA,NA,NA,NA,NA,NA,NA,NA,NA,NA,NA,NA,NA,NA,NA,NA,NA,NA,NA,NA,NA,NA,NA,NA,NA,NA,NA,NA,NA,NA,NA,NA,NA,NA,NA
e3950,220,NA,iti,canvas.Screen,1_2_77_1,NA,NA,NA,NA,timeout,1001,2761481,2761498,2761514,2762498,2762498,2022-04-27T10:47:34.364Z,2762515,NA,NA,NA,NA,NA,NA,NA,NA,NA,NA,NA,NA,NA,NA,NA,NA,NA,NA,NA,NA,NA,NA,NA,POC,CEJ,POC,CEJ,5,bevat,3,is binnen,2,3,bevat,4,4,bevat,5,5,Bevat,1,no,78,,NA,NA,NA,NA,NA,NA,NA,NA,NA,NA,NA,NA,NA,NA,NA,NA,NA,NA,NA,NA,NA,NA,NA,NA,NA,NA,NA,NA,NA,NA,NA,NA,NA,NA,NA,NA,NA,NA
e3950,220,NA,trial_sequence,flow.Sequence,1_2_77,NA,NA,NA,NA,completion,18700,2743781,2743780,2743798,2762498,2762499,2022-04-27T10:47:34.364Z,2762515,NA,NA,NA,NA,NA,NA,NA,NA,NA,NA,NA,NA,NA,NA,NA,NA,NA,NA,NA,NA,NA,NA,NA,POC,CEJ,POC,CEJ,5,bevat,3,is binnen,2,3,bevat,4,4,bevat,5,5,Bevat,1,no,78,,NA,NA,NA,NA,NA,NA,NA,NA,NA,NA,NA,NA,NA,NA,NA,NA,NA,NA,NA,NA,NA,NA,NA,NA,NA,NA,NA,NA,NA,NA,NA,NA,NA,NA,NA,NA,NA,NA
e3950,221,NA,trial,canvas.Screen,1_2_78_0_0,NA,NA,NA,NA,response,23868,2762505,2762498,2762515,2786366,2786337,2022-04-27T10:47:58.202Z,2786383,NA,NA,NA,NA,NA,NA,NA,NA,NA,NA,NA,NA,NA,NA,NA,NA,NA,NA,NA,NA,NA,NA,NA,SAV,LUB,GIV,SAV,5,is binnen,3,bevat,2,4,bevat,3,5,bevat,4,5,binnen,1,no,79,Is,SUQ,LUB,no,mousedown @no,no,TRUE,MIQ,SUQ,GIV,MIQ,NA,NA,NA,NA,NA,NA,NA,NA,NA,NA,NA,NA,NA,NA,NA,NA,NA,NA,NA,NA,NA,NA,NA,NA,NA,NA,NA,NA
e3950,221,NA,timer,html.Frame,1_2_78_0,NA,NA,NA,NA,NA,23823,2762500,2762498,2762515,2786338,2786339,2022-04-27T10:47:58.203Z,2786383,NA,NA,NA,NA,NA,NA,NA,NA,NA,NA,NA,NA,NA,NA,NA,NA,NA,DUZ,NOQ,MEF,KEM,NUQ,51,POC,CEJ,POC,CEJ,5,is binnen,3,bevat,2,4,bevat,3,5,bevat,4,5,binnen,1,no,79,Is,NA,NA,NA,NA,NA,NA,NA,NA,NA,NA,NA,NA,NA,NA,NA,NA,NA,NA,NA,NA,NA,NA,NA,NA,NA,NA,NA,NA,NA,NA,NA,NA,NA,NA,NA,NA,NA,NA
e3950,221,NA,iti,canvas.Screen,1_2_78_1,NA,NA,NA,NA,timeout,1000,2786339,2786367,2786383,2787367,2787367,2022-04-27T10:47:59.232Z,2787383,NA,NA,NA,NA,NA,NA,NA,NA,NA,NA,NA,NA,NA,NA,NA,NA,NA,NA,NA,NA,NA,NA,NA,POC,CEJ,POC,CEJ,5,is binnen,3,bevat,2,4,bevat,3,5,bevat,4,5,binnen,1,no,79,Is,NA,NA,NA,NA,NA,NA,NA,NA,NA,NA,NA,NA,NA,NA,NA,NA,NA,NA,NA,NA,NA,NA,NA,NA,NA,NA,NA,NA,NA,NA,NA,NA,NA,NA,NA,NA,NA,NA
e3950,221,NA,trial_sequence,flow.Sequence,1_2_78,NA,NA,NA,NA,completion,24852,2762499,2762498,2762515,2787367,2787367,2022-04-27T10:47:59.232Z,2787383,NA,NA,NA,NA,NA,NA,NA,NA,NA,NA,NA,NA,NA,NA,NA,NA,NA,NA,NA,NA,NA,NA,NA,POC,CEJ,POC,CEJ,5,is binnen,3,bevat,2,4,bevat,3,5,bevat,4,5,binnen,1,no,79,Is,NA,NA,NA,NA,NA,NA,NA,NA,NA,NA,NA,NA,NA,NA,NA,NA,NA,NA,NA,NA,NA,NA,NA,NA,NA,NA,NA,NA,NA,NA,NA,NA,NA,NA,NA,NA,NA,NA
e3950,222,NA,trial,canvas.Screen,1_2_79_0_0,NA,NA,NA,NA,response,29312,2787372,2787367,2787383,2816679,2816650,2022-04-27T10:48:28.514Z,2816685,NA,NA,NA,NA,NA,NA,NA,NA,NA,NA,NA,NA,NA,NA,NA,NA,NA,NA,NA,NA,NA,NA,NA,DUZ,NOQ,DUZ,NUQ,5,is binnen,2,is binnen,3,4,bevat,3,5,bevat,4,1,binnen,5,yes,80,Is,NOQ,MEF,yes,mousedown @yes,yes,TRUE,KEM,MEF,NUQ,KEM,NA,NA,NA,NA,NA,NA,NA,NA,NA,NA,NA,NA,NA,NA,NA,NA,NA,NA,NA,NA,NA,NA,NA,NA,NA,NA,NA,NA
e3950,222,NA,timer,html.Frame,1_2_79_0,NA,NA,NA,NA,NA,29268,2787369,2787367,2787383,2816651,2816651,2022-04-27T10:48:28.515Z,2816685,NA,NA,NA,NA,NA,NA,NA,NA,NA,NA,NA,NA,NA,NA,NA,NA,NA,QON,DET,GOZ,TIV,TOJ,52,POC,CEJ,POC,CEJ,5,is binnen,2,is binnen,3,4,bevat,3,5,bevat,4,1,binnen,5,yes,80,Is,NA,NA,NA,NA,NA,NA,NA,NA,NA,NA,NA,NA,NA,NA,NA,NA,NA,NA,NA,NA,NA,NA,NA,NA,NA,NA,NA,NA,NA,NA,NA,NA,NA,NA,NA,NA,NA,NA
e3950,222,NA,iti,canvas.Screen,1_2_79_1,NA,NA,NA,NA,timeout,1037,2816651,2816668,2816685,2817669,2817669,2022-04-27T10:48:29.533Z,2817722,NA,NA,NA,NA,NA,NA,NA,NA,NA,NA,NA,NA,NA,NA,NA,NA,NA,NA,NA,NA,NA,NA,NA,POC,CEJ,POC,CEJ,5,is binnen,2,is binnen,3,4,bevat,3,5,bevat,4,1,binnen,5,yes,80,Is,NA,NA,NA,NA,NA,NA,NA,NA,NA,NA,NA,NA,NA,NA,NA,NA,NA,NA,NA,NA,NA,NA,NA,NA,NA,NA,NA,NA,NA,NA,NA,NA,NA,NA,NA,NA,NA,NA
e3950,222,NA,trial_sequence,flow.Sequence,1_2_79,NA,NA,NA,NA,completion,30286,2787368,2787367,2787383,2817669,2817670,2022-04-27T10:48:29.534Z,2817722,NA,NA,NA,NA,NA,NA,NA,NA,NA,NA,NA,NA,NA,NA,NA,NA,NA,NA,NA,NA,NA,NA,NA,POC,CEJ,POC,CEJ,5,is binnen,2,is binnen,3,4,bevat,3,5,bevat,4,1,binnen,5,yes,80,Is,NA,NA,NA,NA,NA,NA,NA,NA,NA,NA,NA,NA,NA,NA,NA,NA,NA,NA,NA,NA,NA,NA,NA,NA,NA,NA,NA,NA,NA,NA,NA,NA,NA,NA,NA,NA,NA,NA
e3950,222,NA,standard_trial_list,flow.Loop,1_2,NA,NA,NA,NA,completion,1790350,1027252,1027295,1027319,2817669,2817670,2022-04-27T10:48:29.535Z,2817722,NA,NA,NA,NA,NA,NA,NA,NA,NA,NA,NA,NA,NA,NA,NA,NA,NA,NA,NA,NA,NA,NA,NA,POC,CEJ,POC,CEJ,NA,NA,NA,NA,NA,NA,NA,NA,NA,NA,NA,NA,NA,NA,NA,NA,NA,NA,NA,NA,NA,NA,NA,NA,NA,NA,NA,NA,NA,NA,NA,NA,NA,NA,NA,NA,NA,NA,NA,NA,NA,NA,NA,NA,NA,NA,NA,NA,NA,NA,NA,NA,NA,NA,NA
e3950,223,NA,trial,canvas.Screen,1_3_0_0_0,NA,NA,NA,NA,response,11387,2817714,2817669,2817722,2829056,2829030,2022-04-27T10:48:40.894Z,2829070,NA,NA,NA,NA,NA,NA,NA,NA,NA,NA,NA,NA,NA,NA,NA,NA,NA,YIG,YOX,YIW,LOQ,NA,NA,YIG,YOX,YIG,YOX,6,is hetzelfde als,NA,is hetzelfde als,NA,NA,NA,NA,NA,NA,NA,1,hetzelfde als,2,yes,81,NA,YIW,LOQ,no,mousedown @no,yes,FALSE,NA,NA,NA,NA,YIW,LOQ,3,4,NA,NA,NA,NA,NA,NA,NA,NA,NA,NA,NA,NA,NA,NA,NA,NA,NA,NA,NA,NA,NA,NA,NA,NA
e3950,223,NA,timer,html.Frame,1_3_0_0,NA,NA,NA,NA,NA,11310,2817712,2817669,2817722,2829032,2829033,2022-04-27T10:48:40.897Z,2829070,NA,NA,NA,NA,NA,NA,NA,NA,NA,NA,NA,NA,NA,NA,NA,NA,NA,QES,SOG,QUM,YAT,NA,NA,YIG,YOX,YIG,YOX,6,is hetzelfde als,NA,is hetzelfde als,NA,NA,NA,NA,NA,NA,NA,1,hetzelfde als,2,yes,81,NA,YIW,LOQ,NA,NA,NA,NA,NA,NA,NA,NA,YIW,LOQ,3,4,NA,NA,NA,NA,NA,NA,NA,NA,NA,NA,NA,NA,NA,NA,NA,NA,NA,NA,NA,NA,NA,NA,NA,NA
e3950,223,NA,iti,canvas.Screen,1_3_0_1,NA,NA,NA,NA,timeout,1000,2829033,2829052,2829070,2830053,2830055,2022-04-27T10:48:41.919Z,2830070,NA,NA,NA,NA,NA,NA,NA,NA,NA,NA,NA,NA,NA,NA,NA,NA,NA,NA,NA,NA,NA,NA,NA,YIG,YOX,YIG,YOX,6,is hetzelfde als,NA,is hetzelfde als,NA,NA,NA,NA,NA,NA,NA,1,hetzelfde als,2,yes,81,NA,YIW,LOQ,NA,NA,NA,NA,NA,NA,NA,NA,YIW,LOQ,3,4,NA,NA,NA,NA,NA,NA,NA,NA,NA,NA,NA,NA,NA,NA,NA,NA,NA,NA,NA,NA,NA,NA,NA,NA
e3950,223,NA,trial_sequence,flow.Sequence,1_3_0,NA,NA,NA,NA,completion,12331,2817711,2817669,2817722,2830053,2830055,2022-04-27T10:48:41.920Z,2830070,NA,NA,NA,NA,NA,NA,NA,NA,NA,NA,NA,NA,NA,NA,NA,NA,NA,NA,NA,NA,NA,NA,NA,YIG,YOX,YIG,YOX,6,is hetzelfde als,NA,is hetzelfde als,NA,NA,NA,NA,NA,NA,NA,1,hetzelfde als,2,yes,81,NA,YIW,LOQ,NA,NA,NA,NA,NA,NA,NA,NA,YIW,LOQ,3,4,NA,NA,NA,NA,NA,NA,NA,NA,NA,NA,NA,NA,NA,NA,NA,NA,NA,NA,NA,NA,NA,NA,NA,NA
e3950,224,NA,trial,canvas.Screen,1_3_1_0_0,NA,NA,NA,NA,response,21342,2830059,2830053,2830070,2851395,2851365,2022-04-27T10:49:03.228Z,2851404,NA,NA,NA,NA,NA,NA,NA,NA,NA,NA,NA,NA,NA,NA,NA,NA,NA,NA,NA,NA,NA,NA,NA,QES,SOG,QES,SOG,6,is hetzelfde als,NA,is hetzelfde als,NA,NA,NA,NA,NA,NA,NA,1,het tegenovergestelde van,2,no,82,NA,QUM,YAT,no,mousedown @no,no,TRUE,NA,NA,NA,NA,QUM,YAT,4,3,NA,NA,NA,NA,NA,NA,NA,NA,NA,NA,NA,NA,NA,NA,NA,NA,NA,NA,NA,NA,NA,NA,NA,NA
e3950,224,NA,timer,html.Frame,1_3_1_0,NA,NA,NA,NA,NA,21296,2830057,2830053,2830070,2851366,2851366,2022-04-27T10:49:03.230Z,2851404,NA,NA,NA,NA,NA,NA,NA,NA,NA,NA,NA,NA,NA,NA,NA,NA,NA,QOF,DUX,PIQ,CIR,NA,53,YIG,YOX,YIG,YOX,6,is hetzelfde als,NA,is hetzelfde als,NA,NA,NA,NA,NA,NA,NA,1,het tegenovergestelde van,2,no,82,NA,YIW,LOQ,NA,NA,NA,NA,NA,NA,NA,NA,YIW,LOQ,4,3,NA,NA,NA,NA,NA,NA,NA,NA,NA,NA,NA,NA,NA,NA,NA,NA,NA,NA,NA,NA,NA,NA,NA,NA
e3950,224,NA,iti,canvas.Screen,1_3_1_1,NA,NA,NA,NA,timeout,1001,2851366,2851387,2851404,2852388,2852388,2022-04-27T10:49:04.252Z,2852405,NA,NA,NA,NA,NA,NA,NA,NA,NA,NA,NA,NA,NA,NA,NA,NA,NA,NA,NA,NA,NA,NA,NA,YIG,YOX,YIG,YOX,6,is hetzelfde als,NA,is hetzelfde als,NA,NA,NA,NA,NA,NA,NA,1,het tegenovergestelde van,2,no,82,NA,YIW,LOQ,NA,NA,NA,NA,NA,NA,NA,NA,YIW,LOQ,4,3,NA,NA,NA,NA,NA,NA,NA,NA,NA,NA,NA,NA,NA,NA,NA,NA,NA,NA,NA,NA,NA,NA,NA,NA
e3950,224,NA,trial_sequence,flow.Sequence,1_3_1,NA,NA,NA,NA,completion,22318,2830056,2830053,2830070,2852388,2852389,2022-04-27T10:49:04.253Z,2852405,NA,NA,NA,NA,NA,NA,NA,NA,NA,NA,NA,NA,NA,NA,NA,NA,NA,NA,NA,NA,NA,NA,NA,YIG,YOX,YIG,YOX,6,is hetzelfde als,NA,is hetzelfde als,NA,NA,NA,NA,NA,NA,NA,1,het tegenovergestelde van,2,no,82,NA,YIW,LOQ,NA,NA,NA,NA,NA,NA,NA,NA,YIW,LOQ,4,3,NA,NA,NA,NA,NA,NA,NA,NA,NA,NA,NA,NA,NA,NA,NA,NA,NA,NA,NA,NA,NA,NA,NA,NA
e3950,225,NA,trial,canvas.Screen,1_3_2_0_0,NA,NA,NA,NA,response,14655,2852393,2852388,2852405,2867043,2867010,2022-04-27T10:49:18.874Z,2867055,NA,NA,NA,NA,NA,NA,NA,NA,NA,NA,NA,NA,NA,NA,NA,NA,NA,NA,NA,NA,NA,NA,NA,QOF,DUX,DUX,QOF,6,is hetzelfde als,NA,is hetzelfde als,NA,NA,NA,NA,NA,NA,NA,2,het tegenovergestelde van,1,no,83,NA,PIQ,CIR,no,mousedown @no,no,TRUE,NA,NA,NA,NA,PIQ,CIR,4,3,NA,NA,NA,NA,NA,NA,NA,NA,NA,NA,NA,NA,NA,NA,NA,NA,NA,NA,NA,NA,NA,NA,NA,NA
e3950,225,NA,timer,html.Frame,1_3_2_0,NA,NA,NA,NA,NA,14607,2852390,2852388,2852405,2867012,2867012,2022-04-27T10:49:18.875Z,2867055,NA,NA,NA,NA,NA,NA,NA,NA,NA,NA,NA,NA,NA,NA,NA,NA,NA,WEW,XIY,LEC,"NAV",NA,54,YIG,YOX,YIG,YOX,6,is hetzelfde als,NA,is hetzelfde als,NA,NA,NA,NA,NA,NA,NA,2,het tegenovergestelde van,1,no,83,NA,YIW,LOQ,NA,NA,NA,NA,NA,NA,NA,NA,YIW,LOQ,4,3,NA,NA,NA,NA,NA,NA,NA,NA,NA,NA,NA,NA,NA,NA,NA,NA,NA,NA,NA,NA,NA,NA,NA,NA
e3950,225,NA,iti,canvas.Screen,1_3_2_1,NA,NA,NA,NA,timeout,1000,2867012,2867039,2867055,2868038,2868039,2022-04-27T10:49:19.903Z,2868055,NA,NA,NA,NA,NA,NA,NA,NA,NA,NA,NA,NA,NA,NA,NA,NA,NA,NA,NA,NA,NA,NA,NA,YIG,YOX,YIG,YOX,6,is hetzelfde als,NA,is hetzelfde als,NA,NA,NA,NA,NA,NA,NA,2,het tegenovergestelde van,1,no,83,NA,YIW,LOQ,NA,NA,NA,NA,NA,NA,NA,NA,YIW,LOQ,4,3,NA,NA,NA,NA,NA,NA,NA,NA,NA,NA,NA,NA,NA,NA,NA,NA,NA,NA,NA,NA,NA,NA,NA,NA
e3950,225,NA,trial_sequence,flow.Sequence,1_3_2,NA,NA,NA,NA,completion,15633,2852389,2852388,2852405,2868038,2868039,2022-04-27T10:49:19.903Z,2868055,NA,NA,NA,NA,NA,NA,NA,NA,NA,NA,NA,NA,NA,NA,NA,NA,NA,NA,NA,NA,NA,NA,NA,YIG,YOX,YIG,YOX,6,is hetzelfde als,NA,is hetzelfde als,NA,NA,NA,NA,NA,NA,NA,2,het tegenovergestelde van,1,no,83,NA,YIW,LOQ,NA,NA,NA,NA,NA,NA,NA,NA,YIW,LOQ,4,3,NA,NA,NA,NA,NA,NA,NA,NA,NA,NA,NA,NA,NA,NA,NA,NA,NA,NA,NA,NA,NA,NA,NA,NA
e3950,226,NA,trial,canvas.Screen,1_3_3_0_0,NA,NA,NA,NA,response,15086.0000000005,2868046,2868038,2868055,2883124,2883092,2022-04-27T10:49:34.955Z,2883123,NA,NA,NA,NA,NA,NA,NA,NA,NA,NA,NA,NA,NA,NA,NA,NA,NA,NA,NA,NA,NA,NA,NA,WEW,XIY,WEW,XIY,6,is hetzelfde als,NA,is het tegenovergestelde van,NA,NA,NA,NA,NA,NA,NA,1,hetzelfde als,2,no,84,NA,LEC,"NAV",no,mousedown @no,no,TRUE,NA,NA,NA,NA,LEC,"NAV",4,3,NA,NA,NA,NA,NA,NA,NA,NA,NA,NA,NA,NA,NA,NA,NA,NA,NA,NA,NA,NA,NA,NA,NA,NA
e3950,226,NA,timer,html.Frame,1_3_3_0,NA,NA,NA,NA,NA,15039,2868041,2868038,2868055,2883094,2883094,2022-04-27T10:49:34.957Z,2883123,NA,NA,NA,NA,NA,NA,NA,NA,NA,NA,NA,NA,NA,NA,NA,NA,NA,FEF,VOP,POB,VOZ,NA,55,YIG,YOX,YIG,YOX,6,is hetzelfde als,NA,is het tegenovergestelde van,NA,NA,NA,NA,NA,NA,NA,1,hetzelfde als,2,no,84,NA,YIW,LOQ,NA,NA,NA,NA,NA,NA,NA,NA,YIW,LOQ,4,3,NA,NA,NA,NA,NA,NA,NA,NA,NA,NA,NA,NA,NA,NA,NA,NA,NA,NA,NA,NA,NA,NA,NA,NA
e3950,226,NA,iti,canvas.Screen,1_3_3_1,NA,NA,NA,NA,timeout,1004,2883094,2883107,2883123,2884107,2884107,2022-04-27T10:49:35.971Z,2884127,NA,NA,NA,NA,NA,NA,NA,NA,NA,NA,NA,NA,NA,NA,NA,NA,NA,NA,NA,NA,NA,NA,NA,YIG,YOX,YIG,YOX,6,is hetzelfde als,NA,is het tegenovergestelde van,NA,NA,NA,NA,NA,NA,NA,1,hetzelfde als,2,no,84,NA,YIW,LOQ,NA,NA,NA,NA,NA,NA,NA,NA,YIW,LOQ,4,3,NA,NA,NA,NA,NA,NA,NA,NA,NA,NA,NA,NA,NA,NA,NA,NA,NA,NA,NA,NA,NA,NA,NA,NA
e3950,226,NA,trial_sequence,flow.Sequence,1_3_3,NA,NA,NA,NA,completion,16052,2868040,2868038,2868055,2884107,2884108,2022-04-27T10:49:35.971Z,2884127,NA,NA,NA,NA,NA,NA,NA,NA,NA,NA,NA,NA,NA,NA,NA,NA,NA,NA,NA,NA,NA,NA,NA,YIG,YOX,YIG,YOX,6,is hetzelfde als,NA,is het tegenovergestelde van,NA,NA,NA,NA,NA,NA,NA,1,hetzelfde als,2,no,84,NA,YIW,LOQ,NA,NA,NA,NA,NA,NA,NA,NA,YIW,LOQ,4,3,NA,NA,NA,NA,NA,NA,NA,NA,NA,NA,NA,NA,NA,NA,NA,NA,NA,NA,NA,NA,NA,NA,NA,NA
e3950,227,NA,trial,canvas.Screen,1_3_4_0_0,NA,NA,NA,NA,timeout,30998,2884117,2884107,2884127,2915108,2915109,2022-04-27T10:50:06.972Z,2915125,NA,NA,NA,NA,NA,NA,NA,NA,NA,NA,NA,NA,NA,NA,NA,NA,NA,NA,NA,NA,NA,NA,NA,FEF,VOP,VOP,FEF,6,is hetzelfde als,NA,is het tegenovergestelde van,NA,NA,NA,NA,NA,NA,NA,2,het tegenovergestelde van,1,yes,85,NA,POB,VOZ,NA,NA,NA,NA,NA,NA,NA,NA,POB,VOZ,3,4,NA,NA,NA,NA,NA,NA,NA,NA,NA,NA,NA,NA,NA,NA,NA,NA,NA,NA,NA,NA,NA,NA,NA,NA
e3950,227,NA,timer,html.Frame,1_3_4_0,NA,NA,NA,NA,NA,30984,2884110,2884107,2884127,2915111,2915111,2022-04-27T10:50:06.974Z,2915142,NA,NA,NA,NA,NA,NA,NA,NA,NA,NA,NA,NA,NA,NA,NA,NA,NA,VOK,KAH,YUJ,JUH,NA,56,YIG,YOX,YIG,YOX,6,is hetzelfde als,NA,is het tegenovergestelde van,NA,NA,NA,NA,NA,NA,NA,2,het tegenovergestelde van,1,yes,85,NA,YIW,LOQ,NA,NA,NA,NA,NA,NA,NA,NA,YIW,LOQ,3,4,NA,NA,NA,NA,NA,NA,NA,NA,NA,NA,NA,NA,NA,NA,NA,NA,NA,NA,NA,NA,NA,NA,NA,NA
e3950,227,NA,iti,canvas.Screen,1_3_4_1,NA,NA,NA,NA,timeout,999,2915112,2915125,2915142,2916125,2916125,2022-04-27T10:50:07.988Z,2916141,NA,NA,NA,NA,NA,NA,NA,NA,NA,NA,NA,NA,NA,NA,NA,NA,NA,NA,NA,NA,NA,NA,NA,YIG,YOX,YIG,YOX,6,is hetzelfde als,NA,is het tegenovergestelde van,NA,NA,NA,NA,NA,NA,NA,2,het tegenovergestelde van,1,yes,85,NA,YIW,LOQ,NA,NA,NA,NA,NA,NA,NA,NA,YIW,LOQ,3,4,NA,NA,NA,NA,NA,NA,NA,NA,NA,NA,NA,NA,NA,NA,NA,NA,NA,NA,NA,NA,NA,NA,NA,NA
e3950,227,NA,trial_sequence,flow.Sequence,1_3_4,NA,NA,NA,NA,completion,31998,2884108,2884107,2884127,2916125,2916125,2022-04-27T10:50:07.988Z,2916141,NA,NA,NA,NA,NA,NA,NA,NA,NA,NA,NA,NA,NA,NA,NA,NA,NA,NA,NA,NA,NA,NA,NA,YIG,YOX,YIG,YOX,6,is hetzelfde als,NA,is het tegenovergestelde van,NA,NA,NA,NA,NA,NA,NA,2,het tegenovergestelde van,1,yes,85,NA,YIW,LOQ,NA,NA,NA,NA,NA,NA,NA,NA,YIW,LOQ,3,4,NA,NA,NA,NA,NA,NA,NA,NA,NA,NA,NA,NA,NA,NA,NA,NA,NA,NA,NA,NA,NA,NA,NA,NA
e3950,228,NA,trial,canvas.Screen,1_3_5_0_0,NA,NA,NA,NA,response,25856,2916129,2916125,2916141,2941981,2941948,2022-04-27T10:50:33.811Z,2941994,NA,NA,NA,NA,NA,NA,NA,NA,NA,NA,NA,NA,NA,NA,NA,NA,NA,NA,NA,NA,NA,NA,NA,VOK,KAH,VOK,KAH,6,is het tegenovergestelde van,NA,is het tegenovergestelde van,NA,NA,NA,NA,NA,NA,NA,1,hetzelfde als,2,yes,86,NA,YUJ,JUH,no,mousedown @no,yes,FALSE,NA,NA,NA,NA,YUJ,JUH,4,3,NA,NA,NA,NA,NA,NA,NA,NA,NA,NA,NA,NA,NA,NA,NA,NA,NA,NA,NA,NA,NA,NA,NA,NA
e3950,228,NA,timer,html.Frame,1_3_5_0,NA,NA,NA,NA,NA,25809.0000000005,2916126,2916125,2916141,2941950,2941950,2022-04-27T10:50:33.813Z,2941994,NA,NA,NA,NA,NA,NA,NA,NA,NA,NA,NA,NA,NA,NA,NA,NA,NA,WAV,TOZ,CEN,WIW,NA,NA,YIG,YOX,YIG,YOX,6,is het tegenovergestelde van,NA,is het tegenovergestelde van,NA,NA,NA,NA,NA,NA,NA,1,hetzelfde als,2,yes,86,NA,YIW,LOQ,NA,NA,NA,NA,NA,NA,NA,NA,YIW,LOQ,4,3,NA,NA,NA,NA,NA,NA,NA,NA,NA,NA,NA,NA,NA,NA,NA,NA,NA,NA,NA,NA,NA,NA,NA,NA
e3950,228,NA,iti,canvas.Screen,1_3_5_1,NA,NA,NA,NA,timeout,1000,2941950,2941977,2941994,2942978,2942978,2022-04-27T10:50:34.840Z,2942994,NA,NA,NA,NA,NA,NA,NA,NA,NA,NA,NA,NA,NA,NA,NA,NA,NA,NA,NA,NA,NA,NA,NA,YIG,YOX,YIG,YOX,6,is het tegenovergestelde van,NA,is het tegenovergestelde van,NA,NA,NA,NA,NA,NA,NA,1,hetzelfde als,2,yes,86,NA,YIW,LOQ,NA,NA,NA,NA,NA,NA,NA,NA,YIW,LOQ,4,3,NA,NA,NA,NA,NA,NA,NA,NA,NA,NA,NA,NA,NA,NA,NA,NA,NA,NA,NA,NA,NA,NA,NA,NA
e3950,228,NA,trial_sequence,flow.Sequence,1_3_5,NA,NA,NA,NA,completion,26837,2916125,2916125,2916141,2942978,2942978,2022-04-27T10:50:34.841Z,2942994,NA,NA,NA,NA,NA,NA,NA,NA,NA,NA,NA,NA,NA,NA,NA,NA,NA,NA,NA,NA,NA,NA,NA,YIG,YOX,YIG,YOX,6,is het tegenovergestelde van,NA,is het tegenovergestelde van,NA,NA,NA,NA,NA,NA,NA,1,hetzelfde als,2,yes,86,NA,YIW,LOQ,NA,NA,NA,NA,NA,NA,NA,NA,YIW,LOQ,4,3,NA,NA,NA,NA,NA,NA,NA,NA,NA,NA,NA,NA,NA,NA,NA,NA,NA,NA,NA,NA,NA,NA,NA,NA
e3950,229,NA,trial,canvas.Screen,1_3_6_0_0,NA,NA,NA,NA,response,21958,2942985,2942978,2942994,2964936,2964902,2022-04-27T10:50:56.764Z,2964946,NA,NA,NA,NA,NA,NA,NA,NA,NA,NA,NA,NA,NA,NA,NA,NA,NA,NA,NA,NA,NA,NA,NA,WAV,TOZ,WAV,TOZ,6,is het tegenovergestelde van,NA,is het tegenovergestelde van,NA,NA,NA,NA,NA,NA,NA,1,het tegenovergestelde van,2,no,87,NA,CEN,WIW,yes,mousedown @yes,no,FALSE,NA,NA,NA,NA,CEN,WIW,3,4,NA,NA,NA,NA,NA,NA,NA,NA,NA,NA,NA,NA,NA,NA,NA,NA,NA,NA,NA,NA,NA,NA,NA,NA
e3950,229,NA,timer,html.Frame,1_3_6_0,NA,NA,NA,NA,NA,21909.0000000005,2942981,2942978,2942994,2964903,2964903,2022-04-27T10:50:56.765Z,2964946,NA,NA,NA,NA,NA,NA,NA,NA,NA,NA,NA,NA,NA,NA,NA,NA,NA,GOL,NIW,COF,TEZ,NA,NA,YIG,YOX,YIG,YOX,6,is het tegenovergestelde van,NA,is het tegenovergestelde van,NA,NA,NA,NA,NA,NA,NA,1,het tegenovergestelde van,2,no,87,NA,YIW,LOQ,NA,NA,NA,NA,NA,NA,NA,NA,YIW,LOQ,3,4,NA,NA,NA,NA,NA,NA,NA,NA,NA,NA,NA,NA,NA,NA,NA,NA,NA,NA,NA,NA,NA,NA,NA,NA
e3950,229,NA,iti,canvas.Screen,1_3_6_1,NA,NA,NA,NA,timeout,999,2964903,2964929,2964946,2965928,2965929,2022-04-27T10:50:57.791Z,2965945,NA,NA,NA,NA,NA,NA,NA,NA,NA,NA,NA,NA,NA,NA,NA,NA,NA,NA,NA,NA,NA,NA,NA,YIG,YOX,YIG,YOX,6,is het tegenovergestelde van,NA,is het tegenovergestelde van,NA,NA,NA,NA,NA,NA,NA,1,het tegenovergestelde van,2,no,87,NA,YIW,LOQ,NA,NA,NA,NA,NA,NA,NA,NA,YIW,LOQ,3,4,NA,NA,NA,NA,NA,NA,NA,NA,NA,NA,NA,NA,NA,NA,NA,NA,NA,NA,NA,NA,NA,NA,NA,NA
e3950,229,NA,trial_sequence,flow.Sequence,1_3_6,NA,NA,NA,NA,completion,22934,2942979,2942978,2942994,2965928,2965929,2022-04-27T10:50:57.791Z,2965945,NA,NA,NA,NA,NA,NA,NA,NA,NA,NA,NA,NA,NA,NA,NA,NA,NA,NA,NA,NA,NA,NA,NA,YIG,YOX,YIG,YOX,6,is het tegenovergestelde van,NA,is het tegenovergestelde van,NA,NA,NA,NA,NA,NA,NA,1,het tegenovergestelde van,2,no,87,NA,YIW,LOQ,NA,NA,NA,NA,NA,NA,NA,NA,YIW,LOQ,3,4,NA,NA,NA,NA,NA,NA,NA,NA,NA,NA,NA,NA,NA,NA,NA,NA,NA,NA,NA,NA,NA,NA,NA,NA
e3950,230,NA,trial,canvas.Screen,1_3_7_0_0,NA,NA,NA,NA,timeout,31002,2965934,2965928,2965945,2996931,2996934,2022-04-27T10:51:28.796Z,2996947,NA,NA,NA,NA,NA,NA,NA,NA,NA,NA,NA,NA,NA,NA,NA,NA,NA,NA,NA,NA,NA,NA,NA,GOL,NIW,NIW,GOL,6,is het tegenovergestelde van,NA,is het tegenovergestelde van,NA,NA,NA,NA,NA,NA,NA,2,het tegenovergestelde van,1,no,88,NA,COF,TEZ,NA,NA,NA,NA,NA,NA,NA,NA,COF,TEZ,3,4,NA,NA,NA,NA,NA,NA,NA,NA,NA,NA,NA,NA,NA,NA,NA,NA,NA,NA,NA,NA,NA,NA,NA,NA
e3950,230,NA,timer,html.Frame,1_3_7_0,NA,NA,NA,NA,NA,30990,2965931,2965928,2965945,2996935,2996935,2022-04-27T10:51:28.797Z,2996964,NA,NA,NA,NA,NA,NA,NA,NA,NA,NA,NA,NA,NA,NA,NA,NA,NA,RIR,WEF,JAF,SEQ,NA,NA,YIG,YOX,YIG,YOX,6,is het tegenovergestelde van,NA,is het tegenovergestelde van,NA,NA,NA,NA,NA,NA,NA,2,het tegenovergestelde van,1,no,88,NA,YIW,LOQ,NA,NA,NA,NA,NA,NA,NA,NA,YIW,LOQ,3,4,NA,NA,NA,NA,NA,NA,NA,NA,NA,NA,NA,NA,NA,NA,NA,NA,NA,NA,NA,NA,NA,NA,NA,NA
e3950,230,NA,iti,canvas.Screen,1_3_7_1,NA,NA,NA,NA,timeout,1000,2996936,2996947,2996964,2997948,2997948,2022-04-27T10:51:29.810Z,2997964,NA,NA,NA,NA,NA,NA,NA,NA,NA,NA,NA,NA,NA,NA,NA,NA,NA,NA,NA,NA,NA,NA,NA,YIG,YOX,YIG,YOX,6,is het tegenovergestelde van,NA,is het tegenovergestelde van,NA,NA,NA,NA,NA,NA,NA,2,het tegenovergestelde van,1,no,88,NA,YIW,LOQ,NA,NA,NA,NA,NA,NA,NA,NA,YIW,LOQ,3,4,NA,NA,NA,NA,NA,NA,NA,NA,NA,NA,NA,NA,NA,NA,NA,NA,NA,NA,NA,NA,NA,NA,NA,NA
e3950,230,NA,trial_sequence,flow.Sequence,1_3_7,NA,NA,NA,NA,completion,32003,2965929,2965928,2965945,2997948,2997949,2022-04-27T10:51:29.810Z,2997964,NA,NA,NA,NA,NA,NA,NA,NA,NA,NA,NA,NA,NA,NA,NA,NA,NA,NA,NA,NA,NA,NA,NA,YIG,YOX,YIG,YOX,6,is het tegenovergestelde van,NA,is het tegenovergestelde van,NA,NA,NA,NA,NA,NA,NA,2,het tegenovergestelde van,1,no,88,NA,YIW,LOQ,NA,NA,NA,NA,NA,NA,NA,NA,YIW,LOQ,3,4,NA,NA,NA,NA,NA,NA,NA,NA,NA,NA,NA,NA,NA,NA,NA,NA,NA,NA,NA,NA,NA,NA,NA,NA
e3950,231,NA,trial,canvas.Screen,1_3_8_0_0,NA,NA,NA,NA,response,15782,2997953,2997948,2997964,3013730,3013696,2022-04-27T10:51:45.557Z,3013732,NA,NA,NA,NA,NA,NA,NA,NA,NA,NA,NA,NA,NA,NA,NA,NA,NA,NA,NA,NA,NA,NA,NA,RIR,WEF,RIR,WEF,6,is meer dan,NA,is meer dan,NA,NA,NA,NA,NA,NA,NA,1,hetzelfde als,2,no,89,NA,JAF,SEQ,no,mousedown @no,no,TRUE,NA,NA,NA,NA,JAF,SEQ,4,3,NA,NA,NA,NA,NA,NA,NA,NA,NA,NA,NA,NA,NA,NA,NA,NA,NA,NA,NA,NA,NA,NA,NA,NA
e3950,231,NA,timer,html.Frame,1_3_8_0,NA,NA,NA,NA,NA,15733,2997950,2997948,2997964,3013697,3013697,2022-04-27T10:51:45.559Z,3013732,NA,NA,NA,NA,NA,NA,NA,NA,NA,NA,NA,NA,NA,NA,NA,NA,NA,QOP,JUX,GOS,JUL,NA,57,YIG,YOX,YIG,YOX,6,is meer dan,NA,is meer dan,NA,NA,NA,NA,NA,NA,NA,1,hetzelfde als,2,no,89,NA,YIW,LOQ,NA,NA,NA,NA,NA,NA,NA,NA,YIW,LOQ,4,3,NA,NA,NA,NA,NA,NA,NA,NA,NA,NA,NA,NA,NA,NA,NA,NA,NA,NA,NA,NA,NA,NA,NA,NA
e3950,231,NA,iti,canvas.Screen,1_3_8_1,NA,NA,NA,NA,timeout,1001,3013698,3013715,3013732,3014716,3014716,2022-04-27T10:51:46.578Z,3014733,NA,NA,NA,NA,NA,NA,NA,NA,NA,NA,NA,NA,NA,NA,NA,NA,NA,NA,NA,NA,NA,NA,NA,YIG,YOX,YIG,YOX,6,is meer dan,NA,is meer dan,NA,NA,NA,NA,NA,NA,NA,1,hetzelfde als,2,no,89,NA,YIW,LOQ,NA,NA,NA,NA,NA,NA,NA,NA,YIW,LOQ,4,3,NA,NA,NA,NA,NA,NA,NA,NA,NA,NA,NA,NA,NA,NA,NA,NA,NA,NA,NA,NA,NA,NA,NA,NA
e3950,231,NA,trial_sequence,flow.Sequence,1_3_8,NA,NA,NA,NA,completion,16752,2997949,2997948,2997964,3014716,3014717,2022-04-27T10:51:46.578Z,3014733,NA,NA,NA,NA,NA,NA,NA,NA,NA,NA,NA,NA,NA,NA,NA,NA,NA,NA,NA,NA,NA,NA,NA,YIG,YOX,YIG,YOX,6,is meer dan,NA,is meer dan,NA,NA,NA,NA,NA,NA,NA,1,hetzelfde als,2,no,89,NA,YIW,LOQ,NA,NA,NA,NA,NA,NA,NA,NA,YIW,LOQ,4,3,NA,NA,NA,NA,NA,NA,NA,NA,NA,NA,NA,NA,NA,NA,NA,NA,NA,NA,NA,NA,NA,NA,NA,NA
e3950,231,NA,trial,canvas.Screen,1_3_9_0_0,NA,NA,NA,NA,response,27241,3014723,3014716,3014733,3041957,3041923,2022-04-27T10:52:13.783Z,3041967,NA,NA,NA,NA,NA,NA,NA,NA,NA,NA,NA,NA,NA,NA,NA,NA,NA,NA,NA,NA,NA,NA,NA,QOP,JUX,QOP,JUX,6,is meer dan,NA,is meer dan,NA,NA,NA,NA,NA,NA,NA,1,het tegenovergestelde van,2,no,90,NA,GOS,JUL,yes,mousedown @yes,no,FALSE,NA,NA,NA,NA,GOS,JUL,3,4,NA,NA,NA,NA,NA,NA,NA,NA,NA,NA,NA,NA,NA,NA,NA,NA,NA,NA,NA,NA,NA,NA,NA,NA
e3950,231,NA,timer,html.Frame,1_3_9_0,NA,NA,NA,NA,NA,27191,3014719,3014716,3014733,3041924,3041924,2022-04-27T10:52:13.785Z,3041967,NA,NA,NA,NA,NA,NA,NA,NA,NA,NA,NA,NA,NA,NA,NA,NA,NA,GIQ,DOH,CIW,"NAJ",NA,NA,YIG,YOX,YIG,YOX,6,is meer dan,NA,is meer dan,NA,NA,NA,NA,NA,NA,NA,1,het tegenovergestelde van,2,no,90,NA,YIW,LOQ,NA,NA,NA,NA,NA,NA,NA,NA,YIW,LOQ,3,4,NA,NA,NA,NA,NA,NA,NA,NA,NA,NA,NA,NA,NA,NA,NA,NA,NA,NA,NA,NA,NA,NA,NA,NA
e3950,231,NA,iti,canvas.Screen,1_3_9_1,NA,NA,NA,NA,timeout,1004,3041924,3041950,3041967,3042951,3042952,2022-04-27T10:52:14.813Z,3042971,NA,NA,NA,NA,NA,NA,NA,NA,NA,NA,NA,NA,NA,NA,NA,NA,NA,NA,NA,NA,NA,NA,NA,YIG,YOX,YIG,YOX,6,is meer dan,NA,is meer dan,NA,NA,NA,NA,NA,NA,NA,1,het tegenovergestelde van,2,no,90,NA,YIW,LOQ,NA,NA,NA,NA,NA,NA,NA,NA,YIW,LOQ,3,4,NA,NA,NA,NA,NA,NA,NA,NA,NA,NA,NA,NA,NA,NA,NA,NA,NA,NA,NA,NA,NA,NA,NA,NA
e3950,231,NA,trial_sequence,flow.Sequence,1_3_9,NA,NA,NA,NA,completion,28218,3014717,3014716,3014733,3042951,3042952,2022-04-27T10:52:14.813Z,3042971,NA,NA,NA,NA,NA,NA,NA,NA,NA,NA,NA,NA,NA,NA,NA,NA,NA,NA,NA,NA,NA,NA,NA,YIG,YOX,YIG,YOX,6,is meer dan,NA,is meer dan,NA,NA,NA,NA,NA,NA,NA,1,het tegenovergestelde van,2,no,90,NA,YIW,LOQ,NA,NA,NA,NA,NA,NA,NA,NA,YIW,LOQ,3,4,NA,NA,NA,NA,NA,NA,NA,NA,NA,NA,NA,NA,NA,NA,NA,NA,NA,NA,NA,NA,NA,NA,NA,NA
e3950,231,NA,trial,canvas.Screen,1_3_10_0_0,NA,NA,NA,NA,response,24770,3042961,3042951,3042971,3067721,3067688,2022-04-27T10:52:39.548Z,3067719,NA,NA,NA,NA,NA,NA,NA,NA,NA,NA,NA,NA,NA,NA,NA,NA,NA,NA,NA,NA,NA,NA,NA,GIQ,DOH,DOH,GIQ,6,is meer dan,NA,is meer dan,NA,NA,NA,NA,NA,NA,NA,2,het tegenovergestelde van,1,yes,91,NA,CIW,"NAJ",no,mousedown @no,yes,FALSE,NA,NA,NA,NA,CIW,"NAJ",3,4,NA,NA,NA,NA,NA,NA,NA,NA,NA,NA,NA,NA,NA,NA,NA,NA,NA,NA,NA,NA,NA,NA,NA,NA
e3950,231,NA,timer,html.Frame,1_3_10_0,NA,NA,NA,NA,NA,24718,3042955,3042951,3042971,3067689,3067689,2022-04-27T10:52:39.550Z,3067719,NA,NA,NA,NA,NA,NA,NA,NA,NA,NA,NA,NA,NA,NA,NA,NA,NA,REQ,KOQ,VEJ,BIR,NA,NA,YIG,YOX,YIG,YOX,6,is meer dan,NA,is meer dan,NA,NA,NA,NA,NA,NA,NA,2,het tegenovergestelde van,1,yes,91,NA,YIW,LOQ,NA,NA,NA,NA,NA,NA,NA,NA,YIW,LOQ,3,4,NA,NA,NA,NA,NA,NA,NA,NA,NA,NA,NA,NA,NA,NA,NA,NA,NA,NA,NA,NA,NA,NA,NA,NA
e3950,231,NA,iti,canvas.Screen,1_3_10_1,NA,NA,NA,NA,timeout,1001,3067689,3067702,3067719,3068702,3068703,2022-04-27T10:52:40.563Z,3068720,NA,NA,NA,NA,NA,NA,NA,NA,NA,NA,NA,NA,NA,NA,NA,NA,NA,NA,NA,NA,NA,NA,NA,YIG,YOX,YIG,YOX,6,is meer dan,NA,is meer dan,NA,NA,NA,NA,NA,NA,NA,2,het tegenovergestelde van,1,yes,91,NA,YIW,LOQ,NA,NA,NA,NA,NA,NA,NA,NA,YIW,LOQ,3,4,NA,NA,NA,NA,NA,NA,NA,NA,NA,NA,NA,NA,NA,NA,NA,NA,NA,NA,NA,NA,NA,NA,NA,NA
e3950,231,NA,trial_sequence,flow.Sequence,1_3_10,NA,NA,NA,NA,completion,25731,3042952,3042951,3042971,3068702,3068703,2022-04-27T10:52:40.564Z,3068720,NA,NA,NA,NA,NA,NA,NA,NA,NA,NA,NA,NA,NA,NA,NA,NA,NA,NA,NA,NA,NA,NA,NA,YIG,YOX,YIG,YOX,6,is meer dan,NA,is meer dan,NA,NA,NA,NA,NA,NA,NA,2,het tegenovergestelde van,1,yes,91,NA,YIW,LOQ,NA,NA,NA,NA,NA,NA,NA,NA,YIW,LOQ,3,4,NA,NA,NA,NA,NA,NA,NA,NA,NA,NA,NA,NA,NA,NA,NA,NA,NA,NA,NA,NA,NA,NA,NA,NA
e3950,231,NA,trial,canvas.Screen,1_3_11_0_0,NA,NA,NA,NA,timeout,31001,3068710,3068702,3068720,3099704,3099707,2022-04-27T10:53:11.567Z,3099721,NA,NA,NA,NA,NA,NA,NA,NA,NA,NA,NA,NA,NA,NA,NA,NA,NA,NA,NA,NA,NA,NA,NA,REQ,KOQ,REQ,KOQ,6,is meer dan,NA,is minder dan,NA,NA,NA,NA,NA,NA,NA,1,hetzelfde als,2,no,92,NA,VEJ,BIR,NA,NA,NA,NA,NA,NA,NA,NA,VEJ,BIR,3,4,NA,NA,NA,NA,NA,NA,NA,NA,NA,NA,NA,NA,NA,NA,NA,NA,NA,NA,NA,NA,NA,NA,NA,NA
e3950,231,NA,timer,html.Frame,1_3_11_0,NA,NA,NA,NA,NA,30989.0000000005,3068705,3068702,3068720,3099709,3099709,2022-04-27T10:53:11.569Z,3099738,NA,NA,NA,NA,NA,NA,NA,NA,NA,NA,NA,NA,NA,NA,NA,NA,NA,QON,VUQ,YAQ,NEJ,NA,NA,YIG,YOX,YIG,YOX,6,is meer dan,NA,is minder dan,NA,NA,NA,NA,NA,NA,NA,1,hetzelfde als,2,no,92,NA,YIW,LOQ,NA,NA,NA,NA,NA,NA,NA,NA,YIW,LOQ,3,4,NA,NA,NA,NA,NA,NA,NA,NA,NA,NA,NA,NA,NA,NA,NA,NA,NA,NA,NA,NA,NA,NA,NA,NA
e3950,231,NA,iti,canvas.Screen,1_3_11_1,NA,NA,NA,NA,timeout,999,3099709,3099721,3099738,3100722,3100722,2022-04-27T10:53:12.582Z,3100737,NA,NA,NA,NA,NA,NA,NA,NA,NA,NA,NA,NA,NA,NA,NA,NA,NA,NA,NA,NA,NA,NA,NA,YIG,YOX,YIG,YOX,6,is meer dan,NA,is minder dan,NA,NA,NA,NA,NA,NA,NA,1,hetzelfde als,2,no,92,NA,YIW,LOQ,NA,NA,NA,NA,NA,NA,NA,NA,YIW,LOQ,3,4,NA,NA,NA,NA,NA,NA,NA,NA,NA,NA,NA,NA,NA,NA,NA,NA,NA,NA,NA,NA,NA,NA,NA,NA
e3950,231,NA,trial_sequence,flow.Sequence,1_3_11,NA,NA,NA,NA,completion,32002,3068704,3068702,3068720,3100722,3100723,2022-04-27T10:53:12.583Z,3100737,NA,NA,NA,NA,NA,NA,NA,NA,NA,NA,NA,NA,NA,NA,NA,NA,NA,NA,NA,NA,NA,NA,NA,YIG,YOX,YIG,YOX,6,is meer dan,NA,is minder dan,NA,NA,NA,NA,NA,NA,NA,1,hetzelfde als,2,no,92,NA,YIW,LOQ,NA,NA,NA,NA,NA,NA,NA,NA,YIW,LOQ,3,4,NA,NA,NA,NA,NA,NA,NA,NA,NA,NA,NA,NA,NA,NA,NA,NA,NA,NA,NA,NA,NA,NA,NA,NA
e3950,231,NA,trial,canvas.Screen,1_3_12_0_0,NA,NA,NA,NA,response,19873.0000000005,3100727,3100722,3100737,3120595,3120561,2022-04-27T10:53:32.421Z,3120607,NA,NA,NA,NA,NA,NA,NA,NA,NA,NA,NA,NA,NA,NA,NA,NA,NA,NA,NA,NA,NA,NA,NA,QON,VUQ,VUQ,QON,6,is meer dan,NA,is minder dan,NA,NA,NA,NA,NA,NA,NA,2,het tegenovergestelde van,1,yes,93,NA,YAQ,NEJ,no,mousedown @no,yes,FALSE,NA,NA,NA,NA,YAQ,NEJ,4,3,NA,NA,NA,NA,NA,NA,NA,NA,NA,NA,NA,NA,NA,NA,NA,NA,NA,NA,NA,NA,NA,NA,NA,NA
e3950,231,NA,timer,html.Frame,1_3_12_0,NA,NA,NA,NA,NA,19825,3100724,3100722,3100737,3120562,3120563,2022-04-27T10:53:32.422Z,3120607,NA,NA,NA,NA,NA,NA,NA,NA,NA,NA,NA,NA,NA,NA,NA,NA,NA,RAQ,CUF,WOH,JUP,NA,NA,YIG,YOX,YIG,YOX,6,is meer dan,NA,is minder dan,NA,NA,NA,NA,NA,NA,NA,2,het tegenovergestelde van,1,yes,93,NA,YIW,LOQ,NA,NA,NA,NA,NA,NA,NA,NA,YIW,LOQ,4,3,NA,NA,NA,NA,NA,NA,NA,NA,NA,NA,NA,NA,NA,NA,NA,NA,NA,NA,NA,NA,NA,NA,NA,NA
e3950,231,NA,iti,canvas.Screen,1_3_12_1,NA,NA,NA,NA,timeout,999,3120563,3120590,3120607,3121589,3121589,2022-04-27T10:53:33.449Z,3121606,NA,NA,NA,NA,NA,NA,NA,NA,NA,NA,NA,NA,NA,NA,NA,NA,NA,NA,NA,NA,NA,NA,NA,YIG,YOX,YIG,YOX,6,is meer dan,NA,is minder dan,NA,NA,NA,NA,NA,NA,NA,2,het tegenovergestelde van,1,yes,93,NA,YIW,LOQ,NA,NA,NA,NA,NA,NA,NA,NA,YIW,LOQ,4,3,NA,NA,NA,NA,NA,NA,NA,NA,NA,NA,NA,NA,NA,NA,NA,NA,NA,NA,NA,NA,NA,NA,NA,NA
e3950,231,NA,trial_sequence,flow.Sequence,1_3_12,NA,NA,NA,NA,completion,20852,3100723,3100722,3100737,3121589,3121590,2022-04-27T10:53:33.449Z,3121606,NA,NA,NA,NA,NA,NA,NA,NA,NA,NA,NA,NA,NA,NA,NA,NA,NA,NA,NA,NA,NA,NA,NA,YIG,YOX,YIG,YOX,6,is meer dan,NA,is minder dan,NA,NA,NA,NA,NA,NA,NA,2,het tegenovergestelde van,1,yes,93,NA,YIW,LOQ,NA,NA,NA,NA,NA,NA,NA,NA,YIW,LOQ,4,3,NA,NA,NA,NA,NA,NA,NA,NA,NA,NA,NA,NA,NA,NA,NA,NA,NA,NA,NA,NA,NA,NA,NA,NA
e3950,232,NA,trial,canvas.Screen,1_3_13_0_0,NA,NA,NA,NA,response,27850,3121595,3121589,3121606,3149439,3149404,2022-04-27T10:54:01.264Z,3149441,NA,NA,NA,NA,NA,NA,NA,NA,NA,NA,NA,NA,NA,NA,NA,NA,NA,NA,NA,NA,NA,NA,NA,RAQ,CUF,CUF,RAQ,6,is minder dan,NA,is minder dan,NA,NA,NA,NA,NA,NA,NA,2,hetzelfde als,1,no,94,NA,WOH,JUP,no,mousedown @no,no,TRUE,NA,NA,NA,NA,WOH,JUP,3,4,NA,NA,NA,NA,NA,NA,NA,NA,NA,NA,NA,NA,NA,NA,NA,NA,NA,NA,NA,NA,NA,NA,NA,NA
e3950,232,NA,timer,html.Frame,1_3_13_0,NA,NA,NA,NA,NA,27799,3121591,3121589,3121606,3149405,3149405,2022-04-27T10:54:01.265Z,3149441,NA,NA,NA,NA,NA,NA,NA,NA,NA,NA,NA,NA,NA,NA,NA,NA,NA,YIF,PIF,XUW,LEJ,NA,58,YIG,YOX,YIG,YOX,6,is minder dan,NA,is minder dan,NA,NA,NA,NA,NA,NA,NA,2,hetzelfde als,1,no,94,NA,YIW,LOQ,NA,NA,NA,NA,NA,NA,NA,NA,YIW,LOQ,3,4,NA,NA,NA,NA,NA,NA,NA,NA,NA,NA,NA,NA,NA,NA,NA,NA,NA,NA,NA,NA,NA,NA,NA,NA
e3950,232,NA,iti,canvas.Screen,1_3_13_1,NA,NA,NA,NA,timeout,1001,3149405,3149425,3149441,3150425,3150426,2022-04-27T10:54:02.285Z,3150442,NA,NA,NA,NA,NA,NA,NA,NA,NA,NA,NA,NA,NA,NA,NA,NA,NA,NA,NA,NA,NA,NA,NA,YIG,YOX,YIG,YOX,6,is minder dan,NA,is minder dan,NA,NA,NA,NA,NA,NA,NA,2,hetzelfde als,1,no,94,NA,YIW,LOQ,NA,NA,NA,NA,NA,NA,NA,NA,YIW,LOQ,3,4,NA,NA,NA,NA,NA,NA,NA,NA,NA,NA,NA,NA,NA,NA,NA,NA,NA,NA,NA,NA,NA,NA,NA,NA
e3950,232,NA,trial_sequence,flow.Sequence,1_3_13,NA,NA,NA,NA,completion,28819,3121590,3121589,3121606,3150425,3150426,2022-04-27T10:54:02.285Z,3150442,NA,NA,NA,NA,NA,NA,NA,NA,NA,NA,NA,NA,NA,NA,NA,NA,NA,NA,NA,NA,NA,NA,NA,YIG,YOX,YIG,YOX,6,is minder dan,NA,is minder dan,NA,NA,NA,NA,NA,NA,NA,2,hetzelfde als,1,no,94,NA,YIW,LOQ,NA,NA,NA,NA,NA,NA,NA,NA,YIW,LOQ,3,4,NA,NA,NA,NA,NA,NA,NA,NA,NA,NA,NA,NA,NA,NA,NA,NA,NA,NA,NA,NA,NA,NA,NA,NA
e3950,233,NA,trial,canvas.Screen,1_3_14_0_0,NA,NA,NA,NA,timeout,31002,3150432,3150425,3150442,3181427,3181427,2022-04-27T10:54:33.286Z,3181444,NA,NA,NA,NA,NA,NA,NA,NA,NA,NA,NA,NA,NA,NA,NA,NA,NA,NA,NA,NA,NA,NA,NA,YIF,PIF,YIF,PIF,6,is minder dan,NA,is minder dan,NA,NA,NA,NA,NA,NA,NA,1,het tegenovergestelde van,2,yes,95,NA,XUW,LEJ,NA,NA,NA,NA,NA,NA,NA,NA,XUW,LEJ,4,3,NA,NA,NA,NA,NA,NA,NA,NA,NA,NA,NA,NA,NA,NA,NA,NA,NA,NA,NA,NA,NA,NA,NA,NA
e3950,233,NA,timer,html.Frame,1_3_14_0,NA,NA,NA,NA,NA,30987,3150428,3150425,3150442,3181429,3181429,2022-04-27T10:54:33.288Z,3181461,NA,NA,NA,NA,NA,NA,NA,NA,NA,NA,NA,NA,NA,NA,NA,NA,NA,WEY,WUM,YOJ,NIV,NA,59,YIG,YOX,YIG,YOX,6,is minder dan,NA,is minder dan,NA,NA,NA,NA,NA,NA,NA,1,het tegenovergestelde van,2,yes,95,NA,YIW,LOQ,NA,NA,NA,NA,NA,NA,NA,NA,YIW,LOQ,4,3,NA,NA,NA,NA,NA,NA,NA,NA,NA,NA,NA,NA,NA,NA,NA,NA,NA,NA,NA,NA,NA,NA,NA,NA
e3950,233,NA,iti,canvas.Screen,1_3_14_1,NA,NA,NA,NA,timeout,999,3181430,3181444,3181461,3182443,3182444,2022-04-27T10:54:34.302Z,3182460,NA,NA,NA,NA,NA,NA,NA,NA,NA,NA,NA,NA,NA,NA,NA,NA,NA,NA,NA,NA,NA,NA,NA,YIG,YOX,YIG,YOX,6,is minder dan,NA,is minder dan,NA,NA,NA,NA,NA,NA,NA,1,het tegenovergestelde van,2,yes,95,NA,YIW,LOQ,NA,NA,NA,NA,NA,NA,NA,NA,YIW,LOQ,4,3,NA,NA,NA,NA,NA,NA,NA,NA,NA,NA,NA,NA,NA,NA,NA,NA,NA,NA,NA,NA,NA,NA,NA,NA
e3950,233,NA,trial_sequence,flow.Sequence,1_3_14,NA,NA,NA,NA,completion,32001,3150426,3150425,3150442,3182443,3182444,2022-04-27T10:54:34.303Z,3182460,NA,NA,NA,NA,NA,NA,NA,NA,NA,NA,NA,NA,NA,NA,NA,NA,NA,NA,NA,NA,NA,NA,NA,YIG,YOX,YIG,YOX,6,is minder dan,NA,is minder dan,NA,NA,NA,NA,NA,NA,NA,1,het tegenovergestelde van,2,yes,95,NA,YIW,LOQ,NA,NA,NA,NA,NA,NA,NA,NA,YIW,LOQ,4,3,NA,NA,NA,NA,NA,NA,NA,NA,NA,NA,NA,NA,NA,NA,NA,NA,NA,NA,NA,NA,NA,NA,NA,NA
e3950,234,NA,trial,canvas.Screen,1_3_15_0_0,NA,NA,NA,NA,timeout,31003,3182449,3182443,3182460,3213446,3213449,2022-04-27T10:55:05.307Z,3213463,NA,NA,NA,NA,NA,NA,NA,NA,NA,NA,NA,NA,NA,NA,NA,NA,NA,NA,NA,NA,NA,NA,NA,WEY,WUM,WUM,WEY,6,is minder dan,NA,is minder dan,NA,NA,NA,NA,NA,NA,NA,2,het tegenovergestelde van,1,no,96,NA,YOJ,NIV,NA,NA,NA,NA,NA,NA,NA,NA,YOJ,NIV,4,3,NA,NA,NA,NA,NA,NA,NA,NA,NA,NA,NA,NA,NA,NA,NA,NA,NA,NA,NA,NA,NA,NA,NA,NA
e3950,234,NA,timer,html.Frame,1_3_15_0,NA,NA,NA,NA,NA,30990.0000000005,3182446,3182443,3182460,3213450,3213450,2022-04-27T10:55:05.309Z,3213479,NA,NA,NA,NA,NA,NA,NA,NA,NA,NA,NA,NA,NA,NA,NA,NA,NA,TEY,MUR,SEK,YUS,NA,60,YIG,YOX,YIG,YOX,6,is minder dan,NA,is minder dan,NA,NA,NA,NA,NA,NA,NA,2,het tegenovergestelde van,1,no,96,NA,YIW,LOQ,NA,NA,NA,NA,NA,NA,NA,NA,YIW,LOQ,4,3,NA,NA,NA,NA,NA,NA,NA,NA,NA,NA,NA,NA,NA,NA,NA,NA,NA,NA,NA,NA,NA,NA,NA,NA
e3950,234,NA,iti,canvas.Screen,1_3_15_1,NA,NA,NA,NA,timeout,1050,3213451,3213463,3213479,3214463,3214463,2022-04-27T10:55:06.322Z,3214529,NA,NA,NA,NA,NA,NA,NA,NA,NA,NA,NA,NA,NA,NA,NA,NA,NA,NA,NA,NA,NA,NA,NA,YIG,YOX,YIG,YOX,6,is minder dan,NA,is minder dan,NA,NA,NA,NA,NA,NA,NA,2,het tegenovergestelde van,1,no,96,NA,YIW,LOQ,NA,NA,NA,NA,NA,NA,NA,NA,YIW,LOQ,4,3,NA,NA,NA,NA,NA,NA,NA,NA,NA,NA,NA,NA,NA,NA,NA,NA,NA,NA,NA,NA,NA,NA,NA,NA
e3950,234,NA,trial_sequence,flow.Sequence,1_3_15,NA,NA,NA,NA,completion,32003,3182444,3182443,3182460,3214463,3214464,2022-04-27T10:55:06.322Z,3214529,NA,NA,NA,NA,NA,NA,NA,NA,NA,NA,NA,NA,NA,NA,NA,NA,NA,NA,NA,NA,NA,NA,NA,YIG,YOX,YIG,YOX,6,is minder dan,NA,is minder dan,NA,NA,NA,NA,NA,NA,NA,2,het tegenovergestelde van,1,no,96,NA,YIW,LOQ,NA,NA,NA,NA,NA,NA,NA,NA,YIW,LOQ,4,3,NA,NA,NA,NA,NA,NA,NA,NA,NA,NA,NA,NA,NA,NA,NA,NA,NA,NA,NA,NA,NA,NA,NA,NA
e3950,234,NA,trial_list_analogical ,flow.Loop,1_3,NA,NA,NA,NA,completion,396741,2817711,2817669,2817722,3214463,3214464,2022-04-27T10:55:06.322Z,3214529,NA,NA,NA,NA,NA,NA,NA,NA,NA,NA,NA,NA,NA,NA,NA,NA,NA,NA,NA,NA,NA,NA,NA,YIG,YOX,YIG,YOX,NA,NA,NA,NA,NA,NA,NA,NA,NA,NA,NA,NA,NA,NA,NA,NA,NA,YIW,LOQ,NA,NA,NA,NA,NA,NA,NA,NA,YIW,LOQ,NA,NA,NA,NA,NA,NA,NA,NA,NA,NA,NA,NA,NA,NA,NA,NA,NA,NA,NA,NA,NA,NA,NA,NA,NA,NA
e3950,235,NA,trial,canvas.Screen,1_4_0_0_0,NA,NA,NA,NA,response,11599,3214521,3214463,3214529,3226062,3226025,2022-04-27T10:55:17.883Z,3226064,NA,NA,NA,NA,NA,NA,NA,NA,NA,NA,NA,NA,NA,NA,NA,NA,NA,TIQ,HUS,GEZ,XEB,NA,NA,TIQ,HUS,TIQ,HUS,7,NA,NA,NA,NA,NA,NA,NA,NA,NA,NA,1,NA,NA,yes,97,NA,GEZ,XEB,no,mousedown @no,yes,FALSE,NA,NA,NA,NA,GEZ,XEB,NA,NA,1,is,hier,,2,is,daar,,Als hier is daar en daar is hier,,,,,,daar,,NA,NA,NA,NA,NA,NA,NA,NA
e3950,235,NA,timer,html.Frame,1_4_0_0,NA,NA,NA,NA,NA,11499.0000000005,3214518,3214463,3214529,3226028,3226028,2022-04-27T10:55:17.886Z,3226064,NA,NA,NA,NA,NA,NA,NA,NA,NA,NA,NA,NA,NA,NA,NA,NA,NA,XEN,XEQ,QEC,MOY,NA,NA,TIQ,HUS,TIQ,HUS,7,NA,NA,NA,NA,NA,NA,NA,NA,NA,NA,1,NA,NA,yes,97,NA,GEZ,XEB,NA,NA,NA,NA,NA,NA,NA,NA,GEZ,XEB,NA,NA,1,is,hier,,2,is,daar,,Als hier is daar en daar is hier,,,,,,daar,,NA,NA,NA,NA,NA,NA,NA,NA
e3950,235,NA,iti,canvas.Screen,1_4_0_1,NA,NA,NA,NA,timeout,1000,3226028,3226047,3226064,3227047,3227048,2022-04-27T10:55:18.906Z,3227064,NA,NA,NA,NA,NA,NA,NA,NA,NA,NA,NA,NA,NA,NA,NA,NA,NA,NA,NA,NA,NA,NA,NA,TIQ,HUS,TIQ,HUS,7,NA,NA,NA,NA,NA,NA,NA,NA,NA,NA,1,NA,NA,yes,97,NA,GEZ,XEB,NA,NA,NA,NA,NA,NA,NA,NA,GEZ,XEB,NA,NA,1,is,hier,,2,is,daar,,Als hier is daar en daar is hier,,,,,,daar,,NA,NA,NA,NA,NA,NA,NA,NA
e3950,235,NA,trial_sequence,flow.Sequence,1_4_0,NA,NA,NA,NA,completion,12518,3214517,3214463,3214529,3227047,3227048,2022-04-27T10:55:18.906Z,3227064,NA,NA,NA,NA,NA,NA,NA,NA,NA,NA,NA,NA,NA,NA,NA,NA,NA,NA,NA,NA,NA,NA,NA,TIQ,HUS,TIQ,HUS,7,NA,NA,NA,NA,NA,NA,NA,NA,NA,NA,1,NA,NA,yes,97,NA,GEZ,XEB,NA,NA,NA,NA,NA,NA,NA,NA,GEZ,XEB,NA,NA,1,is,hier,,2,is,daar,,Als hier is daar en daar is hier,,,,,,daar,,NA,NA,NA,NA,NA,NA,NA,NA
fb433,14,list(),demographics,html.Page,0,65,vrouwelijk,ariella.th@hotmail.com,,form submission,6548618,200,236,245,6548863,6548869,2022-04-16T07:56:57.464Z,6548913,20.2.4,https://www.drjamiecummins.com/md/rai-elaborated-nl/,"Mozilla/5.0 (Macintosh; Intel Mac OS X 10_12_6) AppleWebKit/605.1.15 (KHTML, like Gecko) Version/12.1.2 Safari/605.1.15",MacIntel,nl-BE,nl-BE,Europe/Brussels,-120,1440,900,1440,837,1440,837,1,production,f5b4a49f956347addd546a832a3327688c2c0fef,NA,NA,NA,NA,NA,NA,NA,NA,NA,NA,NA,NA,NA,NA,NA,NA,NA,NA,NA,NA,NA,NA,NA,NA,NA,NA,NA,NA,NA,NA,NA,NA,NA,NA,NA,NA,NA,NA,NA,NA,NA,NA,NA,NA,NA,NA,NA,NA,NA,NA,NA,NA,NA,NA,NA,NA,NA,NA,NA,NA,NA,NA,NA,NA,NA
fb433,15,NA,introduction_1,html.Page,1_0,NA,NA,NA,,form submission,49565,6548872,6548897,6548913,6598478,6598479,2022-04-16T07:57:47.072Z,6598516,NA,NA,NA,NA,NA,NA,NA,NA,NA,NA,NA,NA,NA,NA,NA,NA,NA,NA,NA,NA,NA,NA,NA,NA,NA,NA,NA,NA,NA,NA,NA,NA,NA,NA,NA,NA,NA,NA,NA,NA,NA,NA,NA,NA,NA,NA,NA,NA,NA,NA,NA,NA,NA,NA,NA,NA,NA,NA,NA,NA,NA,NA,NA,NA,NA,NA,NA,NA,NA,NA,NA,NA,NA,NA,NA,NA,NA,NA,NA,NA,NA,NA
fb433,16,NA,introduction_2,html.Page,1_1,NA,NA,NA,,form submission,12756,6598479,6598500,6598516,6611272,6611273,2022-04-16T07:57:59.866Z,6611634,NA,NA,NA,NA,NA,NA,NA,NA,NA,NA,NA,NA,NA,NA,NA,NA,NA,NA,NA,NA,NA,NA,NA,NA,NA,NA,NA,NA,NA,NA,NA,NA,NA,NA,NA,NA,NA,NA,NA,NA,NA,NA,NA,NA,NA,NA,NA,NA,NA,NA,NA,NA,NA,NA,NA,NA,NA,NA,NA,NA,NA,NA,NA,NA,NA,NA,NA,NA,NA,NA,NA,NA,NA,NA,NA,NA,NA,NA,NA,NA,NA,NA
fb433,17,NA,trial,canvas.Screen,1_2_0_0_0,NA,NA,NA,NA,response,5643,6611578,6611600,6611634,6617243,6617241,2022-04-16T07:58:05.834Z,6617285,NA,NA,NA,NA,NA,NA,NA,NA,NA,NA,NA,NA,NA,NA,NA,NA,NA,VOK,KAH,YIQ,BEH,XUM,0,VOK,KAH,VOK,YIQ,1,is hetzelfde als,2,is hetzelfde als,3,,,,,,,1,hetzelfde als,3,yes,1,Is,KAH,YIQ,no,mousedown @no,yes,FALSE,NA,NA,NA,NA,NA,NA,NA,NA,NA,NA,NA,NA,NA,NA,NA,NA,NA,NA,NA,NA,NA,NA,NA,NA,NA,NA,NA,NA,NA,NA,NA,NA
fb433,17,NA,timer,html.Frame,1_2_0_0,NA,NA,NA,NA,NA,5609,6611572,6611600,6611634,6617243,6617244,2022-04-16T07:58:05.837Z,6617285,NA,NA,NA,NA,NA,NA,NA,NA,NA,NA,NA,NA,NA,NA,NA,NA,NA,QES,XIG,FAV,LIG,VEP,NA,VOK,KAH,VOK,KAH,1,is hetzelfde als,2,is hetzelfde als,3,,,,,,,1,hetzelfde als,3,yes,1,Is,NA,NA,NA,NA,NA,NA,NA,NA,NA,NA,NA,NA,NA,NA,NA,NA,NA,NA,NA,NA,NA,NA,NA,NA,NA,NA,NA,NA,NA,NA,NA,NA,NA,NA,NA,NA,NA,NA
fb433,17,NA,iti,canvas.Screen,1_2_0_1,NA,NA,NA,NA,timeout,1001,6617245,6617269,6617285,6618269,6618270,2022-04-16T07:58:06.864Z,6618286,NA,NA,NA,NA,NA,NA,NA,NA,NA,NA,NA,NA,NA,NA,NA,NA,NA,NA,NA,NA,NA,NA,NA,VOK,KAH,VOK,KAH,1,is hetzelfde als,2,is hetzelfde als,3,,,,,,,1,hetzelfde als,3,yes,1,Is,NA,NA,NA,NA,NA,NA,NA,NA,NA,NA,NA,NA,NA,NA,NA,NA,NA,NA,NA,NA,NA,NA,NA,NA,NA,NA,NA,NA,NA,NA,NA,NA,NA,NA,NA,NA,NA,NA
fb433,17,NA,trial_sequence,flow.Sequence,1_2_0,NA,NA,NA,NA,completion,6635,6611568,6611600,6611634,6618269,6618271,2022-04-16T07:58:06.864Z,6618286,NA,NA,NA,NA,NA,NA,NA,NA,NA,NA,NA,NA,NA,NA,NA,NA,NA,NA,NA,NA,NA,NA,NA,VOK,KAH,VOK,KAH,1,is hetzelfde als,2,is hetzelfde als,3,,,,,,,1,hetzelfde als,3,yes,1,Is,NA,NA,NA,NA,NA,NA,NA,NA,NA,NA,NA,NA,NA,NA,NA,NA,NA,NA,NA,NA,NA,NA,NA,NA,NA,NA,NA,NA,NA,NA,NA,NA,NA,NA,NA,NA,NA,NA
fb433,18,NA,trial,canvas.Screen,1_2_1_0_0,NA,NA,NA,NA,response,14046.0000000009,6618277,6618269,6618286,6632315,6632312,2022-04-16T07:58:20.905Z,6632353,NA,NA,NA,NA,NA,NA,NA,NA,NA,NA,NA,NA,NA,NA,NA,NA,NA,NA,NA,NA,NA,NA,NA,QES,XIG,FAV,QES,1,is hetzelfde als,2,is hetzelfde als,3,,,,,,,3,het tegenovergestelde van,1,no,2,Is,XIG,FAV,no,mousedown @no,no,TRUE,NA,NA,NA,NA,NA,NA,NA,NA,NA,NA,NA,NA,NA,NA,NA,NA,NA,NA,NA,NA,NA,NA,NA,NA,NA,NA,NA,NA,NA,NA,NA,NA
fb433,18,NA,timer,html.Frame,1_2_1_0,NA,NA,NA,NA,NA,14028,6618273,6618269,6618286,6632314,6632314,2022-04-16T07:58:20.908Z,6632353,NA,NA,NA,NA,NA,NA,NA,NA,NA,NA,NA,NA,NA,NA,NA,NA,NA,WAQ,LOJ,HED,HOH,DOY,1,VOK,KAH,VOK,KAH,1,is hetzelfde als,2,is hetzelfde als,3,,,,,,,3,het tegenovergestelde van,1,no,2,Is,NA,NA,NA,NA,NA,NA,NA,NA,NA,NA,NA,NA,NA,NA,NA,NA,NA,NA,NA,NA,NA,NA,NA,NA,NA,NA,NA,NA,NA,NA,NA,NA,NA,NA,NA,NA,NA,NA
fb433,18,NA,iti,canvas.Screen,1_2_1_1,NA,NA,NA,NA,timeout,1000,6632314,6632335,6632353,6633336,6633336,2022-04-16T07:58:21.930Z,6633353,NA,NA,NA,NA,NA,NA,NA,NA,NA,NA,NA,NA,NA,NA,NA,NA,NA,NA,NA,NA,NA,NA,NA,VOK,KAH,VOK,KAH,1,is hetzelfde als,2,is hetzelfde als,3,,,,,,,3,het tegenovergestelde van,1,no,2,Is,NA,NA,NA,NA,NA,NA,NA,NA,NA,NA,NA,NA,NA,NA,NA,NA,NA,NA,NA,NA,NA,NA,NA,NA,NA,NA,NA,NA,NA,NA,NA,NA,NA,NA,NA,NA,NA,NA
fb433,18,NA,trial_sequence,flow.Sequence,1_2_1,NA,NA,NA,NA,completion,15050,6618271,6618269,6618286,6633336,6633337,2022-04-16T07:58:21.930Z,6633353,NA,NA,NA,NA,NA,NA,NA,NA,NA,NA,NA,NA,NA,NA,NA,NA,NA,NA,NA,NA,NA,NA,NA,VOK,KAH,VOK,KAH,1,is hetzelfde als,2,is hetzelfde als,3,,,,,,,3,het tegenovergestelde van,1,no,2,Is,NA,NA,NA,NA,NA,NA,NA,NA,NA,NA,NA,NA,NA,NA,NA,NA,NA,NA,NA,NA,NA,NA,NA,NA,NA,NA,NA,NA,NA,NA,NA,NA,NA,NA,NA,NA,NA,NA
fb433,19,NA,trial,canvas.Screen,1_2_2_0_0,NA,NA,NA,NA,response,9808,6633343,6633336,6633353,6643144,6643139,2022-04-16T07:58:31.733Z,6643169,NA,NA,NA,NA,NA,NA,NA,NA,NA,NA,NA,NA,NA,NA,NA,NA,NA,NA,NA,NA,NA,NA,NA,WAQ,LOJ,WAQ,HED,1,is hetzelfde als,2,is het tegenovergestelde van,3,,,,,,,1,hetzelfde als,3,no,3,Is,LOJ,HED,no,mousedown @no,no,TRUE,NA,NA,NA,NA,NA,NA,NA,NA,NA,NA,NA,NA,NA,NA,NA,NA,NA,NA,NA,NA,NA,NA,NA,NA,NA,NA,NA,NA,NA,NA,NA,NA
fb433,19,NA,timer,html.Frame,1_2_2_0,NA,NA,NA,NA,NA,9788.00000000093,6633339,6633336,6633353,6643141,6643142,2022-04-16T07:58:31.735Z,6643169,NA,NA,NA,NA,NA,NA,NA,NA,NA,NA,NA,NA,NA,NA,NA,NA,NA,QUZ,XID,JOM,KIZ,WUG,2,VOK,KAH,VOK,KAH,1,is hetzelfde als,2,is het tegenovergestelde van,3,,,,,,,1,hetzelfde als,3,no,3,Is,NA,NA,NA,NA,NA,NA,NA,NA,NA,NA,NA,NA,NA,NA,NA,NA,NA,NA,NA,NA,NA,NA,NA,NA,NA,NA,NA,NA,NA,NA,NA,NA,NA,NA,NA,NA,NA,NA
fb433,19,NA,iti,canvas.Screen,1_2_2_1,NA,NA,NA,NA,timeout,1004,6643142,6643153,6643169,6644153,6644154,2022-04-16T07:58:32.747Z,6644173,NA,NA,NA,NA,NA,NA,NA,NA,NA,NA,NA,NA,NA,NA,NA,NA,NA,NA,NA,NA,NA,NA,NA,VOK,KAH,VOK,KAH,1,is hetzelfde als,2,is het tegenovergestelde van,3,,,,,,,1,hetzelfde als,3,no,3,Is,NA,NA,NA,NA,NA,NA,NA,NA,NA,NA,NA,NA,NA,NA,NA,NA,NA,NA,NA,NA,NA,NA,NA,NA,NA,NA,NA,NA,NA,NA,NA,NA,NA,NA,NA,NA,NA,NA
fb433,19,NA,trial_sequence,flow.Sequence,1_2_2,NA,NA,NA,NA,completion,10800,6633337,6633336,6633353,6644153,6644154,2022-04-16T07:58:32.748Z,6644173,NA,NA,NA,NA,NA,NA,NA,NA,NA,NA,NA,NA,NA,NA,NA,NA,NA,NA,NA,NA,NA,NA,NA,VOK,KAH,VOK,KAH,1,is hetzelfde als,2,is het tegenovergestelde van,3,,,,,,,1,hetzelfde als,3,no,3,Is,NA,NA,NA,NA,NA,NA,NA,NA,NA,NA,NA,NA,NA,NA,NA,NA,NA,NA,NA,NA,NA,NA,NA,NA,NA,NA,NA,NA,NA,NA,NA,NA,NA,NA,NA,NA,NA,NA
fb433,20,NA,trial,canvas.Screen,1_2_3_0_0,NA,NA,NA,NA,timeout,30999,6644160,6644153,6644173,6675156,6675157,2022-04-16T07:59:03.749Z,6675172,NA,NA,NA,NA,NA,NA,NA,NA,NA,NA,NA,NA,NA,NA,NA,NA,NA,NA,NA,NA,NA,NA,NA,QUZ,XID,JOM,QUZ,1,is hetzelfde als,2,is het tegenovergestelde van,3,,,,,,,3,het tegenovergestelde van,1,yes,4,Is,XID,JOM,NA,NA,NA,NA,NA,NA,NA,NA,NA,NA,NA,NA,NA,NA,NA,NA,NA,NA,NA,NA,NA,NA,NA,NA,NA,NA,NA,NA,NA,NA,NA,NA,NA,NA,NA,NA
fb433,20,NA,timer,html.Frame,1_2_3_0,NA,NA,NA,NA,NA,30987,6644156,6644153,6644173,6675160,6675160,2022-04-16T07:59:03.753Z,6675188,NA,NA,NA,NA,NA,NA,NA,NA,NA,NA,NA,NA,NA,NA,NA,NA,NA,QEG,NEY,WIF,MOY,FAK,3,VOK,KAH,VOK,KAH,1,is hetzelfde als,2,is het tegenovergestelde van,3,,,,,,,3,het tegenovergestelde van,1,yes,4,Is,NA,NA,NA,NA,NA,NA,NA,NA,NA,NA,NA,NA,NA,NA,NA,NA,NA,NA,NA,NA,NA,NA,NA,NA,NA,NA,NA,NA,NA,NA,NA,NA,NA,NA,NA,NA,NA,NA
fb433,20,NA,iti,canvas.Screen,1_2_3_1,NA,NA,NA,NA,timeout,1001,6675160,6675172,6675188,6676172,6676172,2022-04-16T07:59:04.765Z,6676189,NA,NA,NA,NA,NA,NA,NA,NA,NA,NA,NA,NA,NA,NA,NA,NA,NA,NA,NA,NA,NA,NA,NA,VOK,KAH,VOK,KAH,1,is hetzelfde als,2,is het tegenovergestelde van,3,,,,,,,3,het tegenovergestelde van,1,yes,4,Is,NA,NA,NA,NA,NA,NA,NA,NA,NA,NA,NA,NA,NA,NA,NA,NA,NA,NA,NA,NA,NA,NA,NA,NA,NA,NA,NA,NA,NA,NA,NA,NA,NA,NA,NA,NA,NA,NA
fb433,20,NA,trial_sequence,flow.Sequence,1_2_3,NA,NA,NA,NA,completion,31999,6644155,6644153,6644173,6676172,6676173,2022-04-16T07:59:04.766Z,6676189,NA,NA,NA,NA,NA,NA,NA,NA,NA,NA,NA,NA,NA,NA,NA,NA,NA,NA,NA,NA,NA,NA,NA,VOK,KAH,VOK,KAH,1,is hetzelfde als,2,is het tegenovergestelde van,3,,,,,,,3,het tegenovergestelde van,1,yes,4,Is,NA,NA,NA,NA,NA,NA,NA,NA,NA,NA,NA,NA,NA,NA,NA,NA,NA,NA,NA,NA,NA,NA,NA,NA,NA,NA,NA,NA,NA,NA,NA,NA,NA,NA,NA,NA,NA,NA
fb433,21,NA,trial,canvas.Screen,1_2_4_0_0,NA,NA,NA,NA,response,5524,6676179,6676172,6676189,6681696,6681692,2022-04-16T07:59:10.285Z,6681722,NA,NA,NA,NA,NA,NA,NA,NA,NA,NA,NA,NA,NA,NA,NA,NA,NA,NA,NA,NA,NA,NA,NA,QEG,NEY,QEG,WIF,1,is het tegenovergestelde van,2,is het tegenovergestelde van,3,,,,,,,1,hetzelfde als,3,yes,5,Is,NEY,WIF,no,mousedown @no,yes,FALSE,NA,NA,NA,NA,NA,NA,NA,NA,NA,NA,NA,NA,NA,NA,NA,NA,NA,NA,NA,NA,NA,NA,NA,NA,NA,NA,NA,NA,NA,NA,NA,NA
fb433,21,NA,timer,html.Frame,1_2_4_0,NA,NA,NA,NA,NA,5505,6676175,6676172,6676189,6681694,6681694,2022-04-16T07:59:10.287Z,6681722,NA,NA,NA,NA,NA,NA,NA,NA,NA,NA,NA,NA,NA,NA,NA,NA,NA,QOR,JER,JAD,SEZ,GIV,NA,VOK,KAH,VOK,KAH,1,is het tegenovergestelde van,2,is het tegenovergestelde van,3,,,,,,,1,hetzelfde als,3,yes,5,Is,NA,NA,NA,NA,NA,NA,NA,NA,NA,NA,NA,NA,NA,NA,NA,NA,NA,NA,NA,NA,NA,NA,NA,NA,NA,NA,NA,NA,NA,NA,NA,NA,NA,NA,NA,NA,NA,NA
fb433,21,NA,iti,canvas.Screen,1_2_4_1,NA,NA,NA,NA,timeout,1002,6681695,6681705,6681722,6682705,6682708,2022-04-16T07:59:11.301Z,6682724,NA,NA,NA,NA,NA,NA,NA,NA,NA,NA,NA,NA,NA,NA,NA,NA,NA,NA,NA,NA,NA,NA,NA,VOK,KAH,VOK,KAH,1,is het tegenovergestelde van,2,is het tegenovergestelde van,3,,,,,,,1,hetzelfde als,3,yes,5,Is,NA,NA,NA,NA,NA,NA,NA,NA,NA,NA,NA,NA,NA,NA,NA,NA,NA,NA,NA,NA,NA,NA,NA,NA,NA,NA,NA,NA,NA,NA,NA,NA,NA,NA,NA,NA,NA,NA
fb433,21,NA,trial_sequence,flow.Sequence,1_2_4,NA,NA,NA,NA,completion,6516,6676173,6676172,6676189,6682705,6682709,2022-04-16T07:59:11.301Z,6682724,NA,NA,NA,NA,NA,NA,NA,NA,NA,NA,NA,NA,NA,NA,NA,NA,NA,NA,NA,NA,NA,NA,NA,VOK,KAH,VOK,KAH,1,is het tegenovergestelde van,2,is het tegenovergestelde van,3,,,,,,,1,hetzelfde als,3,yes,5,Is,NA,NA,NA,NA,NA,NA,NA,NA,NA,NA,NA,NA,NA,NA,NA,NA,NA,NA,NA,NA,NA,NA,NA,NA,NA,NA,NA,NA,NA,NA,NA,NA,NA,NA,NA,NA,NA,NA
fb433,22,NA,trial,canvas.Screen,1_2_5_0_0,NA,NA,NA,NA,response,10403,6682715,6682705,6682724,6693108,6693104,2022-04-16T07:59:21.696Z,6693140,NA,NA,NA,NA,NA,NA,NA,NA,NA,NA,NA,NA,NA,NA,NA,NA,NA,NA,NA,NA,NA,NA,NA,QOR,JER,JAD,QOR,1,is het tegenovergestelde van,2,is het tegenovergestelde van,3,,,,,,,3,het tegenovergestelde van,1,no,6,Is,JER,JAD,no,mousedown @no,no,TRUE,NA,NA,NA,NA,NA,NA,NA,NA,NA,NA,NA,NA,NA,NA,NA,NA,NA,NA,NA,NA,NA,NA,NA,NA,NA,NA,NA,NA,NA,NA,NA,NA
fb433,22,NA,timer,html.Frame,1_2_5_0,NA,NA,NA,NA,NA,10382,6682710,6682705,6682724,6693106,6693106,2022-04-16T07:59:21.699Z,6693140,NA,NA,NA,NA,NA,NA,NA,NA,NA,NA,NA,NA,NA,NA,NA,NA,NA,JAC,GEW,XAP,FUZ,GIY,4,VOK,KAH,VOK,KAH,1,is het tegenovergestelde van,2,is het tegenovergestelde van,3,,,,,,,3,het tegenovergestelde van,1,no,6,Is,NA,NA,NA,NA,NA,NA,NA,NA,NA,NA,NA,NA,NA,NA,NA,NA,NA,NA,NA,NA,NA,NA,NA,NA,NA,NA,NA,NA,NA,NA,NA,NA,NA,NA,NA,NA,NA,NA
fb433,22,NA,iti,canvas.Screen,1_2_5_1,NA,NA,NA,NA,timeout,1000,6693106,6693123,6693140,6694123,6694124,2022-04-16T07:59:22.717Z,6694140,NA,NA,NA,NA,NA,NA,NA,NA,NA,NA,NA,NA,NA,NA,NA,NA,NA,NA,NA,NA,NA,NA,NA,VOK,KAH,VOK,KAH,1,is het tegenovergestelde van,2,is het tegenovergestelde van,3,,,,,,,3,het tegenovergestelde van,1,no,6,Is,NA,NA,NA,NA,NA,NA,NA,NA,NA,NA,NA,NA,NA,NA,NA,NA,NA,NA,NA,NA,NA,NA,NA,NA,NA,NA,NA,NA,NA,NA,NA,NA,NA,NA,NA,NA,NA,NA
fb433,22,NA,trial_sequence,flow.Sequence,1_2_5,NA,NA,NA,NA,completion,11399,6682709,6682705,6682724,6694123,6694124,2022-04-16T07:59:22.717Z,6694140,NA,NA,NA,NA,NA,NA,NA,NA,NA,NA,NA,NA,NA,NA,NA,NA,NA,NA,NA,NA,NA,NA,NA,VOK,KAH,VOK,KAH,1,is het tegenovergestelde van,2,is het tegenovergestelde van,3,,,,,,,3,het tegenovergestelde van,1,no,6,Is,NA,NA,NA,NA,NA,NA,NA,NA,NA,NA,NA,NA,NA,NA,NA,NA,NA,NA,NA,NA,NA,NA,NA,NA,NA,NA,NA,NA,NA,NA,NA,NA,NA,NA,NA,NA,NA,NA
fb433,23,NA,trial,canvas.Screen,1_2_6_0_0,NA,NA,NA,NA,response,11343,6694130,6694123,6694140,6705466,6705461,2022-04-16T07:59:34.053Z,6705507,NA,NA,NA,NA,NA,NA,NA,NA,NA,NA,NA,NA,NA,NA,NA,NA,NA,NA,NA,NA,NA,NA,NA,JAC,GEW,JAC,FUZ,1,is hetzelfde als,2,is het tegenovergestelde van,3,3,is hetzelfde als,4,,,,1,hetzelfde als,4,no,7,Is,GEW,XAP,yes,mousedown @yes,no,FALSE,XAP,FUZ,NA,NA,NA,NA,NA,NA,NA,NA,NA,NA,NA,NA,NA,NA,NA,NA,NA,NA,NA,NA,NA,NA,NA,NA,NA,NA,NA,NA,NA,NA
fb433,23,NA,timer,html.Frame,1_2_6_0,NA,NA,NA,NA,NA,11323,6694126,6694123,6694140,6705463,6705463,2022-04-16T07:59:34.055Z,6705507,NA,NA,NA,NA,NA,NA,NA,NA,NA,NA,NA,NA,NA,NA,NA,NA,NA,GUK,VUS,XOQ,WEJ,NOF,NA,VOK,KAH,VOK,KAH,1,is hetzelfde als,2,is het tegenovergestelde van,3,3,is hetzelfde als,4,,,,1,hetzelfde als,4,no,7,Is,NA,NA,NA,NA,NA,NA,NA,NA,NA,NA,NA,NA,NA,NA,NA,NA,NA,NA,NA,NA,NA,NA,NA,NA,NA,NA,NA,NA,NA,NA,NA,NA,NA,NA,NA,NA,NA,NA
fb433,23,NA,iti,canvas.Screen,1_2_6_1,NA,NA,NA,NA,timeout,1001,6705463,6705490,6705507,6706491,6706492,2022-04-16T07:59:35.084Z,6706508,NA,NA,NA,NA,NA,NA,NA,NA,NA,NA,NA,NA,NA,NA,NA,NA,NA,NA,NA,NA,NA,NA,NA,VOK,KAH,VOK,KAH,1,is hetzelfde als,2,is het tegenovergestelde van,3,3,is hetzelfde als,4,,,,1,hetzelfde als,4,no,7,Is,NA,NA,NA,NA,NA,NA,NA,NA,NA,NA,NA,NA,NA,NA,NA,NA,NA,NA,NA,NA,NA,NA,NA,NA,NA,NA,NA,NA,NA,NA,NA,NA,NA,NA,NA,NA,NA,NA
fb433,23,NA,trial_sequence,flow.Sequence,1_2_6,NA,NA,NA,NA,completion,12351,6694125,6694123,6694140,6706491,6706492,2022-04-16T07:59:35.084Z,6706508,NA,NA,NA,NA,NA,NA,NA,NA,NA,NA,NA,NA,NA,NA,NA,NA,NA,NA,NA,NA,NA,NA,NA,VOK,KAH,VOK,KAH,1,is hetzelfde als,2,is het tegenovergestelde van,3,3,is hetzelfde als,4,,,,1,hetzelfde als,4,no,7,Is,NA,NA,NA,NA,NA,NA,NA,NA,NA,NA,NA,NA,NA,NA,NA,NA,NA,NA,NA,NA,NA,NA,NA,NA,NA,NA,NA,NA,NA,NA,NA,NA,NA,NA,NA,NA,NA,NA
fb433,24,NA,trial,canvas.Screen,1_2_7_0_0,NA,NA,NA,NA,response,21775.0000000009,6706496,6706491,6706508,6728266,6728262,2022-04-16T07:59:56.854Z,6728292,NA,NA,NA,NA,NA,NA,NA,NA,NA,NA,NA,NA,NA,NA,NA,NA,NA,NA,NA,NA,NA,NA,NA,GUK,VUS,WEJ,GUK,1,is hetzelfde als,2,is het tegenovergestelde van,3,3,is hetzelfde als,4,,,,4,het tegenovergestelde van,1,yes,8,Is,VUS,XOQ,no,mousedown @no,yes,FALSE,XOQ,WEJ,NA,NA,NA,NA,NA,NA,NA,NA,NA,NA,NA,NA,NA,NA,NA,NA,NA,NA,NA,NA,NA,NA,NA,NA,NA,NA,NA,NA,NA,NA
fb433,24,NA,timer,html.Frame,1_2_7_0,NA,NA,NA,NA,NA,21755,6706494,6706491,6706508,6728263,6728264,2022-04-16T07:59:56.855Z,6728292,NA,NA,NA,NA,NA,NA,NA,NA,NA,NA,NA,NA,NA,NA,NA,NA,NA,RUC,RIZ,CEN,YAJ,YIX,NA,VOK,KAH,VOK,KAH,1,is hetzelfde als,2,is het tegenovergestelde van,3,3,is hetzelfde als,4,,,,4,het tegenovergestelde van,1,yes,8,Is,NA,NA,NA,NA,NA,NA,NA,NA,NA,NA,NA,NA,NA,NA,NA,NA,NA,NA,NA,NA,NA,NA,NA,NA,NA,NA,NA,NA,NA,NA,NA,NA,NA,NA,NA,NA,NA,NA
fb433,24,NA,iti,canvas.Screen,1_2_7_1,NA,NA,NA,NA,timeout,1000,6728264,6728275,6728292,6729276,6729276,2022-04-16T07:59:57.868Z,6729292,NA,NA,NA,NA,NA,NA,NA,NA,NA,NA,NA,NA,NA,NA,NA,NA,NA,NA,NA,NA,NA,NA,NA,VOK,KAH,VOK,KAH,1,is hetzelfde als,2,is het tegenovergestelde van,3,3,is hetzelfde als,4,,,,4,het tegenovergestelde van,1,yes,8,Is,NA,NA,NA,NA,NA,NA,NA,NA,NA,NA,NA,NA,NA,NA,NA,NA,NA,NA,NA,NA,NA,NA,NA,NA,NA,NA,NA,NA,NA,NA,NA,NA,NA,NA,NA,NA,NA,NA
fb433,24,NA,trial_sequence,flow.Sequence,1_2_7,NA,NA,NA,NA,completion,22768,6706492,6706491,6706508,6729276,6729277,2022-04-16T07:59:57.869Z,6729292,NA,NA,NA,NA,NA,NA,NA,NA,NA,NA,NA,NA,NA,NA,NA,NA,NA,NA,NA,NA,NA,NA,NA,VOK,KAH,VOK,KAH,1,is hetzelfde als,2,is het tegenovergestelde van,3,3,is hetzelfde als,4,,,,4,het tegenovergestelde van,1,yes,8,Is,NA,NA,NA,NA,NA,NA,NA,NA,NA,NA,NA,NA,NA,NA,NA,NA,NA,NA,NA,NA,NA,NA,NA,NA,NA,NA,NA,NA,NA,NA,NA,NA,NA,NA,NA,NA,NA,NA
fb433,25,NA,trial,canvas.Screen,1_2_8_0_0,NA,NA,NA,NA,response,14510,6729283,6729276,6729292,6743786,6743781,2022-04-16T08:00:12.373Z,6743826,NA,NA,NA,NA,NA,NA,NA,NA,NA,NA,NA,NA,NA,NA,NA,NA,NA,NA,NA,NA,NA,NA,NA,RUC,RIZ,RUC,YAJ,1,is het tegenovergestelde van,2,is hetzelfde als,3,3,is het tegenovergestelde van,4,,,,1,hetzelfde als,4,yes,9,Is,RIZ,CEN,no,mousedown @no,yes,FALSE,CEN,YAJ,NA,NA,NA,NA,NA,NA,NA,NA,NA,NA,NA,NA,NA,NA,NA,NA,NA,NA,NA,NA,NA,NA,NA,NA,NA,NA,NA,NA,NA,NA
fb433,25,NA,timer,html.Frame,1_2_8_0,NA,NA,NA,NA,NA,14492.0000000009,6729279,6729276,6729292,6743784,6743784,2022-04-16T08:00:12.375Z,6743826,NA,NA,NA,NA,NA,NA,NA,NA,NA,NA,NA,NA,NA,NA,NA,NA,NA,JUZ,NUD,SUJ,WUL,MAJ,NA,VOK,KAH,VOK,KAH,1,is het tegenovergestelde van,2,is hetzelfde als,3,3,is het tegenovergestelde van,4,,,,1,hetzelfde als,4,yes,9,Is,NA,NA,NA,NA,NA,NA,NA,NA,NA,NA,NA,NA,NA,NA,NA,NA,NA,NA,NA,NA,NA,NA,NA,NA,NA,NA,NA,NA,NA,NA,NA,NA,NA,NA,NA,NA,NA,NA
fb433,25,NA,iti,canvas.Screen,1_2_8_1,NA,NA,NA,NA,timeout,1001,6743784,6743810,6743826,6744810,6744811,2022-04-16T08:00:13.402Z,6744827,NA,NA,NA,NA,NA,NA,NA,NA,NA,NA,NA,NA,NA,NA,NA,NA,NA,NA,NA,NA,NA,NA,NA,VOK,KAH,VOK,KAH,1,is het tegenovergestelde van,2,is hetzelfde als,3,3,is het tegenovergestelde van,4,,,,1,hetzelfde als,4,yes,9,Is,NA,NA,NA,NA,NA,NA,NA,NA,NA,NA,NA,NA,NA,NA,NA,NA,NA,NA,NA,NA,NA,NA,NA,NA,NA,NA,NA,NA,NA,NA,NA,NA,NA,NA,NA,NA,NA,NA
fb433,25,NA,trial_sequence,flow.Sequence,1_2_8,NA,NA,NA,NA,completion,15518,6729277,6729276,6729292,6744810,6744811,2022-04-16T08:00:13.403Z,6744827,NA,NA,NA,NA,NA,NA,NA,NA,NA,NA,NA,NA,NA,NA,NA,NA,NA,NA,NA,NA,NA,NA,NA,VOK,KAH,VOK,KAH,1,is het tegenovergestelde van,2,is hetzelfde als,3,3,is het tegenovergestelde van,4,,,,1,hetzelfde als,4,yes,9,Is,NA,NA,NA,NA,NA,NA,NA,NA,NA,NA,NA,NA,NA,NA,NA,NA,NA,NA,NA,NA,NA,NA,NA,NA,NA,NA,NA,NA,NA,NA,NA,NA,NA,NA,NA,NA,NA,NA
fb433,26,NA,trial,canvas.Screen,1_2_9_0_0,NA,NA,NA,NA,response,20396,6744818,6744810,6744827,6765206,6765201,2022-04-16T08:00:33.793Z,6765244,NA,NA,NA,NA,NA,NA,NA,NA,NA,NA,NA,NA,NA,NA,NA,NA,NA,NA,NA,NA,NA,NA,NA,JUZ,NUD,WUL,JUZ,1,is het tegenovergestelde van,2,is hetzelfde als,3,3,is het tegenovergestelde van,4,,,,4,het tegenovergestelde van,1,no,10,Is,NUD,SUJ,yes,mousedown @yes,no,FALSE,SUJ,WUL,NA,NA,NA,NA,NA,NA,NA,NA,NA,NA,NA,NA,NA,NA,NA,NA,NA,NA,NA,NA,NA,NA,NA,NA,NA,NA,NA,NA,NA,NA
fb433,26,NA,timer,html.Frame,1_2_9_0,NA,NA,NA,NA,NA,20377,6744813,6744810,6744827,6765204,6765204,2022-04-16T08:00:33.796Z,6765244,NA,NA,NA,NA,NA,NA,NA,NA,NA,NA,NA,NA,NA,NA,NA,NA,NA,TEC,HUD,HOJ,BIR,QOH,NA,VOK,KAH,VOK,KAH,1,is het tegenovergestelde van,2,is hetzelfde als,3,3,is het tegenovergestelde van,4,,,,4,het tegenovergestelde van,1,no,10,Is,NA,NA,NA,NA,NA,NA,NA,NA,NA,NA,NA,NA,NA,NA,NA,NA,NA,NA,NA,NA,NA,NA,NA,NA,NA,NA,NA,NA,NA,NA,NA,NA,NA,NA,NA,NA,NA,NA
fb433,26,NA,iti,canvas.Screen,1_2_9_1,NA,NA,NA,NA,timeout,1002,6765205,6765228,6765244,6766228,6766228,2022-04-16T08:00:34.819Z,6766246,NA,NA,NA,NA,NA,NA,NA,NA,NA,NA,NA,NA,NA,NA,NA,NA,NA,NA,NA,NA,NA,NA,NA,VOK,KAH,VOK,KAH,1,is het tegenovergestelde van,2,is hetzelfde als,3,3,is het tegenovergestelde van,4,,,,4,het tegenovergestelde van,1,no,10,Is,NA,NA,NA,NA,NA,NA,NA,NA,NA,NA,NA,NA,NA,NA,NA,NA,NA,NA,NA,NA,NA,NA,NA,NA,NA,NA,NA,NA,NA,NA,NA,NA,NA,NA,NA,NA,NA,NA
fb433,26,NA,trial_sequence,flow.Sequence,1_2_9,NA,NA,NA,NA,completion,21401,6744812,6744810,6744827,6766228,6766229,2022-04-16T08:00:34.820Z,6766246,NA,NA,NA,NA,NA,NA,NA,NA,NA,NA,NA,NA,NA,NA,NA,NA,NA,NA,NA,NA,NA,NA,NA,VOK,KAH,VOK,KAH,1,is het tegenovergestelde van,2,is hetzelfde als,3,3,is het tegenovergestelde van,4,,,,4,het tegenovergestelde van,1,no,10,Is,NA,NA,NA,NA,NA,NA,NA,NA,NA,NA,NA,NA,NA,NA,NA,NA,NA,NA,NA,NA,NA,NA,NA,NA,NA,NA,NA,NA,NA,NA,NA,NA,NA,NA,NA,NA,NA,NA
fb433,27,NA,trial,canvas.Screen,1_2_10_0_0,NA,NA,NA,NA,response,13853,6766236,6766228,6766246,6780081,6780075,2022-04-16T08:00:48.666Z,6780112,NA,NA,NA,NA,NA,NA,NA,NA,NA,NA,NA,NA,NA,NA,NA,NA,NA,NA,NA,NA,NA,NA,NA,TEC,HUD,TEC,BIR,1,is het tegenovergestelde van,2,is het tegenovergestelde van,3,3,is het tegenovergestelde van,4,,,,1,hetzelfde als,4,yes,11,Is,HUD,HOJ,yes,mousedown @yes,yes,TRUE,HOJ,BIR,NA,NA,NA,NA,NA,NA,NA,NA,NA,NA,NA,NA,NA,NA,NA,NA,NA,NA,NA,NA,NA,NA,NA,NA,NA,NA,NA,NA,NA,NA
fb433,27,NA,timer,html.Frame,1_2_10_0,NA,NA,NA,NA,NA,13831,6766231,6766228,6766246,6780077,6780077,2022-04-16T08:00:48.668Z,6780112,NA,NA,NA,NA,NA,NA,NA,NA,NA,NA,NA,NA,NA,NA,NA,NA,NA,QIR,LUD,HEZ,JOQ,XAQ,5,VOK,KAH,VOK,KAH,1,is het tegenovergestelde van,2,is het tegenovergestelde van,3,3,is het tegenovergestelde van,4,,,,1,hetzelfde als,4,yes,11,Is,NA,NA,NA,NA,NA,NA,NA,NA,NA,NA,NA,NA,NA,NA,NA,NA,NA,NA,NA,NA,NA,NA,NA,NA,NA,NA,NA,NA,NA,NA,NA,NA,NA,NA,NA,NA,NA,NA
fb433,27,NA,iti,canvas.Screen,1_2_10_1,NA,NA,NA,NA,timeout,1000,6780077,6780096,6780112,6781096,6781097,2022-04-16T08:00:49.688Z,6781112,NA,NA,NA,NA,NA,NA,NA,NA,NA,NA,NA,NA,NA,NA,NA,NA,NA,NA,NA,NA,NA,NA,NA,VOK,KAH,VOK,KAH,1,is het tegenovergestelde van,2,is het tegenovergestelde van,3,3,is het tegenovergestelde van,4,,,,1,hetzelfde als,4,yes,11,Is,NA,NA,NA,NA,NA,NA,NA,NA,NA,NA,NA,NA,NA,NA,NA,NA,NA,NA,NA,NA,NA,NA,NA,NA,NA,NA,NA,NA,NA,NA,NA,NA,NA,NA,NA,NA,NA,NA
fb433,27,NA,trial_sequence,flow.Sequence,1_2_10,NA,NA,NA,NA,completion,14850,6766229,6766228,6766246,6781096,6781097,2022-04-16T08:00:49.688Z,6781112,NA,NA,NA,NA,NA,NA,NA,NA,NA,NA,NA,NA,NA,NA,NA,NA,NA,NA,NA,NA,NA,NA,NA,VOK,KAH,VOK,KAH,1,is het tegenovergestelde van,2,is het tegenovergestelde van,3,3,is het tegenovergestelde van,4,,,,1,hetzelfde als,4,yes,11,Is,NA,NA,NA,NA,NA,NA,NA,NA,NA,NA,NA,NA,NA,NA,NA,NA,NA,NA,NA,NA,NA,NA,NA,NA,NA,NA,NA,NA,NA,NA,NA,NA,NA,NA,NA,NA,NA,NA
fb433,28,NA,trial,canvas.Screen,1_2_11_0_0,NA,NA,NA,NA,response,18315,6781103,6781096,6781112,6799411,6799408,2022-04-16T08:01:07.999Z,6799447,NA,NA,NA,NA,NA,NA,NA,NA,NA,NA,NA,NA,NA,NA,NA,NA,NA,NA,NA,NA,NA,NA,NA,QIR,LUD,JOQ,QIR,1,is het tegenovergestelde van,2,is het tegenovergestelde van,3,3,is het tegenovergestelde van,4,,,,4,het tegenovergestelde van,1,no,12,Is,LUD,HEZ,yes,mousedown @yes,no,FALSE,HEZ,JOQ,NA,NA,NA,NA,NA,NA,NA,NA,NA,NA,NA,NA,NA,NA,NA,NA,NA,NA,NA,NA,NA,NA,NA,NA,NA,NA,NA,NA,NA,NA
fb433,28,NA,timer,html.Frame,1_2_11_0,NA,NA,NA,NA,NA,18298,6781099,6781096,6781112,6799410,6799410,2022-04-16T08:01:08.001Z,6799447,NA,NA,NA,NA,NA,NA,NA,NA,NA,NA,NA,NA,NA,NA,NA,NA,NA,PUW,CIY,SOR,MUQ,XAL,NA,VOK,KAH,VOK,KAH,1,is het tegenovergestelde van,2,is het tegenovergestelde van,3,3,is het tegenovergestelde van,4,,,,4,het tegenovergestelde van,1,no,12,Is,NA,NA,NA,NA,NA,NA,NA,NA,NA,NA,NA,NA,NA,NA,NA,NA,NA,NA,NA,NA,NA,NA,NA,NA,NA,NA,NA,NA,NA,NA,NA,NA,NA,NA,NA,NA,NA,NA
fb433,28,NA,iti,canvas.Screen,1_2_11_1,NA,NA,NA,NA,timeout,1002,6799410,6799431,6799447,6800431,6800431,2022-04-16T08:01:09.022Z,6800449,NA,NA,NA,NA,NA,NA,NA,NA,NA,NA,NA,NA,NA,NA,NA,NA,NA,NA,NA,NA,NA,NA,NA,VOK,KAH,VOK,KAH,1,is het tegenovergestelde van,2,is het tegenovergestelde van,3,3,is het tegenovergestelde van,4,,,,4,het tegenovergestelde van,1,no,12,Is,NA,NA,NA,NA,NA,NA,NA,NA,NA,NA,NA,NA,NA,NA,NA,NA,NA,NA,NA,NA,NA,NA,NA,NA,NA,NA,NA,NA,NA,NA,NA,NA,NA,NA,NA,NA,NA,NA
fb433,28,NA,trial_sequence,flow.Sequence,1_2_11,NA,NA,NA,NA,completion,19319,6781098,6781096,6781112,6800431,6800434,2022-04-16T08:01:09.025Z,6800449,NA,NA,NA,NA,NA,NA,NA,NA,NA,NA,NA,NA,NA,NA,NA,NA,NA,NA,NA,NA,NA,NA,NA,VOK,KAH,VOK,KAH,1,is het tegenovergestelde van,2,is het tegenovergestelde van,3,3,is het tegenovergestelde van,4,,,,4,het tegenovergestelde van,1,no,12,Is,NA,NA,NA,NA,NA,NA,NA,NA,NA,NA,NA,NA,NA,NA,NA,NA,NA,NA,NA,NA,NA,NA,NA,NA,NA,NA,NA,NA,NA,NA,NA,NA,NA,NA,NA,NA,NA,NA
fb433,29,NA,trial,canvas.Screen,1_2_12_0_0,NA,NA,NA,NA,response,22309,6800440,6800431,6800449,6822740,6822734,2022-04-16T08:01:31.325Z,6822765,NA,NA,NA,NA,NA,NA,NA,NA,NA,NA,NA,NA,NA,NA,NA,NA,NA,NA,NA,NA,NA,NA,NA,PUW,CIY,PUW,XAL,1,is het tegenovergestelde van,2,is hetzelfde als,3,3,is het tegenovergestelde van,4,4,is hetzelfde als,5,1,hetzelfde als,5,yes,13,Is,CIY,SOR,yes,mousedown @yes,yes,TRUE,SOR,MUQ,MUQ,XAL,NA,NA,NA,NA,NA,NA,NA,NA,NA,NA,NA,NA,NA,NA,NA,NA,NA,NA,NA,NA,NA,NA,NA,NA,NA,NA,NA,NA
fb433,29,NA,timer,html.Frame,1_2_12_0,NA,NA,NA,NA,NA,22287,6800437,6800431,6800449,6822736,6822736,2022-04-16T08:01:31.326Z,6822765,NA,NA,NA,NA,NA,NA,NA,NA,NA,NA,NA,NA,NA,NA,NA,NA,NA,BIX,JOS,TIX,YIZ,BIH,6,VOK,KAH,VOK,KAH,1,is het tegenovergestelde van,2,is hetzelfde als,3,3,is het tegenovergestelde van,4,4,is hetzelfde als,5,1,hetzelfde als,5,yes,13,Is,NA,NA,NA,NA,NA,NA,NA,NA,NA,NA,NA,NA,NA,NA,NA,NA,NA,NA,NA,NA,NA,NA,NA,NA,NA,NA,NA,NA,NA,NA,NA,NA,NA,NA,NA,NA,NA,NA
fb433,29,NA,iti,canvas.Screen,1_2_12_1,NA,NA,NA,NA,timeout,1000,6822736,6822748,6822765,6823749,6823750,2022-04-16T08:01:32.340Z,6823765,NA,NA,NA,NA,NA,NA,NA,NA,NA,NA,NA,NA,NA,NA,NA,NA,NA,NA,NA,NA,NA,NA,NA,VOK,KAH,VOK,KAH,1,is het tegenovergestelde van,2,is hetzelfde als,3,3,is het tegenovergestelde van,4,4,is hetzelfde als,5,1,hetzelfde als,5,yes,13,Is,NA,NA,NA,NA,NA,NA,NA,NA,NA,NA,NA,NA,NA,NA,NA,NA,NA,NA,NA,NA,NA,NA,NA,NA,NA,NA,NA,NA,NA,NA,NA,NA,NA,NA,NA,NA,NA,NA
fb433,29,NA,trial_sequence,flow.Sequence,1_2_12,NA,NA,NA,NA,completion,23300,6800435,6800431,6800449,6823749,6823750,2022-04-16T08:01:32.340Z,6823765,NA,NA,NA,NA,NA,NA,NA,NA,NA,NA,NA,NA,NA,NA,NA,NA,NA,NA,NA,NA,NA,NA,NA,VOK,KAH,VOK,KAH,1,is het tegenovergestelde van,2,is hetzelfde als,3,3,is het tegenovergestelde van,4,4,is hetzelfde als,5,1,hetzelfde als,5,yes,13,Is,NA,NA,NA,NA,NA,NA,NA,NA,NA,NA,NA,NA,NA,NA,NA,NA,NA,NA,NA,NA,NA,NA,NA,NA,NA,NA,NA,NA,NA,NA,NA,NA,NA,NA,NA,NA,NA,NA
fb433,30,NA,trial,canvas.Screen,1_2_13_0_0,NA,NA,NA,NA,timeout,31003,6823755,6823749,6823765,6854751,6854751,2022-04-16T08:02:03.341Z,6854768,NA,NA,NA,NA,NA,NA,NA,NA,NA,NA,NA,NA,NA,NA,NA,NA,NA,NA,NA,NA,NA,NA,NA,BIX,JOS,BIH,BIX,1,is het tegenovergestelde van,2,is hetzelfde als,3,3,is het tegenovergestelde van,4,4,is hetzelfde als,5,5,het tegenovergestelde van,1,no,14,Is,JOS,TIX,NA,NA,NA,NA,TIX,YIZ,YIZ,BIH,NA,NA,NA,NA,NA,NA,NA,NA,NA,NA,NA,NA,NA,NA,NA,NA,NA,NA,NA,NA,NA,NA,NA,NA,NA,NA,NA,NA
fb433,30,NA,timer,html.Frame,1_2_13_0,NA,NA,NA,NA,NA,30988,6823751,6823749,6823765,6854753,6854753,2022-04-16T08:02:03.343Z,6854785,NA,NA,NA,NA,NA,NA,NA,NA,NA,NA,NA,NA,NA,NA,NA,NA,NA,HUZ,MIP,VAX,BIV,POG,7,VOK,KAH,VOK,KAH,1,is het tegenovergestelde van,2,is hetzelfde als,3,3,is het tegenovergestelde van,4,4,is hetzelfde als,5,5,het tegenovergestelde van,1,no,14,Is,NA,NA,NA,NA,NA,NA,NA,NA,NA,NA,NA,NA,NA,NA,NA,NA,NA,NA,NA,NA,NA,NA,NA,NA,NA,NA,NA,NA,NA,NA,NA,NA,NA,NA,NA,NA,NA,NA
fb433,30,NA,iti,canvas.Screen,1_2_13_1,NA,NA,NA,NA,timeout,999,6854754,6854768,6854785,6855767,6855767,2022-04-16T08:02:04.357Z,6855784,NA,NA,NA,NA,NA,NA,NA,NA,NA,NA,NA,NA,NA,NA,NA,NA,NA,NA,NA,NA,NA,NA,NA,VOK,KAH,VOK,KAH,1,is het tegenovergestelde van,2,is hetzelfde als,3,3,is het tegenovergestelde van,4,4,is hetzelfde als,5,5,het tegenovergestelde van,1,no,14,Is,NA,NA,NA,NA,NA,NA,NA,NA,NA,NA,NA,NA,NA,NA,NA,NA,NA,NA,NA,NA,NA,NA,NA,NA,NA,NA,NA,NA,NA,NA,NA,NA,NA,NA,NA,NA,NA,NA
fb433,30,NA,trial_sequence,flow.Sequence,1_2_13,NA,NA,NA,NA,completion,32002,6823750,6823749,6823765,6855767,6855768,2022-04-16T08:02:04.357Z,6855784,NA,NA,NA,NA,NA,NA,NA,NA,NA,NA,NA,NA,NA,NA,NA,NA,NA,NA,NA,NA,NA,NA,NA,VOK,KAH,VOK,KAH,1,is het tegenovergestelde van,2,is hetzelfde als,3,3,is het tegenovergestelde van,4,4,is hetzelfde als,5,5,het tegenovergestelde van,1,no,14,Is,NA,NA,NA,NA,NA,NA,NA,NA,NA,NA,NA,NA,NA,NA,NA,NA,NA,NA,NA,NA,NA,NA,NA,NA,NA,NA,NA,NA,NA,NA,NA,NA,NA,NA,NA,NA,NA,NA
fb433,31,NA,trial,canvas.Screen,1_2_14_0_0,NA,NA,NA,NA,response,18358,6855772,6855767,6855784,6874125,6874118,2022-04-16T08:02:22.707Z,6874153,NA,NA,NA,NA,NA,NA,NA,NA,NA,NA,NA,NA,NA,NA,NA,NA,NA,NA,NA,NA,NA,NA,NA,HUZ,MIP,HUZ,POG,1,is hetzelfde als,2,is het tegenovergestelde van,3,3,is hetzelfde als,4,4,is het tegenovergestelde van,5,1,hetzelfde als,5,no,15,Is,MIP,VAX,yes,mousedown @yes,no,FALSE,VAX,BIV,BIV,POG,NA,NA,NA,NA,NA,NA,NA,NA,NA,NA,NA,NA,NA,NA,NA,NA,NA,NA,NA,NA,NA,NA,NA,NA,NA,NA,NA,NA
fb433,31,NA,timer,html.Frame,1_2_14_0,NA,NA,NA,NA,NA,18336,6855769,6855767,6855784,6874120,6874120,2022-04-16T08:02:22.710Z,6874153,NA,NA,NA,NA,NA,NA,NA,NA,NA,NA,NA,NA,NA,NA,NA,NA,NA,SIW,JIT,VEM,TOB,XIT,NA,VOK,KAH,VOK,KAH,1,is hetzelfde als,2,is het tegenovergestelde van,3,3,is hetzelfde als,4,4,is het tegenovergestelde van,5,1,hetzelfde als,5,no,15,Is,NA,NA,NA,NA,NA,NA,NA,NA,NA,NA,NA,NA,NA,NA,NA,NA,NA,NA,NA,NA,NA,NA,NA,NA,NA,NA,NA,NA,NA,NA,NA,NA,NA,NA,NA,NA,NA,NA
fb433,31,NA,iti,canvas.Screen,1_2_14_1,NA,NA,NA,NA,timeout,1000,6874120,6874136,6874153,6875135,6875136,2022-04-16T08:02:23.725Z,6875153,NA,NA,NA,NA,NA,NA,NA,NA,NA,NA,NA,NA,NA,NA,NA,NA,NA,NA,NA,NA,NA,NA,NA,VOK,KAH,VOK,KAH,1,is hetzelfde als,2,is het tegenovergestelde van,3,3,is hetzelfde als,4,4,is het tegenovergestelde van,5,1,hetzelfde als,5,no,15,Is,NA,NA,NA,NA,NA,NA,NA,NA,NA,NA,NA,NA,NA,NA,NA,NA,NA,NA,NA,NA,NA,NA,NA,NA,NA,NA,NA,NA,NA,NA,NA,NA,NA,NA,NA,NA,NA,NA
fb433,31,NA,trial_sequence,flow.Sequence,1_2_14,NA,NA,NA,NA,completion,19351,6855768,6855767,6855784,6875135,6875136,2022-04-16T08:02:23.726Z,6875153,NA,NA,NA,NA,NA,NA,NA,NA,NA,NA,NA,NA,NA,NA,NA,NA,NA,NA,NA,NA,NA,NA,NA,VOK,KAH,VOK,KAH,1,is hetzelfde als,2,is het tegenovergestelde van,3,3,is hetzelfde als,4,4,is het tegenovergestelde van,5,1,hetzelfde als,5,no,15,Is,NA,NA,NA,NA,NA,NA,NA,NA,NA,NA,NA,NA,NA,NA,NA,NA,NA,NA,NA,NA,NA,NA,NA,NA,NA,NA,NA,NA,NA,NA,NA,NA,NA,NA,NA,NA,NA,NA
fb433,32,NA,trial,canvas.Screen,1_2_15_0_0,NA,NA,NA,NA,response,23137,6875142,6875135,6875153,6898272,6898265,2022-04-16T08:02:46.854Z,6898304,NA,NA,NA,NA,NA,NA,NA,NA,NA,NA,NA,NA,NA,NA,NA,NA,NA,NA,NA,NA,NA,NA,NA,SIW,JIT,XIT,SIW,1,is hetzelfde als,2,is het tegenovergestelde van,3,3,is hetzelfde als,4,4,is het tegenovergestelde van,5,5,het tegenovergestelde van,1,yes,16,Is,JIT,VEM,yes,mousedown @yes,yes,TRUE,VEM,TOB,TOB,XIT,NA,NA,NA,NA,NA,NA,NA,NA,NA,NA,NA,NA,NA,NA,NA,NA,NA,NA,NA,NA,NA,NA,NA,NA,NA,NA,NA,NA
fb433,32,NA,timer,html.Frame,1_2_15_0,NA,NA,NA,NA,NA,23114,6875138,6875135,6875153,6898267,6898268,2022-04-16T08:02:46.857Z,6898304,NA,NA,NA,NA,NA,NA,NA,NA,NA,NA,NA,NA,NA,NA,NA,NA,NA,JAQ,CEH,NEF,YAT,DEQ,8,VOK,KAH,VOK,KAH,1,is hetzelfde als,2,is het tegenovergestelde van,3,3,is hetzelfde als,4,4,is het tegenovergestelde van,5,5,het tegenovergestelde van,1,yes,16,Is,NA,NA,NA,NA,NA,NA,NA,NA,NA,NA,NA,NA,NA,NA,NA,NA,NA,NA,NA,NA,NA,NA,NA,NA,NA,NA,NA,NA,NA,NA,NA,NA,NA,NA,NA,NA,NA,NA
fb433,32,NA,iti,canvas.Screen,1_2_15_1,NA,NA,NA,NA,timeout,1002,6898268,6898288,6898304,6899287,6899287,2022-04-16T08:02:47.877Z,6899306,NA,NA,NA,NA,NA,NA,NA,NA,NA,NA,NA,NA,NA,NA,NA,NA,NA,NA,NA,NA,NA,NA,NA,VOK,KAH,VOK,KAH,1,is hetzelfde als,2,is het tegenovergestelde van,3,3,is hetzelfde als,4,4,is het tegenovergestelde van,5,5,het tegenovergestelde van,1,yes,16,Is,NA,NA,NA,NA,NA,NA,NA,NA,NA,NA,NA,NA,NA,NA,NA,NA,NA,NA,NA,NA,NA,NA,NA,NA,NA,NA,NA,NA,NA,NA,NA,NA,NA,NA,NA,NA,NA,NA
fb433,32,NA,trial_sequence,flow.Sequence,1_2_15,NA,NA,NA,NA,completion,24134,6875136,6875135,6875153,6899287,6899288,2022-04-16T08:02:47.877Z,6899306,NA,NA,NA,NA,NA,NA,NA,NA,NA,NA,NA,NA,NA,NA,NA,NA,NA,NA,NA,NA,NA,NA,NA,VOK,KAH,VOK,KAH,1,is hetzelfde als,2,is het tegenovergestelde van,3,3,is hetzelfde als,4,4,is het tegenovergestelde van,5,5,het tegenovergestelde van,1,yes,16,Is,NA,NA,NA,NA,NA,NA,NA,NA,NA,NA,NA,NA,NA,NA,NA,NA,NA,NA,NA,NA,NA,NA,NA,NA,NA,NA,NA,NA,NA,NA,NA,NA,NA,NA,NA,NA,NA,NA
fb433,33,NA,trial,canvas.Screen,1_2_16_0_0,NA,NA,NA,NA,response,11944,6899297,6899287,6899306,6911231,6911223,2022-04-16T08:02:59.812Z,6911254,NA,NA,NA,NA,NA,NA,NA,NA,NA,NA,NA,NA,NA,NA,NA,NA,NA,NA,NA,NA,NA,NA,NA,JAQ,CEH,NEF,JAQ,2,is hetzelfde als,2,is hetzelfde als,3,,,,,,,3,hetzelfde als,1,yes,17,Is,CEH,NEF,yes,mousedown @yes,yes,TRUE,NA,NA,NA,NA,NA,NA,NA,NA,NA,NA,NA,NA,NA,NA,NA,NA,NA,NA,NA,NA,NA,NA,NA,NA,NA,NA,NA,NA,NA,NA,NA,NA
fb433,33,NA,timer,html.Frame,1_2_16_0,NA,NA,NA,NA,NA,11920.0000000009,6899290,6899287,6899306,6911226,6911226,2022-04-16T08:02:59.815Z,6911254,NA,NA,NA,NA,NA,NA,NA,NA,NA,NA,NA,NA,NA,NA,NA,NA,NA,XAZ,BAZ,YOS,HUV,QEY,9,VOK,KAH,VOK,KAH,2,is hetzelfde als,2,is hetzelfde als,3,,,,,,,3,hetzelfde als,1,yes,17,Is,NA,NA,NA,NA,NA,NA,NA,NA,NA,NA,NA,NA,NA,NA,NA,NA,NA,NA,NA,NA,NA,NA,NA,NA,NA,NA,NA,NA,NA,NA,NA,NA,NA,NA,NA,NA,NA,NA
fb433,33,NA,iti,canvas.Screen,1_2_16_1,NA,NA,NA,NA,timeout,1001,6911226,6911238,6911254,6912238,6912238,2022-04-16T08:03:00.827Z,6912255,NA,NA,NA,NA,NA,NA,NA,NA,NA,NA,NA,NA,NA,NA,NA,NA,NA,NA,NA,NA,NA,NA,NA,VOK,KAH,VOK,KAH,2,is hetzelfde als,2,is hetzelfde als,3,,,,,,,3,hetzelfde als,1,yes,17,Is,NA,NA,NA,NA,NA,NA,NA,NA,NA,NA,NA,NA,NA,NA,NA,NA,NA,NA,NA,NA,NA,NA,NA,NA,NA,NA,NA,NA,NA,NA,NA,NA,NA,NA,NA,NA,NA,NA
fb433,33,NA,trial_sequence,flow.Sequence,1_2_16,NA,NA,NA,NA,completion,12932,6899288,6899287,6899306,6912238,6912238,2022-04-16T08:03:00.827Z,6912255,NA,NA,NA,NA,NA,NA,NA,NA,NA,NA,NA,NA,NA,NA,NA,NA,NA,NA,NA,NA,NA,NA,NA,VOK,KAH,VOK,KAH,2,is hetzelfde als,2,is hetzelfde als,3,,,,,,,3,hetzelfde als,1,yes,17,Is,NA,NA,NA,NA,NA,NA,NA,NA,NA,NA,NA,NA,NA,NA,NA,NA,NA,NA,NA,NA,NA,NA,NA,NA,NA,NA,NA,NA,NA,NA,NA,NA,NA,NA,NA,NA,NA,NA
fb433,34,NA,trial,canvas.Screen,1_2_17_0_0,NA,NA,NA,NA,response,9030,6912244,6912238,6912255,6921268,6921261,2022-04-16T08:03:09.849Z,6921305,NA,NA,NA,NA,NA,NA,NA,NA,NA,NA,NA,NA,NA,NA,NA,NA,NA,NA,NA,NA,NA,NA,NA,XAZ,BAZ,XAZ,YOS,2,is hetzelfde als,2,is hetzelfde als,3,,,,,,,1,anders dan,3,no,18,Is,BAZ,YOS,yes,mousedown @yes,no,FALSE,NA,NA,NA,NA,NA,NA,NA,NA,NA,NA,NA,NA,NA,NA,NA,NA,NA,NA,NA,NA,NA,NA,NA,NA,NA,NA,NA,NA,NA,NA,NA,NA
fb433,34,NA,timer,html.Frame,1_2_17_0,NA,NA,NA,NA,NA,9008,6912240,6912238,6912255,6921263,6921263,2022-04-16T08:03:09.852Z,6921305,NA,NA,NA,NA,NA,NA,NA,NA,NA,NA,NA,NA,NA,NA,NA,NA,NA,SED,QAL,LIR,HIY,VUR,NA,VOK,KAH,VOK,KAH,2,is hetzelfde als,2,is hetzelfde als,3,,,,,,,1,anders dan,3,no,18,Is,NA,NA,NA,NA,NA,NA,NA,NA,NA,NA,NA,NA,NA,NA,NA,NA,NA,NA,NA,NA,NA,NA,NA,NA,NA,NA,NA,NA,NA,NA,NA,NA,NA,NA,NA,NA,NA,NA
fb433,34,NA,iti,canvas.Screen,1_2_17_1,NA,NA,NA,NA,timeout,1001,6921263,6921288,6921305,6922289,6922289,2022-04-16T08:03:10.878Z,6922306,NA,NA,NA,NA,NA,NA,NA,NA,NA,NA,NA,NA,NA,NA,NA,NA,NA,NA,NA,NA,NA,NA,NA,VOK,KAH,VOK,KAH,2,is hetzelfde als,2,is hetzelfde als,3,,,,,,,1,anders dan,3,no,18,Is,NA,NA,NA,NA,NA,NA,NA,NA,NA,NA,NA,NA,NA,NA,NA,NA,NA,NA,NA,NA,NA,NA,NA,NA,NA,NA,NA,NA,NA,NA,NA,NA,NA,NA,NA,NA,NA,NA
fb433,34,NA,trial_sequence,flow.Sequence,1_2_17,NA,NA,NA,NA,completion,10034,6912239,6912238,6912255,6922289,6922290,2022-04-16T08:03:10.879Z,6922306,NA,NA,NA,NA,NA,NA,NA,NA,NA,NA,NA,NA,NA,NA,NA,NA,NA,NA,NA,NA,NA,NA,NA,VOK,KAH,VOK,KAH,2,is hetzelfde als,2,is hetzelfde als,3,,,,,,,1,anders dan,3,no,18,Is,NA,NA,NA,NA,NA,NA,NA,NA,NA,NA,NA,NA,NA,NA,NA,NA,NA,NA,NA,NA,NA,NA,NA,NA,NA,NA,NA,NA,NA,NA,NA,NA,NA,NA,NA,NA,NA,NA
fb433,35,NA,trial,canvas.Screen,1_2_18_0_0,NA,NA,NA,NA,response,11070,6922296,6922289,6922306,6933359,6933350,2022-04-16T08:03:21.939Z,6933390,NA,NA,NA,NA,NA,NA,NA,NA,NA,NA,NA,NA,NA,NA,NA,NA,NA,NA,NA,NA,NA,NA,NA,SED,QAL,LIR,SED,2,is hetzelfde als,2,is anders dan,3,,,,,,,3,hetzelfde als,1,yes,19,Is,QAL,LIR,no,mousedown @no,yes,FALSE,NA,NA,NA,NA,NA,NA,NA,NA,NA,NA,NA,NA,NA,NA,NA,NA,NA,NA,NA,NA,NA,NA,NA,NA,NA,NA,NA,NA,NA,NA,NA,NA
fb433,35,NA,timer,html.Frame,1_2_18_0,NA,NA,NA,NA,NA,11046,6922291,6922289,6922306,6933352,6933352,2022-04-16T08:03:21.941Z,6933390,NA,NA,NA,NA,NA,NA,NA,NA,NA,NA,NA,NA,NA,NA,NA,NA,NA,YIG,QEP,KED,TEH,FUP,NA,VOK,KAH,VOK,KAH,2,is hetzelfde als,2,is anders dan,3,,,,,,,3,hetzelfde als,1,yes,19,Is,NA,NA,NA,NA,NA,NA,NA,NA,NA,NA,NA,NA,NA,NA,NA,NA,NA,NA,NA,NA,NA,NA,NA,NA,NA,NA,NA,NA,NA,NA,NA,NA,NA,NA,NA,NA,NA,NA
fb433,35,NA,iti,canvas.Screen,1_2_18_1,NA,NA,NA,NA,timeout,999,6933352,6933373,6933390,6934373,6934374,2022-04-16T08:03:22.963Z,6934389,NA,NA,NA,NA,NA,NA,NA,NA,NA,NA,NA,NA,NA,NA,NA,NA,NA,NA,NA,NA,NA,NA,NA,VOK,KAH,VOK,KAH,2,is hetzelfde als,2,is anders dan,3,,,,,,,3,hetzelfde als,1,yes,19,Is,NA,NA,NA,NA,NA,NA,NA,NA,NA,NA,NA,NA,NA,NA,NA,NA,NA,NA,NA,NA,NA,NA,NA,NA,NA,NA,NA,NA,NA,NA,NA,NA,NA,NA,NA,NA,NA,NA
fb433,35,NA,trial_sequence,flow.Sequence,1_2_18,NA,NA,NA,NA,completion,12067,6922290,6922289,6922306,6934373,6934374,2022-04-16T08:03:22.963Z,6934389,NA,NA,NA,NA,NA,NA,NA,NA,NA,NA,NA,NA,NA,NA,NA,NA,NA,NA,NA,NA,NA,NA,NA,VOK,KAH,VOK,KAH,2,is hetzelfde als,2,is anders dan,3,,,,,,,3,hetzelfde als,1,yes,19,Is,NA,NA,NA,NA,NA,NA,NA,NA,NA,NA,NA,NA,NA,NA,NA,NA,NA,NA,NA,NA,NA,NA,NA,NA,NA,NA,NA,NA,NA,NA,NA,NA,NA,NA,NA,NA,NA,NA
fb433,36,NA,trial,canvas.Screen,1_2_19_0_0,NA,NA,NA,NA,response,28180,6934381,6934373,6934389,6962553,6962544,2022-04-16T08:03:51.132Z,6962575,NA,NA,NA,NA,NA,NA,NA,NA,NA,NA,NA,NA,NA,NA,NA,NA,NA,NA,NA,NA,NA,NA,NA,YIG,QEP,YIG,KED,2,is hetzelfde als,2,is anders dan,3,,,,,,,1,anders dan,3,yes,20,Is,QEP,KED,no,mousedown @no,yes,FALSE,NA,NA,NA,NA,NA,NA,NA,NA,NA,NA,NA,NA,NA,NA,NA,NA,NA,NA,NA,NA,NA,NA,NA,NA,NA,NA,NA,NA,NA,NA,NA,NA
fb433,36,NA,timer,html.Frame,1_2_19_0,NA,NA,NA,NA,NA,28157,6934376,6934373,6934389,6962546,6962546,2022-04-16T08:03:51.134Z,6962575,NA,NA,NA,NA,NA,NA,NA,NA,NA,NA,NA,NA,NA,NA,NA,NA,NA,XAV,QIG,PUZ,"NAV",YOL,NA,VOK,KAH,VOK,KAH,2,is hetzelfde als,2,is anders dan,3,,,,,,,1,anders dan,3,yes,20,Is,NA,NA,NA,NA,NA,NA,NA,NA,NA,NA,NA,NA,NA,NA,NA,NA,NA,NA,NA,NA,NA,NA,NA,NA,NA,NA,NA,NA,NA,NA,NA,NA,NA,NA,NA,NA,NA,NA
fb433,36,NA,iti,canvas.Screen,1_2_19_1,NA,NA,NA,NA,timeout,1001,6962547,6962558,6962575,6963559,6963559,2022-04-16T08:03:52.147Z,6963576,NA,NA,NA,NA,NA,NA,NA,NA,NA,NA,NA,NA,NA,NA,NA,NA,NA,NA,NA,NA,NA,NA,NA,VOK,KAH,VOK,KAH,2,is hetzelfde als,2,is anders dan,3,,,,,,,1,anders dan,3,yes,20,Is,NA,NA,NA,NA,NA,NA,NA,NA,NA,NA,NA,NA,NA,NA,NA,NA,NA,NA,NA,NA,NA,NA,NA,NA,NA,NA,NA,NA,NA,NA,NA,NA,NA,NA,NA,NA,NA,NA
fb433,36,NA,trial_sequence,flow.Sequence,1_2_19,NA,NA,NA,NA,completion,29170,6934375,6934373,6934389,6963559,6963560,2022-04-16T08:03:52.148Z,6963576,NA,NA,NA,NA,NA,NA,NA,NA,NA,NA,NA,NA,NA,NA,NA,NA,NA,NA,NA,NA,NA,NA,NA,VOK,KAH,VOK,KAH,2,is hetzelfde als,2,is anders dan,3,,,,,,,1,anders dan,3,yes,20,Is,NA,NA,NA,NA,NA,NA,NA,NA,NA,NA,NA,NA,NA,NA,NA,NA,NA,NA,NA,NA,NA,NA,NA,NA,NA,NA,NA,NA,NA,NA,NA,NA,NA,NA,NA,NA,NA,NA
fb433,37,NA,trial,canvas.Screen,1_2_20_0_0,NA,NA,NA,NA,response,12282,6963566,6963559,6963576,6975841,6975832,2022-04-16T08:04:04.420Z,6975876,NA,NA,NA,NA,NA,NA,NA,NA,NA,NA,NA,NA,NA,NA,NA,NA,NA,NA,NA,NA,NA,NA,NA,XAV,QIG,PUZ,XAV,2,is anders dan,2,is hetzelfde als,3,,,,,,,3,hetzelfde als,1,no,21,Is,QIG,PUZ,yes,mousedown @yes,no,FALSE,NA,NA,NA,NA,NA,NA,NA,NA,NA,NA,NA,NA,NA,NA,NA,NA,NA,NA,NA,NA,NA,NA,NA,NA,NA,NA,NA,NA,NA,NA,NA,NA
fb433,37,NA,timer,html.Frame,1_2_20_0,NA,NA,NA,NA,NA,12258,6963561,6963559,6963576,6975834,6975834,2022-04-16T08:04:04.422Z,6975876,NA,NA,NA,NA,NA,NA,NA,NA,NA,NA,NA,NA,NA,NA,NA,NA,NA,LAJ,HIH,CAZ,CIL,PUJ,NA,VOK,KAH,VOK,KAH,2,is anders dan,2,is hetzelfde als,3,,,,,,,3,hetzelfde als,1,no,21,Is,NA,NA,NA,NA,NA,NA,NA,NA,NA,NA,NA,NA,NA,NA,NA,NA,NA,NA,NA,NA,NA,NA,NA,NA,NA,NA,NA,NA,NA,NA,NA,NA,NA,NA,NA,NA,NA,NA
fb433,37,NA,iti,canvas.Screen,1_2_20_1,NA,NA,NA,NA,timeout,999,6975834,6975860,6975876,6976859,6976859,2022-04-16T08:04:05.447Z,6976875,NA,NA,NA,NA,NA,NA,NA,NA,NA,NA,NA,NA,NA,NA,NA,NA,NA,NA,NA,NA,NA,NA,NA,VOK,KAH,VOK,KAH,2,is anders dan,2,is hetzelfde als,3,,,,,,,3,hetzelfde als,1,no,21,Is,NA,NA,NA,NA,NA,NA,NA,NA,NA,NA,NA,NA,NA,NA,NA,NA,NA,NA,NA,NA,NA,NA,NA,NA,NA,NA,NA,NA,NA,NA,NA,NA,NA,NA,NA,NA,NA,NA
fb433,37,NA,trial_sequence,flow.Sequence,1_2_20,NA,NA,NA,NA,completion,13283,6963560,6963559,6963576,6976859,6976860,2022-04-16T08:04:05.448Z,6976875,NA,NA,NA,NA,NA,NA,NA,NA,NA,NA,NA,NA,NA,NA,NA,NA,NA,NA,NA,NA,NA,NA,NA,VOK,KAH,VOK,KAH,2,is anders dan,2,is hetzelfde als,3,,,,,,,3,hetzelfde als,1,no,21,Is,NA,NA,NA,NA,NA,NA,NA,NA,NA,NA,NA,NA,NA,NA,NA,NA,NA,NA,NA,NA,NA,NA,NA,NA,NA,NA,NA,NA,NA,NA,NA,NA,NA,NA,NA,NA,NA,NA
fb433,38,NA,trial,canvas.Screen,1_2_21_0_0,NA,NA,NA,NA,response,6964,6976866,6976859,6976875,6983823,6983815,2022-04-16T08:04:12.402Z,6983859,NA,NA,NA,NA,NA,NA,NA,NA,NA,NA,NA,NA,NA,NA,NA,NA,NA,NA,NA,NA,NA,NA,NA,LAJ,HIH,LAJ,CAZ,2,is anders dan,2,is hetzelfde als,3,,,,,,,1,anders dan,3,yes,22,Is,HIH,CAZ,yes,mousedown @yes,yes,TRUE,NA,NA,NA,NA,NA,NA,NA,NA,NA,NA,NA,NA,NA,NA,NA,NA,NA,NA,NA,NA,NA,NA,NA,NA,NA,NA,NA,NA,NA,NA,NA,NA
fb433,38,NA,timer,html.Frame,1_2_21_0,NA,NA,NA,NA,NA,6942,6976862,6976859,6976875,6983817,6983817,2022-04-16T08:04:12.405Z,6983859,NA,NA,NA,NA,NA,NA,NA,NA,NA,NA,NA,NA,NA,NA,NA,NA,NA,QUP,NEX,JOR,XUH,QIF,10,VOK,KAH,VOK,KAH,2,is anders dan,2,is hetzelfde als,3,,,,,,,1,anders dan,3,yes,22,Is,NA,NA,NA,NA,NA,NA,NA,NA,NA,NA,NA,NA,NA,NA,NA,NA,NA,NA,NA,NA,NA,NA,NA,NA,NA,NA,NA,NA,NA,NA,NA,NA,NA,NA,NA,NA,NA,NA
fb433,38,NA,iti,canvas.Screen,1_2_21_1,NA,NA,NA,NA,timeout,1004,6983817,6983843,6983859,6984844,6984844,2022-04-16T08:04:13.432Z,6984863,NA,NA,NA,NA,NA,NA,NA,NA,NA,NA,NA,NA,NA,NA,NA,NA,NA,NA,NA,NA,NA,NA,NA,VOK,KAH,VOK,KAH,2,is anders dan,2,is hetzelfde als,3,,,,,,,1,anders dan,3,yes,22,Is,NA,NA,NA,NA,NA,NA,NA,NA,NA,NA,NA,NA,NA,NA,NA,NA,NA,NA,NA,NA,NA,NA,NA,NA,NA,NA,NA,NA,NA,NA,NA,NA,NA,NA,NA,NA,NA,NA
fb433,38,NA,trial_sequence,flow.Sequence,1_2_21,NA,NA,NA,NA,completion,7969,6976860,6976859,6976875,6984844,6984849,2022-04-16T08:04:13.437Z,6984863,NA,NA,NA,NA,NA,NA,NA,NA,NA,NA,NA,NA,NA,NA,NA,NA,NA,NA,NA,NA,NA,NA,NA,VOK,KAH,VOK,KAH,2,is anders dan,2,is hetzelfde als,3,,,,,,,1,anders dan,3,yes,22,Is,NA,NA,NA,NA,NA,NA,NA,NA,NA,NA,NA,NA,NA,NA,NA,NA,NA,NA,NA,NA,NA,NA,NA,NA,NA,NA,NA,NA,NA,NA,NA,NA,NA,NA,NA,NA,NA,NA
fb433,39,NA,trial,canvas.Screen,1_2_22_0_0,NA,NA,NA,NA,response,28972,6984855,6984844,6984863,7013816,7013808,2022-04-16T08:04:42.396Z,7013845,NA,NA,NA,NA,NA,NA,NA,NA,NA,NA,NA,NA,NA,NA,NA,NA,NA,NA,NA,NA,NA,NA,NA,QUP,NEX,XUH,QUP,2,is hetzelfde als,2,is anders dan,3,3,is hetzelfde als,4,,,,4,hetzelfde als,1,no,23,Is,NEX,JOR,no,mousedown @no,no,TRUE,JOR,XUH,NA,NA,NA,NA,NA,NA,NA,NA,NA,NA,NA,NA,NA,NA,NA,NA,NA,NA,NA,NA,NA,NA,NA,NA,NA,NA,NA,NA,NA,NA
fb433,39,NA,timer,html.Frame,1_2_22_0,NA,NA,NA,NA,NA,28952.0000000009,6984851,6984844,6984863,7013815,7013815,2022-04-16T08:04:42.403Z,7013845,NA,NA,NA,NA,NA,NA,NA,NA,NA,NA,NA,NA,NA,NA,NA,NA,NA,KUM,YOX,DEC,SEG,LUN,11,VOK,KAH,VOK,KAH,2,is hetzelfde als,2,is anders dan,3,3,is hetzelfde als,4,,,,4,hetzelfde als,1,no,23,Is,NA,NA,NA,NA,NA,NA,NA,NA,NA,NA,NA,NA,NA,NA,NA,NA,NA,NA,NA,NA,NA,NA,NA,NA,NA,NA,NA,NA,NA,NA,NA,NA,NA,NA,NA,NA,NA,NA
fb433,39,NA,iti,canvas.Screen,1_2_22_1,NA,NA,NA,NA,timeout,1001,7013816,7013828,7013845,7014829,7014830,2022-04-16T08:04:43.417Z,7014846,NA,NA,NA,NA,NA,NA,NA,NA,NA,NA,NA,NA,NA,NA,NA,NA,NA,NA,NA,NA,NA,NA,NA,VOK,KAH,VOK,KAH,2,is hetzelfde als,2,is anders dan,3,3,is hetzelfde als,4,,,,4,hetzelfde als,1,no,23,Is,NA,NA,NA,NA,NA,NA,NA,NA,NA,NA,NA,NA,NA,NA,NA,NA,NA,NA,NA,NA,NA,NA,NA,NA,NA,NA,NA,NA,NA,NA,NA,NA,NA,NA,NA,NA,NA,NA
fb433,39,NA,trial_sequence,flow.Sequence,1_2_22,NA,NA,NA,NA,completion,29966,6984849,6984844,6984863,7014829,7014830,2022-04-16T08:04:43.417Z,7014846,NA,NA,NA,NA,NA,NA,NA,NA,NA,NA,NA,NA,NA,NA,NA,NA,NA,NA,NA,NA,NA,NA,NA,VOK,KAH,VOK,KAH,2,is hetzelfde als,2,is anders dan,3,3,is hetzelfde als,4,,,,4,hetzelfde als,1,no,23,Is,NA,NA,NA,NA,NA,NA,NA,NA,NA,NA,NA,NA,NA,NA,NA,NA,NA,NA,NA,NA,NA,NA,NA,NA,NA,NA,NA,NA,NA,NA,NA,NA,NA,NA,NA,NA,NA,NA
fb433,40,NA,trial,canvas.Screen,1_2_23_0_0,NA,NA,NA,NA,response,22222,7014837,7014829,7014846,7037051,7037044,2022-04-16T08:05:05.631Z,7037080,NA,NA,NA,NA,NA,NA,NA,NA,NA,NA,NA,NA,NA,NA,NA,NA,NA,NA,NA,NA,NA,NA,NA,KUM,YOX,KUM,SEG,2,is hetzelfde als,2,is anders dan,3,3,is hetzelfde als,4,,,,1,anders dan,4,yes,24,Is,YOX,DEC,no,mousedown @no,yes,FALSE,DEC,SEG,NA,NA,NA,NA,NA,NA,NA,NA,NA,NA,NA,NA,NA,NA,NA,NA,NA,NA,NA,NA,NA,NA,NA,NA,NA,NA,NA,NA,NA,NA
fb433,40,NA,timer,html.Frame,1_2_23_0,NA,NA,NA,NA,NA,22200,7014832,7014829,7014846,7037046,7037046,2022-04-16T08:05:05.633Z,7037080,NA,NA,NA,NA,NA,NA,NA,NA,NA,NA,NA,NA,NA,NA,NA,NA,NA,YUC,MEJ,XIJ,PUM,QIN,NA,VOK,KAH,VOK,KAH,2,is hetzelfde als,2,is anders dan,3,3,is hetzelfde als,4,,,,1,anders dan,4,yes,24,Is,NA,NA,NA,NA,NA,NA,NA,NA,NA,NA,NA,NA,NA,NA,NA,NA,NA,NA,NA,NA,NA,NA,NA,NA,NA,NA,NA,NA,NA,NA,NA,NA,NA,NA,NA,NA,NA,NA
fb433,40,NA,iti,canvas.Screen,1_2_23_1,NA,NA,NA,NA,timeout,1003,7037046,7037064,7037080,7038064,7038064,2022-04-16T08:05:06.651Z,7038083,NA,NA,NA,NA,NA,NA,NA,NA,NA,NA,NA,NA,NA,NA,NA,NA,NA,NA,NA,NA,NA,NA,NA,VOK,KAH,VOK,KAH,2,is hetzelfde als,2,is anders dan,3,3,is hetzelfde als,4,,,,1,anders dan,4,yes,24,Is,NA,NA,NA,NA,NA,NA,NA,NA,NA,NA,NA,NA,NA,NA,NA,NA,NA,NA,NA,NA,NA,NA,NA,NA,NA,NA,NA,NA,NA,NA,NA,NA,NA,NA,NA,NA,NA,NA
fb433,40,NA,trial_sequence,flow.Sequence,1_2_23,NA,NA,NA,NA,completion,23218,7014830,7014829,7014846,7038064,7038065,2022-04-16T08:05:06.652Z,7038083,NA,NA,NA,NA,NA,NA,NA,NA,NA,NA,NA,NA,NA,NA,NA,NA,NA,NA,NA,NA,NA,NA,NA,VOK,KAH,VOK,KAH,2,is hetzelfde als,2,is anders dan,3,3,is hetzelfde als,4,,,,1,anders dan,4,yes,24,Is,NA,NA,NA,NA,NA,NA,NA,NA,NA,NA,NA,NA,NA,NA,NA,NA,NA,NA,NA,NA,NA,NA,NA,NA,NA,NA,NA,NA,NA,NA,NA,NA,NA,NA,NA,NA,NA,NA
fb433,41,NA,trial,canvas.Screen,1_2_24_0_0,NA,NA,NA,NA,response,17685,7038074,7038064,7038083,7055749,7055739,2022-04-16T08:05:24.325Z,7055781,NA,NA,NA,NA,NA,NA,NA,NA,NA,NA,NA,NA,NA,NA,NA,NA,NA,NA,NA,NA,NA,NA,NA,YUC,MEJ,YUC,PUM,2,is hetzelfde als,2,is hetzelfde als,3,3,is anders dan,4,,,,1,hetzelfde als,4,no,25,Is,MEJ,XIJ,no,mousedown @no,no,TRUE,XIJ,PUM,NA,NA,NA,NA,NA,NA,NA,NA,NA,NA,NA,NA,NA,NA,NA,NA,NA,NA,NA,NA,NA,NA,NA,NA,NA,NA,NA,NA,NA,NA
fb433,41,NA,timer,html.Frame,1_2_24_0,NA,NA,NA,NA,NA,17658,7038068,7038064,7038083,7055741,7055742,2022-04-16T08:05:24.328Z,7055781,NA,NA,NA,NA,NA,NA,NA,NA,NA,NA,NA,NA,NA,NA,NA,NA,NA,LUP,NIY,SOV,SUH,VIG,12,VOK,KAH,VOK,KAH,2,is hetzelfde als,2,is hetzelfde als,3,3,is anders dan,4,,,,1,hetzelfde als,4,no,25,Is,NA,NA,NA,NA,NA,NA,NA,NA,NA,NA,NA,NA,NA,NA,NA,NA,NA,NA,NA,NA,NA,NA,NA,NA,NA,NA,NA,NA,NA,NA,NA,NA,NA,NA,NA,NA,NA,NA
fb433,41,NA,iti,canvas.Screen,1_2_24_1,NA,NA,NA,NA,timeout,1001,7055742,7055765,7055781,7056764,7056765,2022-04-16T08:05:25.351Z,7056782,NA,NA,NA,NA,NA,NA,NA,NA,NA,NA,NA,NA,NA,NA,NA,NA,NA,NA,NA,NA,NA,NA,NA,VOK,KAH,VOK,KAH,2,is hetzelfde als,2,is hetzelfde als,3,3,is anders dan,4,,,,1,hetzelfde als,4,no,25,Is,NA,NA,NA,NA,NA,NA,NA,NA,NA,NA,NA,NA,NA,NA,NA,NA,NA,NA,NA,NA,NA,NA,NA,NA,NA,NA,NA,NA,NA,NA,NA,NA,NA,NA,NA,NA,NA,NA
fb433,41,NA,trial_sequence,flow.Sequence,1_2_24,NA,NA,NA,NA,completion,18681,7038065,7038064,7038083,7056764,7056765,2022-04-16T08:05:25.352Z,7056782,NA,NA,NA,NA,NA,NA,NA,NA,NA,NA,NA,NA,NA,NA,NA,NA,NA,NA,NA,NA,NA,NA,NA,VOK,KAH,VOK,KAH,2,is hetzelfde als,2,is hetzelfde als,3,3,is anders dan,4,,,,1,hetzelfde als,4,no,25,Is,NA,NA,NA,NA,NA,NA,NA,NA,NA,NA,NA,NA,NA,NA,NA,NA,NA,NA,NA,NA,NA,NA,NA,NA,NA,NA,NA,NA,NA,NA,NA,NA,NA,NA,NA,NA,NA,NA
fb433,42,NA,trial,canvas.Screen,1_2_25_0_0,NA,NA,NA,NA,timeout,31001,7056772,7056764,7056782,7087767,7087768,2022-04-16T08:05:56.354Z,7087783,NA,NA,NA,NA,NA,NA,NA,NA,NA,NA,NA,NA,NA,NA,NA,NA,NA,NA,NA,NA,NA,NA,NA,LUP,NIY,SUH,LUP,2,is hetzelfde als,2,is hetzelfde als,3,3,is anders dan,4,,,,4,anders dan,1,yes,26,Is,NIY,SOV,NA,NA,NA,NA,SOV,SUH,NA,NA,NA,NA,NA,NA,NA,NA,NA,NA,NA,NA,NA,NA,NA,NA,NA,NA,NA,NA,NA,NA,NA,NA,NA,NA,NA,NA,NA,NA
fb433,42,NA,timer,html.Frame,1_2_25_0,NA,NA,NA,NA,NA,30988,7056767,7056764,7056782,7087770,7087771,2022-04-16T08:05:56.357Z,7087801,NA,NA,NA,NA,NA,NA,NA,NA,NA,NA,NA,NA,NA,NA,NA,NA,NA,MIF,WAZ,JOP,TUJ,TOH,13,VOK,KAH,VOK,KAH,2,is hetzelfde als,2,is hetzelfde als,3,3,is anders dan,4,,,,4,anders dan,1,yes,26,Is,NA,NA,NA,NA,NA,NA,NA,NA,NA,NA,NA,NA,NA,NA,NA,NA,NA,NA,NA,NA,NA,NA,NA,NA,NA,NA,NA,NA,NA,NA,NA,NA,NA,NA,NA,NA,NA,NA
fb433,42,NA,iti,canvas.Screen,1_2_25_1,NA,NA,NA,NA,timeout,999,7087771,7087783,7087801,7088784,7088785,2022-04-16T08:05:57.371Z,7088800,NA,NA,NA,NA,NA,NA,NA,NA,NA,NA,NA,NA,NA,NA,NA,NA,NA,NA,NA,NA,NA,NA,NA,VOK,KAH,VOK,KAH,2,is hetzelfde als,2,is hetzelfde als,3,3,is anders dan,4,,,,4,anders dan,1,yes,26,Is,NA,NA,NA,NA,NA,NA,NA,NA,NA,NA,NA,NA,NA,NA,NA,NA,NA,NA,NA,NA,NA,NA,NA,NA,NA,NA,NA,NA,NA,NA,NA,NA,NA,NA,NA,NA,NA,NA
fb433,42,NA,trial_sequence,flow.Sequence,1_2_25,NA,NA,NA,NA,completion,32002,7056765,7056764,7056782,7088784,7088785,2022-04-16T08:05:57.372Z,7088800,NA,NA,NA,NA,NA,NA,NA,NA,NA,NA,NA,NA,NA,NA,NA,NA,NA,NA,NA,NA,NA,NA,NA,VOK,KAH,VOK,KAH,2,is hetzelfde als,2,is hetzelfde als,3,3,is anders dan,4,,,,4,anders dan,1,yes,26,Is,NA,NA,NA,NA,NA,NA,NA,NA,NA,NA,NA,NA,NA,NA,NA,NA,NA,NA,NA,NA,NA,NA,NA,NA,NA,NA,NA,NA,NA,NA,NA,NA,NA,NA,NA,NA,NA,NA
fb433,43,NA,trial,canvas.Screen,1_2_26_0_0,NA,NA,NA,NA,response,11974,7088791,7088784,7088800,7100758,7100749,2022-04-16T08:06:09.335Z,7100784,NA,NA,NA,NA,NA,NA,NA,NA,NA,NA,NA,NA,NA,NA,NA,NA,NA,NA,NA,NA,NA,NA,NA,MIF,WAZ,TOH,MIF,2,is hetzelfde als,2,is hetzelfde als,3,3,is anders dan,4,4,is hetzelfde als,5,5,hetzelfde als,1,yes,27,Is,WAZ,JOP,no,mousedown @no,yes,FALSE,JOP,TUJ,TUJ,TOH,NA,NA,NA,NA,NA,NA,NA,NA,NA,NA,NA,NA,NA,NA,NA,NA,NA,NA,NA,NA,NA,NA,NA,NA,NA,NA,NA,NA
fb433,43,NA,timer,html.Frame,1_2_26_0,NA,NA,NA,NA,NA,11954,7088787,7088784,7088800,7100754,7100755,2022-04-16T08:06:09.341Z,7100784,NA,NA,NA,NA,NA,NA,NA,NA,NA,NA,NA,NA,NA,NA,NA,NA,NA,QAG,TES,VUK,HAX,XEL,NA,VOK,KAH,VOK,KAH,2,is hetzelfde als,2,is hetzelfde als,3,3,is anders dan,4,4,is hetzelfde als,5,5,hetzelfde als,1,yes,27,Is,NA,NA,NA,NA,NA,NA,NA,NA,NA,NA,NA,NA,NA,NA,NA,NA,NA,NA,NA,NA,NA,NA,NA,NA,NA,NA,NA,NA,NA,NA,NA,NA,NA,NA,NA,NA,NA,NA
fb433,43,NA,iti,canvas.Screen,1_2_26_1,NA,NA,NA,NA,timeout,1003,7100755,7100768,7100784,7101768,7101768,2022-04-16T08:06:10.354Z,7101787,NA,NA,NA,NA,NA,NA,NA,NA,NA,NA,NA,NA,NA,NA,NA,NA,NA,NA,NA,NA,NA,NA,NA,VOK,KAH,VOK,KAH,2,is hetzelfde als,2,is hetzelfde als,3,3,is anders dan,4,4,is hetzelfde als,5,5,hetzelfde als,1,yes,27,Is,NA,NA,NA,NA,NA,NA,NA,NA,NA,NA,NA,NA,NA,NA,NA,NA,NA,NA,NA,NA,NA,NA,NA,NA,NA,NA,NA,NA,NA,NA,NA,NA,NA,NA,NA,NA,NA,NA
fb433,43,NA,trial_sequence,flow.Sequence,1_2_26,NA,NA,NA,NA,completion,12968,7088786,7088784,7088800,7101768,7101769,2022-04-16T08:06:10.355Z,7101787,NA,NA,NA,NA,NA,NA,NA,NA,NA,NA,NA,NA,NA,NA,NA,NA,NA,NA,NA,NA,NA,NA,NA,VOK,KAH,VOK,KAH,2,is hetzelfde als,2,is hetzelfde als,3,3,is anders dan,4,4,is hetzelfde als,5,5,hetzelfde als,1,yes,27,Is,NA,NA,NA,NA,NA,NA,NA,NA,NA,NA,NA,NA,NA,NA,NA,NA,NA,NA,NA,NA,NA,NA,NA,NA,NA,NA,NA,NA,NA,NA,NA,NA,NA,NA,NA,NA,NA,NA
fb433,44,NA,trial,canvas.Screen,1_2_27_0_0,NA,NA,NA,NA,response,16168,7101778,7101768,7101787,7117936,7117930,2022-04-16T08:06:26.515Z,7117969,NA,NA,NA,NA,NA,NA,NA,NA,NA,NA,NA,NA,NA,NA,NA,NA,NA,NA,NA,NA,NA,NA,NA,QAG,TES,QAG,XEL,2,is hetzelfde als,2,is hetzelfde als,3,3,is anders dan,4,4,is hetzelfde als,5,1,anders dan,5,yes,28,Is,TES,VUK,yes,mousedown @yes,yes,TRUE,VUK,HAX,HAX,XEL,NA,NA,NA,NA,NA,NA,NA,NA,NA,NA,NA,NA,NA,NA,NA,NA,NA,NA,NA,NA,NA,NA,NA,NA,NA,NA,NA,NA
fb433,44,NA,timer,html.Frame,1_2_27_0,NA,NA,NA,NA,NA,16144.0000000009,7101772,7101768,7101787,7117931,7117932,2022-04-16T08:06:26.517Z,7117969,NA,NA,NA,NA,NA,NA,NA,NA,NA,NA,NA,NA,NA,NA,NA,NA,NA,LOV,XAY,GEG,GON,JAX,14,VOK,KAH,VOK,KAH,2,is hetzelfde als,2,is hetzelfde als,3,3,is anders dan,4,4,is hetzelfde als,5,1,anders dan,5,yes,28,Is,NA,NA,NA,NA,NA,NA,NA,NA,NA,NA,NA,NA,NA,NA,NA,NA,NA,NA,NA,NA,NA,NA,NA,NA,NA,NA,NA,NA,NA,NA,NA,NA,NA,NA,NA,NA,NA,NA
fb433,44,NA,iti,canvas.Screen,1_2_27_1,NA,NA,NA,NA,timeout,999,7117932,7117952,7117969,7118953,7118953,2022-04-16T08:06:27.539Z,7118968,NA,NA,NA,NA,NA,NA,NA,NA,NA,NA,NA,NA,NA,NA,NA,NA,NA,NA,NA,NA,NA,NA,NA,VOK,KAH,VOK,KAH,2,is hetzelfde als,2,is hetzelfde als,3,3,is anders dan,4,4,is hetzelfde als,5,1,anders dan,5,yes,28,Is,NA,NA,NA,NA,NA,NA,NA,NA,NA,NA,NA,NA,NA,NA,NA,NA,NA,NA,NA,NA,NA,NA,NA,NA,NA,NA,NA,NA,NA,NA,NA,NA,NA,NA,NA,NA,NA,NA
fb433,44,NA,trial_sequence,flow.Sequence,1_2_27,NA,NA,NA,NA,completion,17166,7101769,7101768,7101787,7118953,7118954,2022-04-16T08:06:27.540Z,7118968,NA,NA,NA,NA,NA,NA,NA,NA,NA,NA,NA,NA,NA,NA,NA,NA,NA,NA,NA,NA,NA,NA,NA,VOK,KAH,VOK,KAH,2,is hetzelfde als,2,is hetzelfde als,3,3,is anders dan,4,4,is hetzelfde als,5,1,anders dan,5,yes,28,Is,NA,NA,NA,NA,NA,NA,NA,NA,NA,NA,NA,NA,NA,NA,NA,NA,NA,NA,NA,NA,NA,NA,NA,NA,NA,NA,NA,NA,NA,NA,NA,NA,NA,NA,NA,NA,NA,NA
fb433,45,NA,trial,canvas.Screen,1_2_28_0_0,NA,NA,NA,NA,response,22517,7118960,7118953,7118968,7141470,7141458,2022-04-16T08:06:50.044Z,7141504,NA,NA,NA,NA,NA,NA,NA,NA,NA,NA,NA,NA,NA,NA,NA,NA,NA,NA,NA,NA,NA,NA,NA,LOV,XAY,JAX,LOV,2,is hetzelfde als,2,is anders dan,3,3,is hetzelfde als,4,4,is hetzelfde als,5,5,hetzelfde als,1,no,29,Is,XAY,GEG,no,mousedown @no,no,TRUE,GEG,GON,GON,JAX,NA,NA,NA,NA,NA,NA,NA,NA,NA,NA,NA,NA,NA,NA,NA,NA,NA,NA,NA,NA,NA,NA,NA,NA,NA,NA,NA,NA
fb433,45,NA,timer,html.Frame,1_2_28_0,NA,NA,NA,NA,NA,22492,7118956,7118953,7118968,7141460,7141461,2022-04-16T08:06:50.046Z,7141504,NA,NA,NA,NA,NA,NA,NA,NA,NA,NA,NA,NA,NA,NA,NA,NA,NA,GIQ,RIV,WEZ,CUV,MUK,15,VOK,KAH,VOK,KAH,2,is hetzelfde als,2,is anders dan,3,3,is hetzelfde als,4,4,is hetzelfde als,5,5,hetzelfde als,1,no,29,Is,NA,NA,NA,NA,NA,NA,NA,NA,NA,NA,NA,NA,NA,NA,NA,NA,NA,NA,NA,NA,NA,NA,NA,NA,NA,NA,NA,NA,NA,NA,NA,NA,NA,NA,NA,NA,NA,NA
fb433,45,NA,iti,canvas.Screen,1_2_28_1,NA,NA,NA,NA,timeout,1000,7141461,7141488,7141504,7142487,7142487,2022-04-16T08:06:51.073Z,7142504,NA,NA,NA,NA,NA,NA,NA,NA,NA,NA,NA,NA,NA,NA,NA,NA,NA,NA,NA,NA,NA,NA,NA,VOK,KAH,VOK,KAH,2,is hetzelfde als,2,is anders dan,3,3,is hetzelfde als,4,4,is hetzelfde als,5,5,hetzelfde als,1,no,29,Is,NA,NA,NA,NA,NA,NA,NA,NA,NA,NA,NA,NA,NA,NA,NA,NA,NA,NA,NA,NA,NA,NA,NA,NA,NA,NA,NA,NA,NA,NA,NA,NA,NA,NA,NA,NA,NA,NA
fb433,45,NA,trial_sequence,flow.Sequence,1_2_28,NA,NA,NA,NA,completion,23519,7118954,7118953,7118968,7142487,7142488,2022-04-16T08:06:51.073Z,7142504,NA,NA,NA,NA,NA,NA,NA,NA,NA,NA,NA,NA,NA,NA,NA,NA,NA,NA,NA,NA,NA,NA,NA,VOK,KAH,VOK,KAH,2,is hetzelfde als,2,is anders dan,3,3,is hetzelfde als,4,4,is hetzelfde als,5,5,hetzelfde als,1,no,29,Is,NA,NA,NA,NA,NA,NA,NA,NA,NA,NA,NA,NA,NA,NA,NA,NA,NA,NA,NA,NA,NA,NA,NA,NA,NA,NA,NA,NA,NA,NA,NA,NA,NA,NA,NA,NA,NA,NA
fb433,46,NA,trial,canvas.Screen,1_2_29_0_0,NA,NA,NA,NA,response,15849,7142494,7142487,7142504,7158336,7158324,2022-04-16T08:07:06.909Z,7158355,NA,NA,NA,NA,NA,NA,NA,NA,NA,NA,NA,NA,NA,NA,NA,NA,NA,NA,NA,NA,NA,NA,NA,GIQ,RIV,GIQ,MUK,2,is hetzelfde als,2,is anders dan,3,3,is hetzelfde als,4,4,is hetzelfde als,5,1,hetzelfde als,5,no,30,Is,RIV,WEZ,no,mousedown @no,no,TRUE,WEZ,CUV,CUV,MUK,NA,NA,NA,NA,NA,NA,NA,NA,NA,NA,NA,NA,NA,NA,NA,NA,NA,NA,NA,NA,NA,NA,NA,NA,NA,NA,NA,NA
fb433,46,NA,timer,html.Frame,1_2_29_0,NA,NA,NA,NA,NA,15821,7142490,7142487,7142504,7158325,7158325,2022-04-16T08:07:06.910Z,7158355,NA,NA,NA,NA,NA,NA,NA,NA,NA,NA,NA,NA,NA,NA,NA,NA,NA,LIM,XES,HIZ,KOD,BUW,16,VOK,KAH,VOK,KAH,2,is hetzelfde als,2,is anders dan,3,3,is hetzelfde als,4,4,is hetzelfde als,5,1,hetzelfde als,5,no,30,Is,NA,NA,NA,NA,NA,NA,NA,NA,NA,NA,NA,NA,NA,NA,NA,NA,NA,NA,NA,NA,NA,NA,NA,NA,NA,NA,NA,NA,NA,NA,NA,NA,NA,NA,NA,NA,NA,NA
fb433,46,NA,iti,canvas.Screen,1_2_29_1,NA,NA,NA,NA,timeout,1001,7158326,7158339,7158355,7159339,7159339,2022-04-16T08:07:07.924Z,7159356,NA,NA,NA,NA,NA,NA,NA,NA,NA,NA,NA,NA,NA,NA,NA,NA,NA,NA,NA,NA,NA,NA,NA,VOK,KAH,VOK,KAH,2,is hetzelfde als,2,is anders dan,3,3,is hetzelfde als,4,4,is hetzelfde als,5,1,hetzelfde als,5,no,30,Is,NA,NA,NA,NA,NA,NA,NA,NA,NA,NA,NA,NA,NA,NA,NA,NA,NA,NA,NA,NA,NA,NA,NA,NA,NA,NA,NA,NA,NA,NA,NA,NA,NA,NA,NA,NA,NA,NA
fb433,46,NA,trial_sequence,flow.Sequence,1_2_29,NA,NA,NA,NA,completion,16835,7142488,7142487,7142504,7159339,7159340,2022-04-16T08:07:07.925Z,7159356,NA,NA,NA,NA,NA,NA,NA,NA,NA,NA,NA,NA,NA,NA,NA,NA,NA,NA,NA,NA,NA,NA,NA,VOK,KAH,VOK,KAH,2,is hetzelfde als,2,is anders dan,3,3,is hetzelfde als,4,4,is hetzelfde als,5,1,hetzelfde als,5,no,30,Is,NA,NA,NA,NA,NA,NA,NA,NA,NA,NA,NA,NA,NA,NA,NA,NA,NA,NA,NA,NA,NA,NA,NA,NA,NA,NA,NA,NA,NA,NA,NA,NA,NA,NA,NA,NA,NA,NA
fb433,47,NA,trial,canvas.Screen,1_2_30_0_0,NA,NA,NA,NA,response,13745,7159348,7159339,7159356,7173084,7173073,2022-04-16T08:07:21.657Z,7173106,NA,NA,NA,NA,NA,NA,NA,NA,NA,NA,NA,NA,NA,NA,NA,NA,NA,NA,NA,NA,NA,NA,NA,LIM,XES,BUW,LIM,2,is hetzelfde als,2,is anders dan,3,3,is hetzelfde als,4,4,is hetzelfde als,5,5,anders dan,1,yes,31,Is,XES,HIZ,no,mousedown @no,yes,FALSE,HIZ,KOD,KOD,BUW,NA,NA,NA,NA,NA,NA,NA,NA,NA,NA,NA,NA,NA,NA,NA,NA,NA,NA,NA,NA,NA,NA,NA,NA,NA,NA,NA,NA
fb433,47,NA,timer,html.Frame,1_2_30_0,NA,NA,NA,NA,NA,13718.0000000009,7159342,7159339,7159356,7173074,7173075,2022-04-16T08:07:21.659Z,7173106,NA,NA,NA,NA,NA,NA,NA,NA,NA,NA,NA,NA,NA,NA,NA,NA,NA,TEY,GEV,COF,FOL,YOG,NA,VOK,KAH,VOK,KAH,2,is hetzelfde als,2,is anders dan,3,3,is hetzelfde als,4,4,is hetzelfde als,5,5,anders dan,1,yes,31,Is,NA,NA,NA,NA,NA,NA,NA,NA,NA,NA,NA,NA,NA,NA,NA,NA,NA,NA,NA,NA,NA,NA,NA,NA,NA,NA,NA,NA,NA,NA,NA,NA,NA,NA,NA,NA,NA,NA
fb433,47,NA,iti,canvas.Screen,1_2_30_1,NA,NA,NA,NA,timeout,1000,7173075,7173090,7173106,7174089,7174090,2022-04-16T08:07:22.674Z,7174106,NA,NA,NA,NA,NA,NA,NA,NA,NA,NA,NA,NA,NA,NA,NA,NA,NA,NA,NA,NA,NA,NA,NA,VOK,KAH,VOK,KAH,2,is hetzelfde als,2,is anders dan,3,3,is hetzelfde als,4,4,is hetzelfde als,5,5,anders dan,1,yes,31,Is,NA,NA,NA,NA,NA,NA,NA,NA,NA,NA,NA,NA,NA,NA,NA,NA,NA,NA,NA,NA,NA,NA,NA,NA,NA,NA,NA,NA,NA,NA,NA,NA,NA,NA,NA,NA,NA,NA
fb433,47,NA,trial_sequence,flow.Sequence,1_2_30,NA,NA,NA,NA,completion,14733,7159340,7159339,7159356,7174089,7174090,2022-04-16T08:07:22.675Z,7174106,NA,NA,NA,NA,NA,NA,NA,NA,NA,NA,NA,NA,NA,NA,NA,NA,NA,NA,NA,NA,NA,NA,NA,VOK,KAH,VOK,KAH,2,is hetzelfde als,2,is anders dan,3,3,is hetzelfde als,4,4,is hetzelfde als,5,5,anders dan,1,yes,31,Is,NA,NA,NA,NA,NA,NA,NA,NA,NA,NA,NA,NA,NA,NA,NA,NA,NA,NA,NA,NA,NA,NA,NA,NA,NA,NA,NA,NA,NA,NA,NA,NA,NA,NA,NA,NA,NA,NA
fb433,48,NA,trial,canvas.Screen,1_2_31_0_0,NA,NA,NA,NA,response,21045,7174097,7174089,7174106,7195134,7195124,2022-04-16T08:07:43.709Z,7195158,NA,NA,NA,NA,NA,NA,NA,NA,NA,NA,NA,NA,NA,NA,NA,NA,NA,NA,NA,NA,NA,NA,NA,TEY,GEV,TEY,YOG,2,is hetzelfde als,2,is anders dan,3,3,is hetzelfde als,4,4,is hetzelfde als,5,1,anders dan,5,yes,32,Is,GEV,COF,yes,mousedown @yes,yes,TRUE,COF,FOL,FOL,YOG,NA,NA,NA,NA,NA,NA,NA,NA,NA,NA,NA,NA,NA,NA,NA,NA,NA,NA,NA,NA,NA,NA,NA,NA,NA,NA,NA,NA
fb433,48,NA,timer,html.Frame,1_2_31_0,NA,NA,NA,NA,NA,21020,7174093,7174089,7174106,7195126,7195126,2022-04-16T08:07:43.710Z,7195158,NA,NA,NA,NA,NA,NA,NA,NA,NA,NA,NA,NA,NA,NA,NA,NA,NA,YEC,CIK,YUX,NEJ,QAB,17,VOK,KAH,VOK,KAH,2,is hetzelfde als,2,is anders dan,3,3,is hetzelfde als,4,4,is hetzelfde als,5,1,anders dan,5,yes,32,Is,NA,NA,NA,NA,NA,NA,NA,NA,NA,NA,NA,NA,NA,NA,NA,NA,NA,NA,NA,NA,NA,NA,NA,NA,NA,NA,NA,NA,NA,NA,NA,NA,NA,NA,NA,NA,NA,NA
fb433,48,NA,iti,canvas.Screen,1_2_31_1,NA,NA,NA,NA,timeout,1000,7195126,7195141,7195158,7196141,7196142,2022-04-16T08:07:44.726Z,7196158,NA,NA,NA,NA,NA,NA,NA,NA,NA,NA,NA,NA,NA,NA,NA,NA,NA,NA,NA,NA,NA,NA,NA,VOK,KAH,VOK,KAH,2,is hetzelfde als,2,is anders dan,3,3,is hetzelfde als,4,4,is hetzelfde als,5,1,anders dan,5,yes,32,Is,NA,NA,NA,NA,NA,NA,NA,NA,NA,NA,NA,NA,NA,NA,NA,NA,NA,NA,NA,NA,NA,NA,NA,NA,NA,NA,NA,NA,NA,NA,NA,NA,NA,NA,NA,NA,NA,NA
fb433,48,NA,trial_sequence,flow.Sequence,1_2_31,NA,NA,NA,NA,completion,22035,7174090,7174089,7174106,7196141,7196142,2022-04-16T08:07:44.727Z,7196158,NA,NA,NA,NA,NA,NA,NA,NA,NA,NA,NA,NA,NA,NA,NA,NA,NA,NA,NA,NA,NA,NA,NA,VOK,KAH,VOK,KAH,2,is hetzelfde als,2,is anders dan,3,3,is hetzelfde als,4,4,is hetzelfde als,5,1,anders dan,5,yes,32,Is,NA,NA,NA,NA,NA,NA,NA,NA,NA,NA,NA,NA,NA,NA,NA,NA,NA,NA,NA,NA,NA,NA,NA,NA,NA,NA,NA,NA,NA,NA,NA,NA,NA,NA,NA,NA,NA,NA
fb433,49,NA,trial,canvas.Screen,1_2_32_0_0,NA,NA,NA,NA,response,16399,7196149,7196141,7196158,7212540,7212527,2022-04-16T08:08:01.111Z,7212559,NA,NA,NA,NA,NA,NA,NA,NA,NA,NA,NA,NA,NA,NA,NA,NA,NA,NA,NA,NA,NA,NA,NA,YEC,CIK,YEC,YUX,3,is meer dan,2,is meer dan,3,,,,,,,1,meer dan,3,yes,33,Is,CIK,YUX,no,mousedown @no,yes,FALSE,NA,NA,NA,NA,NA,NA,NA,NA,NA,NA,NA,NA,NA,NA,NA,NA,NA,NA,NA,NA,NA,NA,NA,NA,NA,NA,NA,NA,NA,NA,NA,NA
fb433,49,NA,timer,html.Frame,1_2_32_0,NA,NA,NA,NA,NA,16372,7196145,7196141,7196158,7212530,7212530,2022-04-16T08:08:01.115Z,7212559,NA,NA,NA,NA,NA,NA,NA,NA,NA,NA,NA,NA,NA,NA,NA,NA,NA,HAZ,BAX,NER,TAZ,SEV,NA,VOK,KAH,VOK,KAH,3,is meer dan,2,is meer dan,3,,,,,,,1,meer dan,3,yes,33,Is,NA,NA,NA,NA,NA,NA,NA,NA,NA,NA,NA,NA,NA,NA,NA,NA,NA,NA,NA,NA,NA,NA,NA,NA,NA,NA,NA,NA,NA,NA,NA,NA,NA,NA,NA,NA,NA,NA
fb433,49,NA,iti,canvas.Screen,1_2_32_1,NA,NA,NA,NA,timeout,1000,7212531,7212543,7212559,7213543,7213543,2022-04-16T08:08:02.127Z,7213559,NA,NA,NA,NA,NA,NA,NA,NA,NA,NA,NA,NA,NA,NA,NA,NA,NA,NA,NA,NA,NA,NA,NA,VOK,KAH,VOK,KAH,3,is meer dan,2,is meer dan,3,,,,,,,1,meer dan,3,yes,33,Is,NA,NA,NA,NA,NA,NA,NA,NA,NA,NA,NA,NA,NA,NA,NA,NA,NA,NA,NA,NA,NA,NA,NA,NA,NA,NA,NA,NA,NA,NA,NA,NA,NA,NA,NA,NA,NA,NA
fb433,49,NA,trial_sequence,flow.Sequence,1_2_32,NA,NA,NA,NA,completion,17385,7196143,7196141,7196158,7213543,7213544,2022-04-16T08:08:02.128Z,7213559,NA,NA,NA,NA,NA,NA,NA,NA,NA,NA,NA,NA,NA,NA,NA,NA,NA,NA,NA,NA,NA,NA,NA,VOK,KAH,VOK,KAH,3,is meer dan,2,is meer dan,3,,,,,,,1,meer dan,3,yes,33,Is,NA,NA,NA,NA,NA,NA,NA,NA,NA,NA,NA,NA,NA,NA,NA,NA,NA,NA,NA,NA,NA,NA,NA,NA,NA,NA,NA,NA,NA,NA,NA,NA,NA,NA,NA,NA,NA,NA
fb433,50,NA,trial,canvas.Screen,1_2_33_0_0,NA,NA,NA,NA,response,12444,7213550,7213543,7213559,7225987,7225975,2022-04-16T08:08:14.559Z,7226009,NA,NA,NA,NA,NA,NA,NA,NA,NA,NA,NA,NA,NA,NA,NA,NA,NA,NA,NA,NA,NA,NA,NA,HAZ,BAX,NER,HAZ,3,is meer dan,2,is meer dan,3,,,,,,,3,minder dan,1,yes,34,Is,BAX,NER,no,mousedown @no,yes,FALSE,NA,NA,NA,NA,NA,NA,NA,NA,NA,NA,NA,NA,NA,NA,NA,NA,NA,NA,NA,NA,NA,NA,NA,NA,NA,NA,NA,NA,NA,NA,NA,NA
fb433,50,NA,timer,html.Frame,1_2_33_0,NA,NA,NA,NA,NA,12418,7213546,7213543,7213559,7225977,7225977,2022-04-16T08:08:14.561Z,7226009,NA,NA,NA,NA,NA,NA,NA,NA,NA,NA,NA,NA,NA,NA,NA,NA,NA,BUZ,JAV,KIS,GAW,LIF,NA,VOK,KAH,VOK,KAH,3,is meer dan,2,is meer dan,3,,,,,,,3,minder dan,1,yes,34,Is,NA,NA,NA,NA,NA,NA,NA,NA,NA,NA,NA,NA,NA,NA,NA,NA,NA,NA,NA,NA,NA,NA,NA,NA,NA,NA,NA,NA,NA,NA,NA,NA,NA,NA,NA,NA,NA,NA
fb433,50,NA,iti,canvas.Screen,1_2_33_1,NA,NA,NA,NA,timeout,1001,7225977,7225994,7226009,7226993,7226993,2022-04-16T08:08:15.577Z,7227010,NA,NA,NA,NA,NA,NA,NA,NA,NA,NA,NA,NA,NA,NA,NA,NA,NA,NA,NA,NA,NA,NA,NA,VOK,KAH,VOK,KAH,3,is meer dan,2,is meer dan,3,,,,,,,3,minder dan,1,yes,34,Is,NA,NA,NA,NA,NA,NA,NA,NA,NA,NA,NA,NA,NA,NA,NA,NA,NA,NA,NA,NA,NA,NA,NA,NA,NA,NA,NA,NA,NA,NA,NA,NA,NA,NA,NA,NA,NA,NA
fb433,50,NA,trial_sequence,flow.Sequence,1_2_33,NA,NA,NA,NA,completion,13434,7213544,7213543,7213559,7226993,7226994,2022-04-16T08:08:15.578Z,7227010,NA,NA,NA,NA,NA,NA,NA,NA,NA,NA,NA,NA,NA,NA,NA,NA,NA,NA,NA,NA,NA,NA,NA,VOK,KAH,VOK,KAH,3,is meer dan,2,is meer dan,3,,,,,,,3,minder dan,1,yes,34,Is,NA,NA,NA,NA,NA,NA,NA,NA,NA,NA,NA,NA,NA,NA,NA,NA,NA,NA,NA,NA,NA,NA,NA,NA,NA,NA,NA,NA,NA,NA,NA,NA,NA,NA,NA,NA,NA,NA
fb433,51,NA,trial,canvas.Screen,1_2_34_0_0,NA,NA,NA,NA,response,11646,7226999,7226993,7227010,7238639,7238626,2022-04-16T08:08:27.210Z,7238661,NA,NA,NA,NA,NA,NA,NA,NA,NA,NA,NA,NA,NA,NA,NA,NA,NA,NA,NA,NA,NA,NA,NA,BUZ,JAV,BUZ,KIS,3,is meer dan,3,is minder dan,2,,,,,,,1,meer dan,3,yes,35,Is,KIS,JAV,yes,mousedown @yes,yes,TRUE,NA,NA,NA,NA,NA,NA,NA,NA,NA,NA,NA,NA,NA,NA,NA,NA,NA,NA,NA,NA,NA,NA,NA,NA,NA,NA,NA,NA,NA,NA,NA,NA
fb433,51,NA,timer,html.Frame,1_2_34_0,NA,NA,NA,NA,NA,11617,7226996,7226993,7227010,7238627,7238627,2022-04-16T08:08:27.211Z,7238661,NA,NA,NA,NA,NA,NA,NA,NA,NA,NA,NA,NA,NA,NA,NA,NA,NA,BOR,BIY,WUJ,WIW,TUH,18,VOK,KAH,VOK,KAH,3,is meer dan,3,is minder dan,2,,,,,,,1,meer dan,3,yes,35,Is,NA,NA,NA,NA,NA,NA,NA,NA,NA,NA,NA,NA,NA,NA,NA,NA,NA,NA,NA,NA,NA,NA,NA,NA,NA,NA,NA,NA,NA,NA,NA,NA,NA,NA,NA,NA,NA,NA
fb433,51,NA,iti,canvas.Screen,1_2_34_1,NA,NA,NA,NA,timeout,1000,7238628,7238644,7238661,7239644,7239645,2022-04-16T08:08:28.229Z,7239661,NA,NA,NA,NA,NA,NA,NA,NA,NA,NA,NA,NA,NA,NA,NA,NA,NA,NA,NA,NA,NA,NA,NA,VOK,KAH,VOK,KAH,3,is meer dan,3,is minder dan,2,,,,,,,1,meer dan,3,yes,35,Is,NA,NA,NA,NA,NA,NA,NA,NA,NA,NA,NA,NA,NA,NA,NA,NA,NA,NA,NA,NA,NA,NA,NA,NA,NA,NA,NA,NA,NA,NA,NA,NA,NA,NA,NA,NA,NA,NA
fb433,51,NA,trial_sequence,flow.Sequence,1_2_34,NA,NA,NA,NA,completion,12634,7226994,7226993,7227010,7239644,7239645,2022-04-16T08:08:28.229Z,7239661,NA,NA,NA,NA,NA,NA,NA,NA,NA,NA,NA,NA,NA,NA,NA,NA,NA,NA,NA,NA,NA,NA,NA,VOK,KAH,VOK,KAH,3,is meer dan,3,is minder dan,2,,,,,,,1,meer dan,3,yes,35,Is,NA,NA,NA,NA,NA,NA,NA,NA,NA,NA,NA,NA,NA,NA,NA,NA,NA,NA,NA,NA,NA,NA,NA,NA,NA,NA,NA,NA,NA,NA,NA,NA,NA,NA,NA,NA,NA,NA
fb433,52,NA,trial,canvas.Screen,1_2_35_0_0,NA,NA,NA,NA,response,11896,7239651,7239644,7239661,7251540,7251527,2022-04-16T08:08:40.110Z,7251562,NA,NA,NA,NA,NA,NA,NA,NA,NA,NA,NA,NA,NA,NA,NA,NA,NA,NA,NA,NA,NA,NA,NA,BOR,BIY,WUJ,BOR,3,is meer dan,3,is minder dan,2,,,,,,,3,minder dan,1,yes,36,Is,WUJ,BIY,yes,mousedown @yes,yes,TRUE,NA,NA,NA,NA,NA,NA,NA,NA,NA,NA,NA,NA,NA,NA,NA,NA,NA,NA,NA,NA,NA,NA,NA,NA,NA,NA,NA,NA,NA,NA,NA,NA
fb433,52,NA,timer,html.Frame,1_2_35_0,NA,NA,NA,NA,NA,11868,7239647,7239644,7239661,7251529,7251529,2022-04-16T08:08:40.112Z,7251562,NA,NA,NA,NA,NA,NA,NA,NA,NA,NA,NA,NA,NA,NA,NA,NA,NA,CAG,VIK,FOJ,PIB,RUZ,19,VOK,KAH,VOK,KAH,3,is meer dan,3,is minder dan,2,,,,,,,3,minder dan,1,yes,36,Is,NA,NA,NA,NA,NA,NA,NA,NA,NA,NA,NA,NA,NA,NA,NA,NA,NA,NA,NA,NA,NA,NA,NA,NA,NA,NA,NA,NA,NA,NA,NA,NA,NA,NA,NA,NA,NA,NA
fb433,52,NA,iti,canvas.Screen,1_2_35_1,NA,NA,NA,NA,timeout,999,7251529,7251545,7251562,7252545,7252546,2022-04-16T08:08:41.129Z,7252561,NA,NA,NA,NA,NA,NA,NA,NA,NA,NA,NA,NA,NA,NA,NA,NA,NA,NA,NA,NA,NA,NA,NA,VOK,KAH,VOK,KAH,3,is meer dan,3,is minder dan,2,,,,,,,3,minder dan,1,yes,36,Is,NA,NA,NA,NA,NA,NA,NA,NA,NA,NA,NA,NA,NA,NA,NA,NA,NA,NA,NA,NA,NA,NA,NA,NA,NA,NA,NA,NA,NA,NA,NA,NA,NA,NA,NA,NA,NA,NA
fb433,52,NA,trial_sequence,flow.Sequence,1_2_35,NA,NA,NA,NA,completion,12884,7239646,7239644,7239661,7252545,7252547,2022-04-16T08:08:41.130Z,7252561,NA,NA,NA,NA,NA,NA,NA,NA,NA,NA,NA,NA,NA,NA,NA,NA,NA,NA,NA,NA,NA,NA,NA,VOK,KAH,VOK,KAH,3,is meer dan,3,is minder dan,2,,,,,,,3,minder dan,1,yes,36,Is,NA,NA,NA,NA,NA,NA,NA,NA,NA,NA,NA,NA,NA,NA,NA,NA,NA,NA,NA,NA,NA,NA,NA,NA,NA,NA,NA,NA,NA,NA,NA,NA,NA,NA,NA,NA,NA,NA
fb433,53,NA,trial,canvas.Screen,1_2_36_0_0,NA,NA,NA,NA,response,18235,7252551,7252545,7252561,7270780,7270769,2022-04-16T08:08:59.352Z,7270813,NA,NA,NA,NA,NA,NA,NA,NA,NA,NA,NA,NA,NA,NA,NA,NA,NA,NA,NA,NA,NA,NA,NA,CAG,VIK,CAG,FOJ,3,is minder dan,2,is minder dan,3,,,,,,,1,meer dan,3,no,37,Is,VIK,FOJ,no,mousedown @no,no,TRUE,NA,NA,NA,NA,NA,NA,NA,NA,NA,NA,NA,NA,NA,NA,NA,NA,NA,NA,NA,NA,NA,NA,NA,NA,NA,NA,NA,NA,NA,NA,NA,NA
fb433,53,NA,timer,html.Frame,1_2_36_0,NA,NA,NA,NA,NA,18209,7252548,7252545,7252561,7270770,7270770,2022-04-16T08:08:59.353Z,7270813,NA,NA,NA,NA,NA,NA,NA,NA,NA,NA,NA,NA,NA,NA,NA,NA,NA,YAS,MED,QEQ,BEP,WUT,20,VOK,KAH,VOK,KAH,3,is minder dan,2,is minder dan,3,,,,,,,1,meer dan,3,no,37,Is,NA,NA,NA,NA,NA,NA,NA,NA,NA,NA,NA,NA,NA,NA,NA,NA,NA,NA,NA,NA,NA,NA,NA,NA,NA,NA,NA,NA,NA,NA,NA,NA,NA,NA,NA,NA,NA,NA
fb433,53,NA,iti,canvas.Screen,1_2_36_1,NA,NA,NA,NA,timeout,1000,7270770,7270796,7270813,7271796,7271796,2022-04-16T08:09:00.379Z,7271813,NA,NA,NA,NA,NA,NA,NA,NA,NA,NA,NA,NA,NA,NA,NA,NA,NA,NA,NA,NA,NA,NA,NA,VOK,KAH,VOK,KAH,3,is minder dan,2,is minder dan,3,,,,,,,1,meer dan,3,no,37,Is,NA,NA,NA,NA,NA,NA,NA,NA,NA,NA,NA,NA,NA,NA,NA,NA,NA,NA,NA,NA,NA,NA,NA,NA,NA,NA,NA,NA,NA,NA,NA,NA,NA,NA,NA,NA,NA,NA
fb433,53,NA,trial_sequence,flow.Sequence,1_2_36,NA,NA,NA,NA,completion,19235,7252547,7252545,7252561,7271796,7271796,2022-04-16T08:09:00.380Z,7271813,NA,NA,NA,NA,NA,NA,NA,NA,NA,NA,NA,NA,NA,NA,NA,NA,NA,NA,NA,NA,NA,NA,NA,VOK,KAH,VOK,KAH,3,is minder dan,2,is minder dan,3,,,,,,,1,meer dan,3,no,37,Is,NA,NA,NA,NA,NA,NA,NA,NA,NA,NA,NA,NA,NA,NA,NA,NA,NA,NA,NA,NA,NA,NA,NA,NA,NA,NA,NA,NA,NA,NA,NA,NA,NA,NA,NA,NA,NA,NA
fb433,54,NA,trial,canvas.Screen,1_2_37_0_0,NA,NA,NA,NA,response,18570,7271803,7271796,7271813,7290366,7290353,2022-04-16T08:09:18.936Z,7290397,NA,NA,NA,NA,NA,NA,NA,NA,NA,NA,NA,NA,NA,NA,NA,NA,NA,NA,NA,NA,NA,NA,NA,YAS,MED,QEQ,YAS,3,is minder dan,2,is minder dan,3,,,,,,,3,minder dan,1,no,38,Is,MED,QEQ,yes,mousedown @yes,no,FALSE,NA,NA,NA,NA,NA,NA,NA,NA,NA,NA,NA,NA,NA,NA,NA,NA,NA,NA,NA,NA,NA,NA,NA,NA,NA,NA,NA,NA,NA,NA,NA,NA
fb433,54,NA,timer,html.Frame,1_2_37_0,NA,NA,NA,NA,NA,18542.0000000009,7271799,7271796,7271813,7290355,7290355,2022-04-16T08:09:18.938Z,7290397,NA,NA,NA,NA,NA,NA,NA,NA,NA,NA,NA,NA,NA,NA,NA,NA,NA,"NAQ",HIW,VOV,RUX,FUC,NA,VOK,KAH,VOK,KAH,3,is minder dan,2,is minder dan,3,,,,,,,3,minder dan,1,no,38,Is,NA,NA,NA,NA,NA,NA,NA,NA,NA,NA,NA,NA,NA,NA,NA,NA,NA,NA,NA,NA,NA,NA,NA,NA,NA,NA,NA,NA,NA,NA,NA,NA,NA,NA,NA,NA,NA,NA
fb433,54,NA,iti,canvas.Screen,1_2_37_1,NA,NA,NA,NA,timeout,1001,7290355,7290380,7290397,7291381,7291382,2022-04-16T08:09:19.965Z,7291398,NA,NA,NA,NA,NA,NA,NA,NA,NA,NA,NA,NA,NA,NA,NA,NA,NA,NA,NA,NA,NA,NA,NA,VOK,KAH,VOK,KAH,3,is minder dan,2,is minder dan,3,,,,,,,3,minder dan,1,no,38,Is,NA,NA,NA,NA,NA,NA,NA,NA,NA,NA,NA,NA,NA,NA,NA,NA,NA,NA,NA,NA,NA,NA,NA,NA,NA,NA,NA,NA,NA,NA,NA,NA,NA,NA,NA,NA,NA,NA
fb433,54,NA,trial_sequence,flow.Sequence,1_2_37,NA,NA,NA,NA,completion,19568,7271797,7271796,7271813,7291381,7291383,2022-04-16T08:09:19.966Z,7291398,NA,NA,NA,NA,NA,NA,NA,NA,NA,NA,NA,NA,NA,NA,NA,NA,NA,NA,NA,NA,NA,NA,NA,VOK,KAH,VOK,KAH,3,is minder dan,2,is minder dan,3,,,,,,,3,minder dan,1,no,38,Is,NA,NA,NA,NA,NA,NA,NA,NA,NA,NA,NA,NA,NA,NA,NA,NA,NA,NA,NA,NA,NA,NA,NA,NA,NA,NA,NA,NA,NA,NA,NA,NA,NA,NA,NA,NA,NA,NA
fb433,55,NA,trial,canvas.Screen,1_2_38_0_0,NA,NA,NA,NA,response,26314,7291390,7291381,7291398,7317695,7317681,2022-04-16T08:09:46.263Z,7317716,NA,NA,NA,NA,NA,NA,NA,NA,NA,NA,NA,NA,NA,NA,NA,NA,NA,NA,NA,NA,NA,NA,NA,"NAQ",HIW,"NAQ",RUX,3,is meer dan,3,is minder dan,2,3,is meer dan,4,,,,1,meer dan,4,yes,39,Is,VOV,HIW,no,mousedown @no,yes,FALSE,VOV,RUX,NA,NA,NA,NA,NA,NA,NA,NA,NA,NA,NA,NA,NA,NA,NA,NA,NA,NA,NA,NA,NA,NA,NA,NA,NA,NA,NA,NA,NA,NA
fb433,55,NA,timer,html.Frame,1_2_38_0,NA,NA,NA,NA,NA,26285,7291386,7291381,7291398,7317683,7317683,2022-04-16T08:09:46.266Z,7317716,NA,NA,NA,NA,NA,NA,NA,NA,NA,NA,NA,NA,NA,NA,NA,NA,NA,CUK,NOJ,XAM,GIW,FOV,NA,VOK,KAH,VOK,KAH,3,is meer dan,3,is minder dan,2,3,is meer dan,4,,,,1,meer dan,4,yes,39,Is,NA,NA,NA,NA,NA,NA,NA,NA,NA,NA,NA,NA,NA,NA,NA,NA,NA,NA,NA,NA,NA,NA,NA,NA,NA,NA,NA,NA,NA,NA,NA,NA,NA,NA,NA,NA,NA,NA
fb433,55,NA,iti,canvas.Screen,1_2_38_1,NA,NA,NA,NA,timeout,999,7317683,7317699,7317716,7318700,7318700,2022-04-16T08:09:47.283Z,7318715,NA,NA,NA,NA,NA,NA,NA,NA,NA,NA,NA,NA,NA,NA,NA,NA,NA,NA,NA,NA,NA,NA,NA,VOK,KAH,VOK,KAH,3,is meer dan,3,is minder dan,2,3,is meer dan,4,,,,1,meer dan,4,yes,39,Is,NA,NA,NA,NA,NA,NA,NA,NA,NA,NA,NA,NA,NA,NA,NA,NA,NA,NA,NA,NA,NA,NA,NA,NA,NA,NA,NA,NA,NA,NA,NA,NA,NA,NA,NA,NA,NA,NA
fb433,55,NA,trial_sequence,flow.Sequence,1_2_38,NA,NA,NA,NA,completion,27302,7291383,7291381,7291398,7318700,7318701,2022-04-16T08:09:47.283Z,7318715,NA,NA,NA,NA,NA,NA,NA,NA,NA,NA,NA,NA,NA,NA,NA,NA,NA,NA,NA,NA,NA,NA,NA,VOK,KAH,VOK,KAH,3,is meer dan,3,is minder dan,2,3,is meer dan,4,,,,1,meer dan,4,yes,39,Is,NA,NA,NA,NA,NA,NA,NA,NA,NA,NA,NA,NA,NA,NA,NA,NA,NA,NA,NA,NA,NA,NA,NA,NA,NA,NA,NA,NA,NA,NA,NA,NA,NA,NA,NA,NA,NA,NA
fb433,56,NA,trial,canvas.Screen,1_2_39_0_0,NA,NA,NA,NA,response,22055,7318707,7318700,7318715,7340755,7340741,2022-04-16T08:10:09.323Z,7340785,NA,NA,NA,NA,NA,NA,NA,NA,NA,NA,NA,NA,NA,NA,NA,NA,NA,NA,NA,NA,NA,NA,NA,CUK,NOJ,GIW,CUK,3,is meer dan,3,is minder dan,2,3,is meer dan,4,,,,4,minder dan,1,yes,40,Is,XAM,NOJ,yes,mousedown @yes,yes,TRUE,XAM,GIW,NA,NA,NA,NA,NA,NA,NA,NA,NA,NA,NA,NA,NA,NA,NA,NA,NA,NA,NA,NA,NA,NA,NA,NA,NA,NA,NA,NA,NA,NA
fb433,56,NA,timer,html.Frame,1_2_39_0,NA,NA,NA,NA,NA,22028,7318703,7318700,7318715,7340743,7340743,2022-04-16T08:10:09.325Z,7340785,NA,NA,NA,NA,NA,NA,NA,NA,NA,NA,NA,NA,NA,NA,NA,NA,NA,YUV,QOK,KUC,BEZ,DIH,21,VOK,KAH,VOK,KAH,3,is meer dan,3,is minder dan,2,3,is meer dan,4,,,,4,minder dan,1,yes,40,Is,NA,NA,NA,NA,NA,NA,NA,NA,NA,NA,NA,NA,NA,NA,NA,NA,NA,NA,NA,NA,NA,NA,NA,NA,NA,NA,NA,NA,NA,NA,NA,NA,NA,NA,NA,NA,NA,NA
fb433,56,NA,iti,canvas.Screen,1_2_39_1,NA,NA,NA,NA,timeout,1000,7340743,7340768,7340785,7341768,7341769,2022-04-16T08:10:10.351Z,7341785,NA,NA,NA,NA,NA,NA,NA,NA,NA,NA,NA,NA,NA,NA,NA,NA,NA,NA,NA,NA,NA,NA,NA,VOK,KAH,VOK,KAH,3,is meer dan,3,is minder dan,2,3,is meer dan,4,,,,4,minder dan,1,yes,40,Is,NA,NA,NA,NA,NA,NA,NA,NA,NA,NA,NA,NA,NA,NA,NA,NA,NA,NA,NA,NA,NA,NA,NA,NA,NA,NA,NA,NA,NA,NA,NA,NA,NA,NA,NA,NA,NA,NA
fb433,56,NA,trial_sequence,flow.Sequence,1_2_39,NA,NA,NA,NA,completion,23053,7318701,7318700,7318715,7341768,7341769,2022-04-16T08:10:10.351Z,7341785,NA,NA,NA,NA,NA,NA,NA,NA,NA,NA,NA,NA,NA,NA,NA,NA,NA,NA,NA,NA,NA,NA,NA,VOK,KAH,VOK,KAH,3,is meer dan,3,is minder dan,2,3,is meer dan,4,,,,4,minder dan,1,yes,40,Is,NA,NA,NA,NA,NA,NA,NA,NA,NA,NA,NA,NA,NA,NA,NA,NA,NA,NA,NA,NA,NA,NA,NA,NA,NA,NA,NA,NA,NA,NA,NA,NA,NA,NA,NA,NA,NA,NA
fb433,57,NA,trial,canvas.Screen,1_2_40_0_0,NA,NA,NA,NA,response,20858,7341775,7341768,7341785,7362626,7362613,2022-04-16T08:10:31.195Z,7362652,NA,NA,NA,NA,NA,NA,NA,NA,NA,NA,NA,NA,NA,NA,NA,NA,NA,NA,NA,NA,NA,NA,NA,YUV,QOK,YUV,BEZ,3,is minder dan,3,is meer dan,2,4,is meer dan,3,,,,1,meer dan,4,no,41,Is,KUC,QOK,no,mousedown @no,no,TRUE,BEZ,KUC,NA,NA,NA,NA,NA,NA,NA,NA,NA,NA,NA,NA,NA,NA,NA,NA,NA,NA,NA,NA,NA,NA,NA,NA,NA,NA,NA,NA,NA,NA
fb433,57,NA,timer,html.Frame,1_2_40_0,NA,NA,NA,NA,NA,20830,7341771,7341768,7341785,7362615,7362615,2022-04-16T08:10:31.197Z,7362652,NA,NA,NA,NA,NA,NA,NA,NA,NA,NA,NA,NA,NA,NA,NA,NA,NA,KES,SOQ,QAZ,WEP,MOZ,22,VOK,KAH,VOK,KAH,3,is minder dan,3,is meer dan,2,4,is meer dan,3,,,,1,meer dan,4,no,41,Is,NA,NA,NA,NA,NA,NA,NA,NA,NA,NA,NA,NA,NA,NA,NA,NA,NA,NA,NA,NA,NA,NA,NA,NA,NA,NA,NA,NA,NA,NA,NA,NA,NA,NA,NA,NA,NA,NA
fb433,57,NA,iti,canvas.Screen,1_2_40_1,NA,NA,NA,NA,timeout,1001,7362615,7362635,7362652,7363636,7363637,2022-04-16T08:10:32.219Z,7363653,NA,NA,NA,NA,NA,NA,NA,NA,NA,NA,NA,NA,NA,NA,NA,NA,NA,NA,NA,NA,NA,NA,NA,VOK,KAH,VOK,KAH,3,is minder dan,3,is meer dan,2,4,is meer dan,3,,,,1,meer dan,4,no,41,Is,NA,NA,NA,NA,NA,NA,NA,NA,NA,NA,NA,NA,NA,NA,NA,NA,NA,NA,NA,NA,NA,NA,NA,NA,NA,NA,NA,NA,NA,NA,NA,NA,NA,NA,NA,NA,NA,NA
fb433,57,NA,trial_sequence,flow.Sequence,1_2_40,NA,NA,NA,NA,completion,21851,7341770,7341768,7341785,7363636,7363638,2022-04-16T08:10:32.219Z,7363653,NA,NA,NA,NA,NA,NA,NA,NA,NA,NA,NA,NA,NA,NA,NA,NA,NA,NA,NA,NA,NA,NA,NA,VOK,KAH,VOK,KAH,3,is minder dan,3,is meer dan,2,4,is meer dan,3,,,,1,meer dan,4,no,41,Is,NA,NA,NA,NA,NA,NA,NA,NA,NA,NA,NA,NA,NA,NA,NA,NA,NA,NA,NA,NA,NA,NA,NA,NA,NA,NA,NA,NA,NA,NA,NA,NA,NA,NA,NA,NA,NA,NA
fb433,58,NA,trial,canvas.Screen,1_2_41_0_0,NA,NA,NA,NA,response,25336,7363644,7363636,7363653,7388972,7388956,2022-04-16T08:10:57.538Z,7389004,NA,NA,NA,NA,NA,NA,NA,NA,NA,NA,NA,NA,NA,NA,NA,NA,NA,NA,NA,NA,NA,NA,NA,KES,SOQ,WEP,KES,3,is minder dan,3,is meer dan,2,4,is meer dan,3,,,,4,minder dan,1,no,42,Is,QAZ,SOQ,no,mousedown @no,no,TRUE,WEP,QAZ,NA,NA,NA,NA,NA,NA,NA,NA,NA,NA,NA,NA,NA,NA,NA,NA,NA,NA,NA,NA,NA,NA,NA,NA,NA,NA,NA,NA,NA,NA
fb433,58,NA,timer,html.Frame,1_2_41_0,NA,NA,NA,NA,NA,25306,7363640,7363636,7363653,7388959,7388960,2022-04-16T08:10:57.541Z,7389004,NA,NA,NA,NA,NA,NA,NA,NA,NA,NA,NA,NA,NA,NA,NA,NA,NA,PIV,VOG,DOD,XOZ,YAL,23,VOK,KAH,VOK,KAH,3,is minder dan,3,is meer dan,2,4,is meer dan,3,,,,4,minder dan,1,no,42,Is,NA,NA,NA,NA,NA,NA,NA,NA,NA,NA,NA,NA,NA,NA,NA,NA,NA,NA,NA,NA,NA,NA,NA,NA,NA,NA,NA,NA,NA,NA,NA,NA,NA,NA,NA,NA,NA,NA
fb433,58,NA,iti,canvas.Screen,1_2_41_1,NA,NA,NA,NA,timeout,1000,7388960,7388987,7389004,7389988,7389988,2022-04-16T08:10:58.570Z,7390004,NA,NA,NA,NA,NA,NA,NA,NA,NA,NA,NA,NA,NA,NA,NA,NA,NA,NA,NA,NA,NA,NA,NA,VOK,KAH,VOK,KAH,3,is minder dan,3,is meer dan,2,4,is meer dan,3,,,,4,minder dan,1,no,42,Is,NA,NA,NA,NA,NA,NA,NA,NA,NA,NA,NA,NA,NA,NA,NA,NA,NA,NA,NA,NA,NA,NA,NA,NA,NA,NA,NA,NA,NA,NA,NA,NA,NA,NA,NA,NA,NA,NA
fb433,58,NA,trial_sequence,flow.Sequence,1_2_41,NA,NA,NA,NA,completion,26335,7363638,7363636,7363653,7389988,7389989,2022-04-16T08:10:58.570Z,7390004,NA,NA,NA,NA,NA,NA,NA,NA,NA,NA,NA,NA,NA,NA,NA,NA,NA,NA,NA,NA,NA,NA,NA,VOK,KAH,VOK,KAH,3,is minder dan,3,is meer dan,2,4,is meer dan,3,,,,4,minder dan,1,no,42,Is,NA,NA,NA,NA,NA,NA,NA,NA,NA,NA,NA,NA,NA,NA,NA,NA,NA,NA,NA,NA,NA,NA,NA,NA,NA,NA,NA,NA,NA,NA,NA,NA,NA,NA,NA,NA,NA,NA
fb433,59,NA,trial,canvas.Screen,1_2_42_0_0,NA,NA,NA,NA,response,12474,7389994,7389988,7390004,7402462,7402446,2022-04-16T08:11:11.027Z,7402489,NA,NA,NA,NA,NA,NA,NA,NA,NA,NA,NA,NA,NA,NA,NA,NA,NA,NA,NA,NA,NA,NA,NA,PIV,VOG,PIV,XOZ,3,is minder dan,2,is minder dan,3,3,is minder dan,4,,,,1,meer dan,4,no,43,Is,VOG,DOD,yes,mousedown @yes,no,FALSE,DOD,XOZ,NA,NA,NA,NA,NA,NA,NA,NA,NA,NA,NA,NA,NA,NA,NA,NA,NA,NA,NA,NA,NA,NA,NA,NA,NA,NA,NA,NA,NA,NA
fb433,59,NA,timer,html.Frame,1_2_42_0,NA,NA,NA,NA,NA,12443,7389991,7389988,7390004,7402447,7402447,2022-04-16T08:11:11.028Z,7402489,NA,NA,NA,NA,NA,NA,NA,NA,NA,NA,NA,NA,NA,NA,NA,NA,NA,RER,TOZ,GAC,NUP,JUM,NA,VOK,KAH,VOK,KAH,3,is minder dan,2,is minder dan,3,3,is minder dan,4,,,,1,meer dan,4,no,43,Is,NA,NA,NA,NA,NA,NA,NA,NA,NA,NA,NA,NA,NA,NA,NA,NA,NA,NA,NA,NA,NA,NA,NA,NA,NA,NA,NA,NA,NA,NA,NA,NA,NA,NA,NA,NA,NA,NA
fb433,59,NA,iti,canvas.Screen,1_2_42_1,NA,NA,NA,NA,timeout,1001,7402447,7402472,7402489,7403472,7403473,2022-04-16T08:11:12.054Z,7403490,NA,NA,NA,NA,NA,NA,NA,NA,NA,NA,NA,NA,NA,NA,NA,NA,NA,NA,NA,NA,NA,NA,NA,VOK,KAH,VOK,KAH,3,is minder dan,2,is minder dan,3,3,is minder dan,4,,,,1,meer dan,4,no,43,Is,NA,NA,NA,NA,NA,NA,NA,NA,NA,NA,NA,NA,NA,NA,NA,NA,NA,NA,NA,NA,NA,NA,NA,NA,NA,NA,NA,NA,NA,NA,NA,NA,NA,NA,NA,NA,NA,NA
fb433,59,NA,trial_sequence,flow.Sequence,1_2_42,NA,NA,NA,NA,completion,13468,7389989,7389988,7390004,7403472,7403474,2022-04-16T08:11:12.055Z,7403490,NA,NA,NA,NA,NA,NA,NA,NA,NA,NA,NA,NA,NA,NA,NA,NA,NA,NA,NA,NA,NA,NA,NA,VOK,KAH,VOK,KAH,3,is minder dan,2,is minder dan,3,3,is minder dan,4,,,,1,meer dan,4,no,43,Is,NA,NA,NA,NA,NA,NA,NA,NA,NA,NA,NA,NA,NA,NA,NA,NA,NA,NA,NA,NA,NA,NA,NA,NA,NA,NA,NA,NA,NA,NA,NA,NA,NA,NA,NA,NA,NA,NA
fb433,60,NA,trial,canvas.Screen,1_2_43_0_0,NA,NA,NA,NA,response,12100,7403480,7403472,7403490,7415572,7415558,2022-04-16T08:11:24.139Z,7415590,NA,NA,NA,NA,NA,NA,NA,NA,NA,NA,NA,NA,NA,NA,NA,NA,NA,NA,NA,NA,NA,NA,NA,RER,TOZ,NUP,RER,3,is minder dan,2,is minder dan,3,3,is minder dan,4,,,,4,minder dan,1,no,44,Is,TOZ,GAC,yes,mousedown @yes,no,FALSE,GAC,NUP,NA,NA,NA,NA,NA,NA,NA,NA,NA,NA,NA,NA,NA,NA,NA,NA,NA,NA,NA,NA,NA,NA,NA,NA,NA,NA,NA,NA,NA,NA
fb433,60,NA,timer,html.Frame,1_2_43_0,NA,NA,NA,NA,NA,12069,7403476,7403472,7403490,7415559,7415559,2022-04-16T08:11:24.140Z,7415590,NA,NA,NA,NA,NA,NA,NA,NA,NA,NA,NA,NA,NA,NA,NA,NA,NA,GAJ,SEY,KUJ,JEZ,QIZ,NA,VOK,KAH,VOK,KAH,3,is minder dan,2,is minder dan,3,3,is minder dan,4,,,,4,minder dan,1,no,44,Is,NA,NA,NA,NA,NA,NA,NA,NA,NA,NA,NA,NA,NA,NA,NA,NA,NA,NA,NA,NA,NA,NA,NA,NA,NA,NA,NA,NA,NA,NA,NA,NA,NA,NA,NA,NA,NA,NA
fb433,60,NA,iti,canvas.Screen,1_2_43_1,NA,NA,NA,NA,timeout,999,7415559,7415573,7415590,7416572,7416573,2022-04-16T08:11:25.154Z,7416589,NA,NA,NA,NA,NA,NA,NA,NA,NA,NA,NA,NA,NA,NA,NA,NA,NA,NA,NA,NA,NA,NA,NA,VOK,KAH,VOK,KAH,3,is minder dan,2,is minder dan,3,3,is minder dan,4,,,,4,minder dan,1,no,44,Is,NA,NA,NA,NA,NA,NA,NA,NA,NA,NA,NA,NA,NA,NA,NA,NA,NA,NA,NA,NA,NA,NA,NA,NA,NA,NA,NA,NA,NA,NA,NA,NA,NA,NA,NA,NA,NA,NA
fb433,60,NA,trial_sequence,flow.Sequence,1_2_43,NA,NA,NA,NA,completion,13082,7403474,7403472,7403490,7416572,7416573,2022-04-16T08:11:25.154Z,7416589,NA,NA,NA,NA,NA,NA,NA,NA,NA,NA,NA,NA,NA,NA,NA,NA,NA,NA,NA,NA,NA,NA,NA,VOK,KAH,VOK,KAH,3,is minder dan,2,is minder dan,3,3,is minder dan,4,,,,4,minder dan,1,no,44,Is,NA,NA,NA,NA,NA,NA,NA,NA,NA,NA,NA,NA,NA,NA,NA,NA,NA,NA,NA,NA,NA,NA,NA,NA,NA,NA,NA,NA,NA,NA,NA,NA,NA,NA,NA,NA,NA,NA
fb433,61,NA,trial,canvas.Screen,1_2_44_0_0,NA,NA,NA,NA,response,21122,7416580,7416572,7416589,7437694,7437680,2022-04-16T08:11:46.261Z,7437725,NA,NA,NA,NA,NA,NA,NA,NA,NA,NA,NA,NA,NA,NA,NA,NA,NA,NA,NA,NA,NA,NA,NA,GAJ,SEY,GAJ,QIZ,3,is minder dan,3,is meer dan,2,3,is minder dan,4,5,is meer dan,4,1,meer dan,5,no,45,Is,KUJ,SEY,no,mousedown @no,no,TRUE,KUJ,JEZ,QIZ,JEZ,NA,NA,NA,NA,NA,NA,NA,NA,NA,NA,NA,NA,NA,NA,NA,NA,NA,NA,NA,NA,NA,NA,NA,NA,NA,NA,NA,NA
fb433,61,NA,timer,html.Frame,1_2_44_0,NA,NA,NA,NA,NA,21093,7416576,7416572,7416589,7437682,7437682,2022-04-16T08:11:46.263Z,7437725,NA,NA,NA,NA,NA,NA,NA,NA,NA,NA,NA,NA,NA,NA,NA,NA,NA,QET,QUL,XOT,XOP,LUJ,24,VOK,KAH,VOK,KAH,3,is minder dan,3,is meer dan,2,3,is minder dan,4,5,is meer dan,4,1,meer dan,5,no,45,Is,NA,NA,NA,NA,NA,NA,NA,NA,NA,NA,NA,NA,NA,NA,NA,NA,NA,NA,NA,NA,NA,NA,NA,NA,NA,NA,NA,NA,NA,NA,NA,NA,NA,NA,NA,NA,NA,NA
fb433,61,NA,iti,canvas.Screen,1_2_44_1,NA,NA,NA,NA,timeout,999,7437682,7437707,7437725,7438708,7438709,2022-04-16T08:11:47.290Z,7438724,NA,NA,NA,NA,NA,NA,NA,NA,NA,NA,NA,NA,NA,NA,NA,NA,NA,NA,NA,NA,NA,NA,NA,VOK,KAH,VOK,KAH,3,is minder dan,3,is meer dan,2,3,is minder dan,4,5,is meer dan,4,1,meer dan,5,no,45,Is,NA,NA,NA,NA,NA,NA,NA,NA,NA,NA,NA,NA,NA,NA,NA,NA,NA,NA,NA,NA,NA,NA,NA,NA,NA,NA,NA,NA,NA,NA,NA,NA,NA,NA,NA,NA,NA,NA
fb433,61,NA,trial_sequence,flow.Sequence,1_2_44,NA,NA,NA,NA,completion,22119,7416574,7416572,7416589,7438708,7438710,2022-04-16T08:11:47.290Z,7438724,NA,NA,NA,NA,NA,NA,NA,NA,NA,NA,NA,NA,NA,NA,NA,NA,NA,NA,NA,NA,NA,NA,NA,VOK,KAH,VOK,KAH,3,is minder dan,3,is meer dan,2,3,is minder dan,4,5,is meer dan,4,1,meer dan,5,no,45,Is,NA,NA,NA,NA,NA,NA,NA,NA,NA,NA,NA,NA,NA,NA,NA,NA,NA,NA,NA,NA,NA,NA,NA,NA,NA,NA,NA,NA,NA,NA,NA,NA,NA,NA,NA,NA,NA,NA
fb433,62,NA,trial,canvas.Screen,1_2_45_0_0,NA,NA,NA,NA,response,24511,7438716,7438708,7438724,7463219,7463204,2022-04-16T08:12:11.784Z,7463243,NA,NA,NA,NA,NA,NA,NA,NA,NA,NA,NA,NA,NA,NA,NA,NA,NA,NA,NA,NA,NA,NA,NA,QET,QUL,LUJ,QET,3,is minder dan,3,is meer dan,2,3,is minder dan,4,5,is meer dan,4,5,minder dan,1,no,46,Is,XOT,QUL,no,mousedown @no,no,TRUE,XOT,XOP,LUJ,XOP,NA,NA,NA,NA,NA,NA,NA,NA,NA,NA,NA,NA,NA,NA,NA,NA,NA,NA,NA,NA,NA,NA,NA,NA,NA,NA,NA,NA
fb433,62,NA,timer,html.Frame,1_2_45_0,NA,NA,NA,NA,NA,24482,7438712,7438708,7438724,7463206,7463206,2022-04-16T08:12:11.786Z,7463243,NA,NA,NA,NA,NA,NA,NA,NA,NA,NA,NA,NA,NA,NA,NA,NA,NA,XUS,VIX,XUW,HUK,FOD,25,VOK,KAH,VOK,KAH,3,is minder dan,3,is meer dan,2,3,is minder dan,4,5,is meer dan,4,5,minder dan,1,no,46,Is,NA,NA,NA,NA,NA,NA,NA,NA,NA,NA,NA,NA,NA,NA,NA,NA,NA,NA,NA,NA,NA,NA,NA,NA,NA,NA,NA,NA,NA,NA,NA,NA,NA,NA,NA,NA,NA,NA
fb433,62,NA,iti,canvas.Screen,1_2_45_1,NA,NA,NA,NA,timeout,1003,7463207,7463227,7463243,7464227,7464227,2022-04-16T08:12:12.807Z,7464246,NA,NA,NA,NA,NA,NA,NA,NA,NA,NA,NA,NA,NA,NA,NA,NA,NA,NA,NA,NA,NA,NA,NA,VOK,KAH,VOK,KAH,3,is minder dan,3,is meer dan,2,3,is minder dan,4,5,is meer dan,4,5,minder dan,1,no,46,Is,NA,NA,NA,NA,NA,NA,NA,NA,NA,NA,NA,NA,NA,NA,NA,NA,NA,NA,NA,NA,NA,NA,NA,NA,NA,NA,NA,NA,NA,NA,NA,NA,NA,NA,NA,NA,NA,NA
fb433,62,NA,trial_sequence,flow.Sequence,1_2_45,NA,NA,NA,NA,completion,25503,7438710,7438708,7438724,7464227,7464228,2022-04-16T08:12:12.808Z,7464246,NA,NA,NA,NA,NA,NA,NA,NA,NA,NA,NA,NA,NA,NA,NA,NA,NA,NA,NA,NA,NA,NA,NA,VOK,KAH,VOK,KAH,3,is minder dan,3,is meer dan,2,3,is minder dan,4,5,is meer dan,4,5,minder dan,1,no,46,Is,NA,NA,NA,NA,NA,NA,NA,NA,NA,NA,NA,NA,NA,NA,NA,NA,NA,NA,NA,NA,NA,NA,NA,NA,NA,NA,NA,NA,NA,NA,NA,NA,NA,NA,NA,NA,NA,NA
fb433,63,NA,trial,canvas.Screen,1_2_46_0_0,NA,NA,NA,NA,response,18588.0000000009,7464237,7464227,7464246,7482815,7482801,2022-04-16T08:12:31.381Z,7482843,NA,NA,NA,NA,NA,NA,NA,NA,NA,NA,NA,NA,NA,NA,NA,NA,NA,NA,NA,NA,NA,NA,NA,XUS,VIX,XUS,FOD,3,is meer dan,3,is minder dan,2,3,is meer dan,4,5,is minder dan,4,1,meer dan,5,yes,47,Is,XUW,VIX,no,mousedown @no,yes,FALSE,XUW,HUK,FOD,HUK,NA,NA,NA,NA,NA,NA,NA,NA,NA,NA,NA,NA,NA,NA,NA,NA,NA,NA,NA,NA,NA,NA,NA,NA,NA,NA,NA,NA
fb433,63,NA,timer,html.Frame,1_2_46_0,NA,NA,NA,NA,NA,18558,7464231,7464227,7464246,7482804,7482804,2022-04-16T08:12:31.384Z,7482843,NA,NA,NA,NA,NA,NA,NA,NA,NA,NA,NA,NA,NA,NA,NA,NA,NA,CIH,PEQ,YIL,CEV,HEV,NA,VOK,KAH,VOK,KAH,3,is meer dan,3,is minder dan,2,3,is meer dan,4,5,is minder dan,4,1,meer dan,5,yes,47,Is,NA,NA,NA,NA,NA,NA,NA,NA,NA,NA,NA,NA,NA,NA,NA,NA,NA,NA,NA,NA,NA,NA,NA,NA,NA,NA,NA,NA,NA,NA,NA,NA,NA,NA,NA,NA,NA,NA
fb433,63,NA,iti,canvas.Screen,1_2_46_1,NA,NA,NA,NA,timeout,1002,7482805,7482827,7482843,7483828,7483829,2022-04-16T08:12:32.409Z,7483845,NA,NA,NA,NA,NA,NA,NA,NA,NA,NA,NA,NA,NA,NA,NA,NA,NA,NA,NA,NA,NA,NA,NA,VOK,KAH,VOK,KAH,3,is meer dan,3,is minder dan,2,3,is meer dan,4,5,is minder dan,4,1,meer dan,5,yes,47,Is,NA,NA,NA,NA,NA,NA,NA,NA,NA,NA,NA,NA,NA,NA,NA,NA,NA,NA,NA,NA,NA,NA,NA,NA,NA,NA,NA,NA,NA,NA,NA,NA,NA,NA,NA,NA,NA,NA
fb433,63,NA,trial_sequence,flow.Sequence,1_2_46,NA,NA,NA,NA,completion,19582,7464228,7464227,7464246,7483828,7483829,2022-04-16T08:12:32.409Z,7483845,NA,NA,NA,NA,NA,NA,NA,NA,NA,NA,NA,NA,NA,NA,NA,NA,NA,NA,NA,NA,NA,NA,NA,VOK,KAH,VOK,KAH,3,is meer dan,3,is minder dan,2,3,is meer dan,4,5,is minder dan,4,1,meer dan,5,yes,47,Is,NA,NA,NA,NA,NA,NA,NA,NA,NA,NA,NA,NA,NA,NA,NA,NA,NA,NA,NA,NA,NA,NA,NA,NA,NA,NA,NA,NA,NA,NA,NA,NA,NA,NA,NA,NA,NA,NA
fb433,64,NA,trial,canvas.Screen,1_2_47_0_0,NA,NA,NA,NA,response,15470,7483835,7483828,7483845,7499298,7499281,2022-04-16T08:12:47.861Z,7499312,NA,NA,NA,NA,NA,NA,NA,NA,NA,NA,NA,NA,NA,NA,NA,NA,NA,NA,NA,NA,NA,NA,NA,CIH,PEQ,HEV,CIH,3,is meer dan,3,is minder dan,2,3,is meer dan,4,5,is minder dan,4,5,minder dan,1,yes,48,Is,YIL,PEQ,yes,mousedown @yes,yes,TRUE,YIL,CEV,HEV,CEV,NA,NA,NA,NA,NA,NA,NA,NA,NA,NA,NA,NA,NA,NA,NA,NA,NA,NA,NA,NA,NA,NA,NA,NA,NA,NA,NA,NA
fb433,64,NA,timer,html.Frame,1_2_47_0,NA,NA,NA,NA,NA,15439.0000000009,7483831,7483828,7483845,7499284,7499284,2022-04-16T08:12:47.863Z,7499312,NA,NA,NA,NA,NA,NA,NA,NA,NA,NA,NA,NA,NA,NA,NA,NA,NA,QIQ,MER,PUQ,DIZ,SIZ,26,VOK,KAH,VOK,KAH,3,is meer dan,3,is minder dan,2,3,is meer dan,4,5,is minder dan,4,5,minder dan,1,yes,48,Is,NA,NA,NA,NA,NA,NA,NA,NA,NA,NA,NA,NA,NA,NA,NA,NA,NA,NA,NA,NA,NA,NA,NA,NA,NA,NA,NA,NA,NA,NA,NA,NA,NA,NA,NA,NA,NA,NA
fb433,64,NA,iti,canvas.Screen,1_2_47_1,NA,NA,NA,NA,timeout,1000,7499284,7499296,7499312,7500295,7500295,2022-04-16T08:12:48.875Z,7500312,NA,NA,NA,NA,NA,NA,NA,NA,NA,NA,NA,NA,NA,NA,NA,NA,NA,NA,NA,NA,NA,NA,NA,VOK,KAH,VOK,KAH,3,is meer dan,3,is minder dan,2,3,is meer dan,4,5,is minder dan,4,5,minder dan,1,yes,48,Is,NA,NA,NA,NA,NA,NA,NA,NA,NA,NA,NA,NA,NA,NA,NA,NA,NA,NA,NA,NA,NA,NA,NA,NA,NA,NA,NA,NA,NA,NA,NA,NA,NA,NA,NA,NA,NA,NA
fb433,64,NA,trial_sequence,flow.Sequence,1_2_47,NA,NA,NA,NA,completion,16450,7483830,7483828,7483845,7500295,7500296,2022-04-16T08:12:48.876Z,7500312,NA,NA,NA,NA,NA,NA,NA,NA,NA,NA,NA,NA,NA,NA,NA,NA,NA,NA,NA,NA,NA,NA,NA,VOK,KAH,VOK,KAH,3,is meer dan,3,is minder dan,2,3,is meer dan,4,5,is minder dan,4,5,minder dan,1,yes,48,Is,NA,NA,NA,NA,NA,NA,NA,NA,NA,NA,NA,NA,NA,NA,NA,NA,NA,NA,NA,NA,NA,NA,NA,NA,NA,NA,NA,NA,NA,NA,NA,NA,NA,NA,NA,NA,NA,NA
fb433,65,NA,trial,canvas.Screen,1_2_48_0_0,NA,NA,NA,NA,response,12864.0000000009,7500303,7500295,7500312,7513159,7513143,2022-04-16T08:13:01.723Z,7513179,NA,NA,NA,NA,NA,NA,NA,NA,NA,NA,NA,NA,NA,NA,NA,NA,NA,NA,NA,NA,NA,NA,NA,QIQ,MER,PUQ,QIQ,4,komt voor,2,komt voor,3,,,,,,,3,voor,1,no,49,Komt,MER,PUQ,yes,mousedown @yes,no,FALSE,NA,NA,NA,NA,NA,NA,NA,NA,NA,NA,NA,NA,NA,NA,NA,NA,NA,NA,NA,NA,NA,NA,NA,NA,NA,NA,NA,NA,NA,NA,NA,NA
fb433,65,NA,timer,html.Frame,1_2_48_0,NA,NA,NA,NA,NA,12833,7500298,7500295,7500312,7513145,7513145,2022-04-16T08:13:01.725Z,7513179,NA,NA,NA,NA,NA,NA,NA,NA,NA,NA,NA,NA,NA,NA,NA,NA,NA,CAX,XIX,CEM,HEH,BUH,NA,VOK,KAH,VOK,KAH,4,komt voor,2,komt voor,3,,,,,,,3,voor,1,no,49,Komt,NA,NA,NA,NA,NA,NA,NA,NA,NA,NA,NA,NA,NA,NA,NA,NA,NA,NA,NA,NA,NA,NA,NA,NA,NA,NA,NA,NA,NA,NA,NA,NA,NA,NA,NA,NA,NA,NA
fb433,65,NA,iti,canvas.Screen,1_2_48_1,NA,NA,NA,NA,timeout,1004,7513146,7513163,7513179,7514163,7514164,2022-04-16T08:13:02.743Z,7514183,NA,NA,NA,NA,NA,NA,NA,NA,NA,NA,NA,NA,NA,NA,NA,NA,NA,NA,NA,NA,NA,NA,NA,VOK,KAH,VOK,KAH,4,komt voor,2,komt voor,3,,,,,,,3,voor,1,no,49,Komt,NA,NA,NA,NA,NA,NA,NA,NA,NA,NA,NA,NA,NA,NA,NA,NA,NA,NA,NA,NA,NA,NA,NA,NA,NA,NA,NA,NA,NA,NA,NA,NA,NA,NA,NA,NA,NA,NA
fb433,65,NA,trial_sequence,flow.Sequence,1_2_48,NA,NA,NA,NA,completion,13851,7500296,7500295,7500312,7514163,7514164,2022-04-16T08:13:02.744Z,7514183,NA,NA,NA,NA,NA,NA,NA,NA,NA,NA,NA,NA,NA,NA,NA,NA,NA,NA,NA,NA,NA,NA,NA,VOK,KAH,VOK,KAH,4,komt voor,2,komt voor,3,,,,,,,3,voor,1,no,49,Komt,NA,NA,NA,NA,NA,NA,NA,NA,NA,NA,NA,NA,NA,NA,NA,NA,NA,NA,NA,NA,NA,NA,NA,NA,NA,NA,NA,NA,NA,NA,NA,NA,NA,NA,NA,NA,NA,NA
fb433,66,NA,trial,canvas.Screen,1_2_49_0_0,NA,NA,NA,NA,response,29215.0000000009,7514174,7514163,7514183,7543378,7543362,2022-04-16T08:13:31.941Z,7543398,NA,NA,NA,NA,NA,NA,NA,NA,NA,NA,NA,NA,NA,NA,NA,NA,NA,NA,NA,NA,NA,NA,NA,CAX,XIX,CAX,CEM,4,komt voor,2,komt voor,3,,,,,,,1,na,3,no,50,Komt,XIX,CEM,no,mousedown @no,no,TRUE,NA,NA,NA,NA,NA,NA,NA,NA,NA,NA,NA,NA,NA,NA,NA,NA,NA,NA,NA,NA,NA,NA,NA,NA,NA,NA,NA,NA,NA,NA,NA,NA
fb433,66,NA,timer,html.Frame,1_2_49_0,NA,NA,NA,NA,NA,29181.0000000009,7514167,7514163,7514183,7543364,7543364,2022-04-16T08:13:31.943Z,7543398,NA,NA,NA,NA,NA,NA,NA,NA,NA,NA,NA,NA,NA,NA,NA,NA,NA,QUC,VAF,NUZ,BIW,YOY,27,VOK,KAH,VOK,KAH,4,komt voor,2,komt voor,3,,,,,,,1,na,3,no,50,Komt,NA,NA,NA,NA,NA,NA,NA,NA,NA,NA,NA,NA,NA,NA,NA,NA,NA,NA,NA,NA,NA,NA,NA,NA,NA,NA,NA,NA,NA,NA,NA,NA,NA,NA,NA,NA,NA,NA
fb433,66,NA,iti,canvas.Screen,1_2_49_1,NA,NA,NA,NA,timeout,1000,7543365,7543381,7543398,7544382,7544383,2022-04-16T08:13:32.962Z,7544398,NA,NA,NA,NA,NA,NA,NA,NA,NA,NA,NA,NA,NA,NA,NA,NA,NA,NA,NA,NA,NA,NA,NA,VOK,KAH,VOK,KAH,4,komt voor,2,komt voor,3,,,,,,,1,na,3,no,50,Komt,NA,NA,NA,NA,NA,NA,NA,NA,NA,NA,NA,NA,NA,NA,NA,NA,NA,NA,NA,NA,NA,NA,NA,NA,NA,NA,NA,NA,NA,NA,NA,NA,NA,NA,NA,NA,NA,NA
fb433,66,NA,trial_sequence,flow.Sequence,1_2_49,NA,NA,NA,NA,completion,30199,7514165,7514163,7514183,7544382,7544383,2022-04-16T08:13:32.962Z,7544398,NA,NA,NA,NA,NA,NA,NA,NA,NA,NA,NA,NA,NA,NA,NA,NA,NA,NA,NA,NA,NA,NA,NA,VOK,KAH,VOK,KAH,4,komt voor,2,komt voor,3,,,,,,,1,na,3,no,50,Komt,NA,NA,NA,NA,NA,NA,NA,NA,NA,NA,NA,NA,NA,NA,NA,NA,NA,NA,NA,NA,NA,NA,NA,NA,NA,NA,NA,NA,NA,NA,NA,NA,NA,NA,NA,NA,NA,NA
fb433,67,NA,trial,canvas.Screen,1_2_50_0_0,NA,NA,NA,NA,response,12759.0000000009,7544390,7544382,7544398,7557141,7557124,2022-04-16T08:13:45.703Z,7557166,NA,NA,NA,NA,NA,NA,NA,NA,NA,NA,NA,NA,NA,NA,NA,NA,NA,NA,NA,NA,NA,NA,NA,QUC,VAF,NUZ,QUC,4,komt na,2,komt na,3,,,,,,,3,voor,1,yes,51,Komt,VAF,NUZ,no,mousedown @no,yes,FALSE,NA,NA,NA,NA,NA,NA,NA,NA,NA,NA,NA,NA,NA,NA,NA,NA,NA,NA,NA,NA,NA,NA,NA,NA,NA,NA,NA,NA,NA,NA,NA,NA
fb433,67,NA,timer,html.Frame,1_2_50_0,NA,NA,NA,NA,NA,12729,7544386,7544382,7544398,7557127,7557127,2022-04-16T08:13:45.706Z,7557166,NA,NA,NA,NA,NA,NA,NA,NA,NA,NA,NA,NA,NA,NA,NA,NA,NA,"NAS",TIW,FAL,MEQ,DAZ,NA,VOK,KAH,VOK,KAH,4,komt na,2,komt na,3,,,,,,,3,voor,1,yes,51,Komt,NA,NA,NA,NA,NA,NA,NA,NA,NA,NA,NA,NA,NA,NA,NA,NA,NA,NA,NA,NA,NA,NA,NA,NA,NA,NA,NA,NA,NA,NA,NA,NA,NA,NA,NA,NA,NA,NA
fb433,67,NA,iti,canvas.Screen,1_2_50_1,NA,NA,NA,NA,timeout,1000,7557128,7557149,7557166,7558150,7558150,2022-04-16T08:13:46.729Z,7558166,NA,NA,NA,NA,NA,NA,NA,NA,NA,NA,NA,NA,NA,NA,NA,NA,NA,NA,NA,NA,NA,NA,NA,VOK,KAH,VOK,KAH,4,komt na,2,komt na,3,,,,,,,3,voor,1,yes,51,Komt,NA,NA,NA,NA,NA,NA,NA,NA,NA,NA,NA,NA,NA,NA,NA,NA,NA,NA,NA,NA,NA,NA,NA,NA,NA,NA,NA,NA,NA,NA,NA,NA,NA,NA,NA,NA,NA,NA
fb433,67,NA,trial_sequence,flow.Sequence,1_2_50,NA,NA,NA,NA,completion,13752,7544384,7544382,7544398,7558150,7558151,2022-04-16T08:13:46.729Z,7558166,NA,NA,NA,NA,NA,NA,NA,NA,NA,NA,NA,NA,NA,NA,NA,NA,NA,NA,NA,NA,NA,NA,NA,VOK,KAH,VOK,KAH,4,komt na,2,komt na,3,,,,,,,3,voor,1,yes,51,Komt,NA,NA,NA,NA,NA,NA,NA,NA,NA,NA,NA,NA,NA,NA,NA,NA,NA,NA,NA,NA,NA,NA,NA,NA,NA,NA,NA,NA,NA,NA,NA,NA,NA,NA,NA,NA,NA,NA
fb433,68,NA,trial,canvas.Screen,1_2_51_0_0,NA,NA,NA,NA,response,18039,7558158,7558150,7558166,7576189,7576172,2022-04-16T08:14:04.750Z,7576218,NA,NA,NA,NA,NA,NA,NA,NA,NA,NA,NA,NA,NA,NA,NA,NA,NA,NA,NA,NA,NA,NA,NA,"NAS",TIW,"NAS",FAL,4,komt na,2,komt na,3,,,,,,,1,na,3,yes,52,Komt,TIW,FAL,no,mousedown @no,yes,FALSE,NA,NA,NA,NA,NA,NA,NA,NA,NA,NA,NA,NA,NA,NA,NA,NA,NA,NA,NA,NA,NA,NA,NA,NA,NA,NA,NA,NA,NA,NA,NA,NA
fb433,68,NA,timer,html.Frame,1_2_51_0,NA,NA,NA,NA,NA,18008,7558153,7558150,7558166,7576174,7576174,2022-04-16T08:14:04.752Z,7576218,NA,NA,NA,NA,NA,NA,NA,NA,NA,NA,NA,NA,NA,NA,NA,NA,NA,HOQ,QOC,MUC,KEB,GUW,NA,VOK,KAH,VOK,KAH,4,komt na,2,komt na,3,,,,,,,1,na,3,yes,52,Komt,NA,NA,NA,NA,NA,NA,NA,NA,NA,NA,NA,NA,NA,NA,NA,NA,NA,NA,NA,NA,NA,NA,NA,NA,NA,NA,NA,NA,NA,NA,NA,NA,NA,NA,NA,NA,NA,NA
fb433,68,NA,iti,canvas.Screen,1_2_51_1,NA,NA,NA,NA,timeout,1000,7576174,7576201,7576218,7577201,7577202,2022-04-16T08:14:05.780Z,7577218,NA,NA,NA,NA,NA,NA,NA,NA,NA,NA,NA,NA,NA,NA,NA,NA,NA,NA,NA,NA,NA,NA,NA,VOK,KAH,VOK,KAH,4,komt na,2,komt na,3,,,,,,,1,na,3,yes,52,Komt,NA,NA,NA,NA,NA,NA,NA,NA,NA,NA,NA,NA,NA,NA,NA,NA,NA,NA,NA,NA,NA,NA,NA,NA,NA,NA,NA,NA,NA,NA,NA,NA,NA,NA,NA,NA,NA,NA
fb433,68,NA,trial_sequence,flow.Sequence,1_2_51,NA,NA,NA,NA,completion,19035,7558151,7558150,7558166,7577201,7577202,2022-04-16T08:14:05.781Z,7577218,NA,NA,NA,NA,NA,NA,NA,NA,NA,NA,NA,NA,NA,NA,NA,NA,NA,NA,NA,NA,NA,NA,NA,VOK,KAH,VOK,KAH,4,komt na,2,komt na,3,,,,,,,1,na,3,yes,52,Komt,NA,NA,NA,NA,NA,NA,NA,NA,NA,NA,NA,NA,NA,NA,NA,NA,NA,NA,NA,NA,NA,NA,NA,NA,NA,NA,NA,NA,NA,NA,NA,NA,NA,NA,NA,NA,NA,NA
fb433,69,NA,trial,canvas.Screen,1_2_52_0_0,NA,NA,NA,NA,response,12421,7577207,7577201,7577218,7589622,7589605,2022-04-16T08:14:18.184Z,7589635,NA,NA,NA,NA,NA,NA,NA,NA,NA,NA,NA,NA,NA,NA,NA,NA,NA,NA,NA,NA,NA,NA,NA,HOQ,QOC,MUC,HOQ,4,komt na,3,komt voor,2,,,,,,,3,voor,1,yes,53,Komt,MUC,QOC,no,mousedown @no,yes,FALSE,NA,NA,NA,NA,NA,NA,NA,NA,NA,NA,NA,NA,NA,NA,NA,NA,NA,NA,NA,NA,NA,NA,NA,NA,NA,NA,NA,NA,NA,NA,NA,NA
fb433,69,NA,timer,html.Frame,1_2_52_0,NA,NA,NA,NA,NA,12389,7577204,7577201,7577218,7589607,7589607,2022-04-16T08:14:18.185Z,7589635,NA,NA,NA,NA,NA,NA,NA,NA,NA,NA,NA,NA,NA,NA,NA,NA,NA,FAP,YIV,PUV,PUY,GUH,NA,VOK,KAH,VOK,KAH,4,komt na,3,komt voor,2,,,,,,,3,voor,1,yes,53,Komt,NA,NA,NA,NA,NA,NA,NA,NA,NA,NA,NA,NA,NA,NA,NA,NA,NA,NA,NA,NA,NA,NA,NA,NA,NA,NA,NA,NA,NA,NA,NA,NA,NA,NA,NA,NA,NA,NA
fb433,69,NA,iti,canvas.Screen,1_2_52_1,NA,NA,NA,NA,timeout,1000,7589607,7589619,7589635,7590619,7590619,2022-04-16T08:14:19.197Z,7590635,NA,NA,NA,NA,NA,NA,NA,NA,NA,NA,NA,NA,NA,NA,NA,NA,NA,NA,NA,NA,NA,NA,NA,VOK,KAH,VOK,KAH,4,komt na,3,komt voor,2,,,,,,,3,voor,1,yes,53,Komt,NA,NA,NA,NA,NA,NA,NA,NA,NA,NA,NA,NA,NA,NA,NA,NA,NA,NA,NA,NA,NA,NA,NA,NA,NA,NA,NA,NA,NA,NA,NA,NA,NA,NA,NA,NA,NA,NA
fb433,69,NA,trial_sequence,flow.Sequence,1_2_52,NA,NA,NA,NA,completion,13401,7577203,7577201,7577218,7590619,7590620,2022-04-16T08:14:19.198Z,7590635,NA,NA,NA,NA,NA,NA,NA,NA,NA,NA,NA,NA,NA,NA,NA,NA,NA,NA,NA,NA,NA,NA,NA,VOK,KAH,VOK,KAH,4,komt na,3,komt voor,2,,,,,,,3,voor,1,yes,53,Komt,NA,NA,NA,NA,NA,NA,NA,NA,NA,NA,NA,NA,NA,NA,NA,NA,NA,NA,NA,NA,NA,NA,NA,NA,NA,NA,NA,NA,NA,NA,NA,NA,NA,NA,NA,NA,NA,NA
fb433,70,NA,trial,canvas.Screen,1_2_53_0_0,NA,NA,NA,NA,response,26706,7590626,7590619,7590635,7617325,7617307,2022-04-16T08:14:45.885Z,7617354,NA,NA,NA,NA,NA,NA,NA,NA,NA,NA,NA,NA,NA,NA,NA,NA,NA,NA,NA,NA,NA,NA,NA,FAP,YIV,FAP,PUV,4,komt na,3,komt voor,2,,,,,,,1,na,3,yes,54,Komt,PUV,YIV,no,mousedown @no,yes,FALSE,NA,NA,NA,NA,NA,NA,NA,NA,NA,NA,NA,NA,NA,NA,NA,NA,NA,NA,NA,NA,NA,NA,NA,NA,NA,NA,NA,NA,NA,NA,NA,NA
fb433,70,NA,timer,html.Frame,1_2_53_0,NA,NA,NA,NA,NA,26675,7590622,7590619,7590635,7617310,7617314,2022-04-16T08:14:45.892Z,7617354,NA,NA,NA,NA,NA,NA,NA,NA,NA,NA,NA,NA,NA,NA,NA,NA,NA,YIF,CUN,CAH,QUY,BOQ,NA,VOK,KAH,VOK,KAH,4,komt na,3,komt voor,2,,,,,,,1,na,3,yes,54,Komt,NA,NA,NA,NA,NA,NA,NA,NA,NA,NA,NA,NA,NA,NA,NA,NA,NA,NA,NA,NA,NA,NA,NA,NA,NA,NA,NA,NA,NA,NA,NA,NA,NA,NA,NA,NA,NA,NA
fb433,70,NA,iti,canvas.Screen,1_2_53_1,NA,NA,NA,NA,timeout,999,7617315,7617337,7617354,7618336,7618337,2022-04-16T08:14:46.915Z,7618353,NA,NA,NA,NA,NA,NA,NA,NA,NA,NA,NA,NA,NA,NA,NA,NA,NA,NA,NA,NA,NA,NA,NA,VOK,KAH,VOK,KAH,4,komt na,3,komt voor,2,,,,,,,1,na,3,yes,54,Komt,NA,NA,NA,NA,NA,NA,NA,NA,NA,NA,NA,NA,NA,NA,NA,NA,NA,NA,NA,NA,NA,NA,NA,NA,NA,NA,NA,NA,NA,NA,NA,NA,NA,NA,NA,NA,NA,NA
fb433,70,NA,trial_sequence,flow.Sequence,1_2_53,NA,NA,NA,NA,completion,27701,7590620,7590619,7590635,7618336,7618337,2022-04-16T08:14:46.915Z,7618353,NA,NA,NA,NA,NA,NA,NA,NA,NA,NA,NA,NA,NA,NA,NA,NA,NA,NA,NA,NA,NA,NA,NA,VOK,KAH,VOK,KAH,4,komt na,3,komt voor,2,,,,,,,1,na,3,yes,54,Komt,NA,NA,NA,NA,NA,NA,NA,NA,NA,NA,NA,NA,NA,NA,NA,NA,NA,NA,NA,NA,NA,NA,NA,NA,NA,NA,NA,NA,NA,NA,NA,NA,NA,NA,NA,NA,NA,NA
fb433,71,NA,trial,canvas.Screen,1_2_54_0_0,NA,NA,NA,NA,response,12153.0000000009,7618343,7618336,7618353,7630489,7630469,2022-04-16T08:14:59.047Z,7630505,NA,NA,NA,NA,NA,NA,NA,NA,NA,NA,NA,NA,NA,NA,NA,NA,NA,NA,NA,NA,NA,NA,NA,YIF,CUN,QUY,YIF,4,komt voor,3,komt na,2,3,komt voor,4,,,,4,voor,1,no,55,Komt,CAH,CUN,no,mousedown @no,no,TRUE,CAH,QUY,NA,NA,NA,NA,NA,NA,NA,NA,NA,NA,NA,NA,NA,NA,NA,NA,NA,NA,NA,NA,NA,NA,NA,NA,NA,NA,NA,NA,NA,NA
fb433,71,NA,timer,html.Frame,1_2_54_0,NA,NA,NA,NA,NA,12118,7618340,7618336,7618353,7630471,7630471,2022-04-16T08:14:59.049Z,7630505,NA,NA,NA,NA,NA,NA,NA,NA,NA,NA,NA,NA,NA,NA,NA,NA,NA,CIM,YUF,KUV,LAZ,QAD,28,VOK,KAH,VOK,KAH,4,komt voor,3,komt na,2,3,komt voor,4,,,,4,voor,1,no,55,Komt,NA,NA,NA,NA,NA,NA,NA,NA,NA,NA,NA,NA,NA,NA,NA,NA,NA,NA,NA,NA,NA,NA,NA,NA,NA,NA,NA,NA,NA,NA,NA,NA,NA,NA,NA,NA,NA,NA
fb433,71,NA,iti,canvas.Screen,1_2_54_1,NA,NA,NA,NA,timeout,1000,7630471,7630488,7630505,7631487,7631488,2022-04-16T08:15:00.066Z,7631505,NA,NA,NA,NA,NA,NA,NA,NA,NA,NA,NA,NA,NA,NA,NA,NA,NA,NA,NA,NA,NA,NA,NA,VOK,KAH,VOK,KAH,4,komt voor,3,komt na,2,3,komt voor,4,,,,4,voor,1,no,55,Komt,NA,NA,NA,NA,NA,NA,NA,NA,NA,NA,NA,NA,NA,NA,NA,NA,NA,NA,NA,NA,NA,NA,NA,NA,NA,NA,NA,NA,NA,NA,NA,NA,NA,NA,NA,NA,NA,NA
fb433,71,NA,trial_sequence,flow.Sequence,1_2_54,NA,NA,NA,NA,completion,13134,7618338,7618336,7618353,7631487,7631489,2022-04-16T08:15:00.066Z,7631505,NA,NA,NA,NA,NA,NA,NA,NA,NA,NA,NA,NA,NA,NA,NA,NA,NA,NA,NA,NA,NA,NA,NA,VOK,KAH,VOK,KAH,4,komt voor,3,komt na,2,3,komt voor,4,,,,4,voor,1,no,55,Komt,NA,NA,NA,NA,NA,NA,NA,NA,NA,NA,NA,NA,NA,NA,NA,NA,NA,NA,NA,NA,NA,NA,NA,NA,NA,NA,NA,NA,NA,NA,NA,NA,NA,NA,NA,NA,NA,NA
fb433,72,NA,trial,canvas.Screen,1_2_55_0_0,NA,NA,NA,NA,response,20927,7631493,7631487,7631505,7652414,7652397,2022-04-16T08:15:20.974Z,7652439,NA,NA,NA,NA,NA,NA,NA,NA,NA,NA,NA,NA,NA,NA,NA,NA,NA,NA,NA,NA,NA,NA,NA,CIM,YUF,CIM,LAZ,4,komt voor,3,komt na,2,3,komt voor,4,,,,1,na,4,no,56,Komt,KUV,YUF,yes,mousedown @yes,no,FALSE,KUV,LAZ,NA,NA,NA,NA,NA,NA,NA,NA,NA,NA,NA,NA,NA,NA,NA,NA,NA,NA,NA,NA,NA,NA,NA,NA,NA,NA,NA,NA,NA,NA
fb433,72,NA,timer,html.Frame,1_2_55_0,NA,NA,NA,NA,NA,20895.0000000009,7631490,7631487,7631505,7652400,7652400,2022-04-16T08:15:20.977Z,7652439,NA,NA,NA,NA,NA,NA,NA,NA,NA,NA,NA,NA,NA,NA,NA,NA,NA,WEV,VOC,XEV,TIV,TIF,NA,VOK,KAH,VOK,KAH,4,komt voor,3,komt na,2,3,komt voor,4,,,,1,na,4,no,56,Komt,NA,NA,NA,NA,NA,NA,NA,NA,NA,NA,NA,NA,NA,NA,NA,NA,NA,NA,NA,NA,NA,NA,NA,NA,NA,NA,NA,NA,NA,NA,NA,NA,NA,NA,NA,NA,NA,NA
fb433,72,NA,iti,canvas.Screen,1_2_55_1,NA,NA,NA,NA,timeout,1003,7652400,7652423,7652439,7653423,7653424,2022-04-16T08:15:22.001Z,7653442,NA,NA,NA,NA,NA,NA,NA,NA,NA,NA,NA,NA,NA,NA,NA,NA,NA,NA,NA,NA,NA,NA,NA,VOK,KAH,VOK,KAH,4,komt voor,3,komt na,2,3,komt voor,4,,,,1,na,4,no,56,Komt,NA,NA,NA,NA,NA,NA,NA,NA,NA,NA,NA,NA,NA,NA,NA,NA,NA,NA,NA,NA,NA,NA,NA,NA,NA,NA,NA,NA,NA,NA,NA,NA,NA,NA,NA,NA,NA,NA
fb433,72,NA,trial_sequence,flow.Sequence,1_2_55,NA,NA,NA,NA,completion,21918,7631489,7631487,7631505,7653423,7653424,2022-04-16T08:15:22.001Z,7653442,NA,NA,NA,NA,NA,NA,NA,NA,NA,NA,NA,NA,NA,NA,NA,NA,NA,NA,NA,NA,NA,NA,NA,VOK,KAH,VOK,KAH,4,komt voor,3,komt na,2,3,komt voor,4,,,,1,na,4,no,56,Komt,NA,NA,NA,NA,NA,NA,NA,NA,NA,NA,NA,NA,NA,NA,NA,NA,NA,NA,NA,NA,NA,NA,NA,NA,NA,NA,NA,NA,NA,NA,NA,NA,NA,NA,NA,NA,NA,NA
fb433,73,NA,trial,canvas.Screen,1_2_56_0_0,NA,NA,NA,NA,response,19976,7653431,7653423,7653442,7673399,7673381,2022-04-16T08:15:41.957Z,7673424,NA,NA,NA,NA,NA,NA,NA,NA,NA,NA,NA,NA,NA,NA,NA,NA,NA,NA,NA,NA,NA,NA,NA,WEV,VOC,TIV,WEV,4,komt na,2,komt na,3,4,komt voor,3,,,,4,voor,1,yes,57,Komt,VOC,XEV,no,mousedown @no,yes,FALSE,TIV,XEV,NA,NA,NA,NA,NA,NA,NA,NA,NA,NA,NA,NA,NA,NA,NA,NA,NA,NA,NA,NA,NA,NA,NA,NA,NA,NA,NA,NA,NA,NA
fb433,73,NA,timer,html.Frame,1_2_56_0,NA,NA,NA,NA,NA,19940.0000000009,7653427,7653423,7653442,7673382,7673382,2022-04-16T08:15:41.959Z,7673424,NA,NA,NA,NA,NA,NA,NA,NA,NA,NA,NA,NA,NA,NA,NA,NA,NA,XIZ,CUY,GIM,KAZ,XON,NA,VOK,KAH,VOK,KAH,4,komt na,2,komt na,3,4,komt voor,3,,,,4,voor,1,yes,57,Komt,NA,NA,NA,NA,NA,NA,NA,NA,NA,NA,NA,NA,NA,NA,NA,NA,NA,NA,NA,NA,NA,NA,NA,NA,NA,NA,NA,NA,NA,NA,NA,NA,NA,NA,NA,NA,NA,NA
fb433,73,NA,iti,canvas.Screen,1_2_56_1,NA,NA,NA,NA,timeout,1000,7673382,7673408,7673424,7674407,7674407,2022-04-16T08:15:42.984Z,7674424,NA,NA,NA,NA,NA,NA,NA,NA,NA,NA,NA,NA,NA,NA,NA,NA,NA,NA,NA,NA,NA,NA,NA,VOK,KAH,VOK,KAH,4,komt na,2,komt na,3,4,komt voor,3,,,,4,voor,1,yes,57,Komt,NA,NA,NA,NA,NA,NA,NA,NA,NA,NA,NA,NA,NA,NA,NA,NA,NA,NA,NA,NA,NA,NA,NA,NA,NA,NA,NA,NA,NA,NA,NA,NA,NA,NA,NA,NA,NA,NA
fb433,73,NA,trial_sequence,flow.Sequence,1_2_56,NA,NA,NA,NA,completion,20965,7653425,7653423,7653442,7674407,7674408,2022-04-16T08:15:42.985Z,7674424,NA,NA,NA,NA,NA,NA,NA,NA,NA,NA,NA,NA,NA,NA,NA,NA,NA,NA,NA,NA,NA,NA,NA,VOK,KAH,VOK,KAH,4,komt na,2,komt na,3,4,komt voor,3,,,,4,voor,1,yes,57,Komt,NA,NA,NA,NA,NA,NA,NA,NA,NA,NA,NA,NA,NA,NA,NA,NA,NA,NA,NA,NA,NA,NA,NA,NA,NA,NA,NA,NA,NA,NA,NA,NA,NA,NA,NA,NA,NA,NA
fb433,74,NA,trial,canvas.Screen,1_2_57_0_0,NA,NA,NA,NA,response,14993.0000000009,7674414,7674407,7674424,7689400,7689383,2022-04-16T08:15:57.959Z,7689425,NA,NA,NA,NA,NA,NA,NA,NA,NA,NA,NA,NA,NA,NA,NA,NA,NA,NA,NA,NA,NA,NA,NA,XIZ,CUY,XIZ,KAZ,4,komt na,2,komt na,3,4,komt voor,3,,,,1,na,4,yes,58,Komt,CUY,GIM,no,mousedown @no,yes,FALSE,KAZ,GIM,NA,NA,NA,NA,NA,NA,NA,NA,NA,NA,NA,NA,NA,NA,NA,NA,NA,NA,NA,NA,NA,NA,NA,NA,NA,NA,NA,NA,NA,NA
fb433,74,NA,timer,html.Frame,1_2_57_0,NA,NA,NA,NA,NA,14962,7674410,7674407,7674424,7689386,7689386,2022-04-16T08:15:57.963Z,7689425,NA,NA,NA,NA,NA,NA,NA,NA,NA,NA,NA,NA,NA,NA,NA,NA,NA,DUZ,JOX,WUB,VEF,VOH,NA,VOK,KAH,VOK,KAH,4,komt na,2,komt na,3,4,komt voor,3,,,,1,na,4,yes,58,Komt,NA,NA,NA,NA,NA,NA,NA,NA,NA,NA,NA,NA,NA,NA,NA,NA,NA,NA,NA,NA,NA,NA,NA,NA,NA,NA,NA,NA,NA,NA,NA,NA,NA,NA,NA,NA,NA,NA
fb433,74,NA,iti,canvas.Screen,1_2_57_1,NA,NA,NA,NA,timeout,1000,7689386,7689409,7689425,7690408,7690409,2022-04-16T08:15:58.985Z,7690425,NA,NA,NA,NA,NA,NA,NA,NA,NA,NA,NA,NA,NA,NA,NA,NA,NA,NA,NA,NA,NA,NA,NA,VOK,KAH,VOK,KAH,4,komt na,2,komt na,3,4,komt voor,3,,,,1,na,4,yes,58,Komt,NA,NA,NA,NA,NA,NA,NA,NA,NA,NA,NA,NA,NA,NA,NA,NA,NA,NA,NA,NA,NA,NA,NA,NA,NA,NA,NA,NA,NA,NA,NA,NA,NA,NA,NA,NA,NA,NA
fb433,74,NA,trial_sequence,flow.Sequence,1_2_57,NA,NA,NA,NA,completion,15984,7674408,7674407,7674424,7690408,7690409,2022-04-16T08:15:58.986Z,7690425,NA,NA,NA,NA,NA,NA,NA,NA,NA,NA,NA,NA,NA,NA,NA,NA,NA,NA,NA,NA,NA,NA,NA,VOK,KAH,VOK,KAH,4,komt na,2,komt na,3,4,komt voor,3,,,,1,na,4,yes,58,Komt,NA,NA,NA,NA,NA,NA,NA,NA,NA,NA,NA,NA,NA,NA,NA,NA,NA,NA,NA,NA,NA,NA,NA,NA,NA,NA,NA,NA,NA,NA,NA,NA,NA,NA,NA,NA,NA,NA
fb433,75,NA,trial,canvas.Screen,1_2_58_0_0,NA,NA,NA,NA,response,22987,7690416,7690408,7690425,7713395,7713377,2022-04-16T08:16:21.953Z,7713410,NA,NA,NA,NA,NA,NA,NA,NA,NA,NA,NA,NA,NA,NA,NA,NA,NA,NA,NA,NA,NA,NA,NA,DUZ,JOX,VEF,DUZ,4,komt na,3,komt voor,2,3,komt na,4,,,,4,voor,1,yes,59,Komt,WUB,JOX,no,mousedown @no,yes,FALSE,WUB,VEF,NA,NA,NA,NA,NA,NA,NA,NA,NA,NA,NA,NA,NA,NA,NA,NA,NA,NA,NA,NA,NA,NA,NA,NA,NA,NA,NA,NA,NA,NA
fb433,75,NA,timer,html.Frame,1_2_58_0,NA,NA,NA,NA,NA,22954,7690412,7690408,7690425,7713379,7713379,2022-04-16T08:16:21.955Z,7713410,NA,NA,NA,NA,NA,NA,NA,NA,NA,NA,NA,NA,NA,NA,NA,NA,NA,PAB,KEH,YOC,HAQ,QOQ,NA,VOK,KAH,VOK,KAH,4,komt na,3,komt voor,2,3,komt na,4,,,,4,voor,1,yes,59,Komt,NA,NA,NA,NA,NA,NA,NA,NA,NA,NA,NA,NA,NA,NA,NA,NA,NA,NA,NA,NA,NA,NA,NA,NA,NA,NA,NA,NA,NA,NA,NA,NA,NA,NA,NA,NA,NA,NA
fb433,75,NA,iti,canvas.Screen,1_2_58_1,NA,NA,NA,NA,timeout,1001,7713379,7713393,7713410,7714394,7714394,2022-04-16T08:16:22.971Z,7714411,NA,NA,NA,NA,NA,NA,NA,NA,NA,NA,NA,NA,NA,NA,NA,NA,NA,NA,NA,NA,NA,NA,NA,VOK,KAH,VOK,KAH,4,komt na,3,komt voor,2,3,komt na,4,,,,4,voor,1,yes,59,Komt,NA,NA,NA,NA,NA,NA,NA,NA,NA,NA,NA,NA,NA,NA,NA,NA,NA,NA,NA,NA,NA,NA,NA,NA,NA,NA,NA,NA,NA,NA,NA,NA,NA,NA,NA,NA,NA,NA
fb433,75,NA,trial_sequence,flow.Sequence,1_2_58,NA,NA,NA,NA,completion,23969,7690409,7690408,7690425,7714394,7714395,2022-04-16T08:16:22.971Z,7714411,NA,NA,NA,NA,NA,NA,NA,NA,NA,NA,NA,NA,NA,NA,NA,NA,NA,NA,NA,NA,NA,NA,NA,VOK,KAH,VOK,KAH,4,komt na,3,komt voor,2,3,komt na,4,,,,4,voor,1,yes,59,Komt,NA,NA,NA,NA,NA,NA,NA,NA,NA,NA,NA,NA,NA,NA,NA,NA,NA,NA,NA,NA,NA,NA,NA,NA,NA,NA,NA,NA,NA,NA,NA,NA,NA,NA,NA,NA,NA,NA
fb433,76,NA,trial,canvas.Screen,1_2_59_0_0,NA,NA,NA,NA,response,26413,7714401,7714394,7714411,7740807,7740786,2022-04-16T08:16:49.362Z,7740829,NA,NA,NA,NA,NA,NA,NA,NA,NA,NA,NA,NA,NA,NA,NA,NA,NA,NA,NA,NA,NA,NA,NA,PAB,KEH,PAB,HAQ,4,komt na,3,komt voor,2,3,komt na,4,,,,1,na,4,yes,60,Komt,YOC,KEH,no,mousedown @no,yes,FALSE,YOC,HAQ,NA,NA,NA,NA,NA,NA,NA,NA,NA,NA,NA,NA,NA,NA,NA,NA,NA,NA,NA,NA,NA,NA,NA,NA,NA,NA,NA,NA,NA,NA
fb433,76,NA,timer,html.Frame,1_2_59_0,NA,NA,NA,NA,NA,26377,7714397,7714394,7714411,7740788,7740789,2022-04-16T08:16:49.364Z,7740829,NA,NA,NA,NA,NA,NA,NA,NA,NA,NA,NA,NA,NA,NA,NA,NA,NA,KAQ,DUL,HEC,PEZ,TUM,NA,VOK,KAH,VOK,KAH,4,komt na,3,komt voor,2,3,komt na,4,,,,1,na,4,yes,60,Komt,NA,NA,NA,NA,NA,NA,NA,NA,NA,NA,NA,NA,NA,NA,NA,NA,NA,NA,NA,NA,NA,NA,NA,NA,NA,NA,NA,NA,NA,NA,NA,NA,NA,NA,NA,NA,NA,NA
fb433,76,NA,iti,canvas.Screen,1_2_59_1,NA,NA,NA,NA,timeout,999,7740789,7740812,7740829,7741811,7741812,2022-04-16T08:16:50.388Z,7741828,NA,NA,NA,NA,NA,NA,NA,NA,NA,NA,NA,NA,NA,NA,NA,NA,NA,NA,NA,NA,NA,NA,NA,VOK,KAH,VOK,KAH,4,komt na,3,komt voor,2,3,komt na,4,,,,1,na,4,yes,60,Komt,NA,NA,NA,NA,NA,NA,NA,NA,NA,NA,NA,NA,NA,NA,NA,NA,NA,NA,NA,NA,NA,NA,NA,NA,NA,NA,NA,NA,NA,NA,NA,NA,NA,NA,NA,NA,NA,NA
fb433,76,NA,trial_sequence,flow.Sequence,1_2_59,NA,NA,NA,NA,completion,27400,7714395,7714394,7714411,7741811,7741812,2022-04-16T08:16:50.388Z,7741828,NA,NA,NA,NA,NA,NA,NA,NA,NA,NA,NA,NA,NA,NA,NA,NA,NA,NA,NA,NA,NA,NA,NA,VOK,KAH,VOK,KAH,4,komt na,3,komt voor,2,3,komt na,4,,,,1,na,4,yes,60,Komt,NA,NA,NA,NA,NA,NA,NA,NA,NA,NA,NA,NA,NA,NA,NA,NA,NA,NA,NA,NA,NA,NA,NA,NA,NA,NA,NA,NA,NA,NA,NA,NA,NA,NA,NA,NA,NA,NA
fb433,77,NA,trial,canvas.Screen,1_2_60_0_0,NA,NA,NA,NA,response,23982.0000000009,7741818,7741811,7741828,7765793,7765774,2022-04-16T08:17:14.350Z,7765814,NA,NA,NA,NA,NA,NA,NA,NA,NA,NA,NA,NA,NA,NA,NA,NA,NA,NA,NA,NA,NA,NA,NA,KAQ,DUL,TUM,KAQ,4,komt na,3,komt voor,2,3,komt na,4,5,komt voor,4,5,voor,1,yes,61,Komt,HEC,DUL,no,mousedown @no,yes,FALSE,HEC,PEZ,TUM,PEZ,NA,NA,NA,NA,NA,NA,NA,NA,NA,NA,NA,NA,NA,NA,NA,NA,NA,NA,NA,NA,NA,NA,NA,NA,NA,NA,NA,NA
fb433,77,NA,timer,html.Frame,1_2_60_0,NA,NA,NA,NA,NA,23948,7741814,7741811,7741828,7765776,7765776,2022-04-16T08:17:14.351Z,7765814,NA,NA,NA,NA,NA,NA,NA,NA,NA,NA,NA,NA,NA,NA,NA,NA,NA,REW,FEX,QIV,CIR,QIW,NA,VOK,KAH,VOK,KAH,4,komt na,3,komt voor,2,3,komt na,4,5,komt voor,4,5,voor,1,yes,61,Komt,NA,NA,NA,NA,NA,NA,NA,NA,NA,NA,NA,NA,NA,NA,NA,NA,NA,NA,NA,NA,NA,NA,NA,NA,NA,NA,NA,NA,NA,NA,NA,NA,NA,NA,NA,NA,NA,NA
fb433,77,NA,iti,canvas.Screen,1_2_60_1,NA,NA,NA,NA,timeout,1001,7765776,7765797,7765814,7766797,7766798,2022-04-16T08:17:15.373Z,7766815,NA,NA,NA,NA,NA,NA,NA,NA,NA,NA,NA,NA,NA,NA,NA,NA,NA,NA,NA,NA,NA,NA,NA,VOK,KAH,VOK,KAH,4,komt na,3,komt voor,2,3,komt na,4,5,komt voor,4,5,voor,1,yes,61,Komt,NA,NA,NA,NA,NA,NA,NA,NA,NA,NA,NA,NA,NA,NA,NA,NA,NA,NA,NA,NA,NA,NA,NA,NA,NA,NA,NA,NA,NA,NA,NA,NA,NA,NA,NA,NA,NA,NA
fb433,77,NA,trial_sequence,flow.Sequence,1_2_60,NA,NA,NA,NA,completion,24969,7741813,7741811,7741828,7766797,7766798,2022-04-16T08:17:15.374Z,7766815,NA,NA,NA,NA,NA,NA,NA,NA,NA,NA,NA,NA,NA,NA,NA,NA,NA,NA,NA,NA,NA,NA,NA,VOK,KAH,VOK,KAH,4,komt na,3,komt voor,2,3,komt na,4,5,komt voor,4,5,voor,1,yes,61,Komt,NA,NA,NA,NA,NA,NA,NA,NA,NA,NA,NA,NA,NA,NA,NA,NA,NA,NA,NA,NA,NA,NA,NA,NA,NA,NA,NA,NA,NA,NA,NA,NA,NA,NA,NA,NA,NA,NA
fb433,78,NA,trial,canvas.Screen,1_2_61_0_0,NA,NA,NA,NA,response,24431,7766805,7766797,7766815,7791228,7791207,2022-04-16T08:17:39.782Z,7791248,NA,NA,NA,NA,NA,NA,NA,NA,NA,NA,NA,NA,NA,NA,NA,NA,NA,NA,NA,NA,NA,NA,NA,REW,FEX,REW,QIW,4,komt na,3,komt voor,2,3,komt na,4,5,komt voor,4,1,na,5,yes,62,Komt,QIV,FEX,no,mousedown @no,yes,FALSE,QIV,CIR,QIW,CIR,NA,NA,NA,NA,NA,NA,NA,NA,NA,NA,NA,NA,NA,NA,NA,NA,NA,NA,NA,NA,NA,NA,NA,NA,NA,NA,NA,NA
fb433,78,NA,timer,html.Frame,1_2_61_0,NA,NA,NA,NA,NA,24395,7766801,7766797,7766815,7791210,7791210,2022-04-16T08:17:39.785Z,7791248,NA,NA,NA,NA,NA,NA,NA,NA,NA,NA,NA,NA,NA,NA,NA,NA,NA,YOV,SOJ,KIQ,RUQ,VUT,NA,VOK,KAH,VOK,KAH,4,komt na,3,komt voor,2,3,komt na,4,5,komt voor,4,1,na,5,yes,62,Komt,NA,NA,NA,NA,NA,NA,NA,NA,NA,NA,NA,NA,NA,NA,NA,NA,NA,NA,NA,NA,NA,NA,NA,NA,NA,NA,NA,NA,NA,NA,NA,NA,NA,NA,NA,NA,NA,NA
fb433,78,NA,iti,canvas.Screen,1_2_61_1,NA,NA,NA,NA,timeout,1001,7791210,7791232,7791248,7792233,7792233,2022-04-16T08:17:40.808Z,7792249,NA,NA,NA,NA,NA,NA,NA,NA,NA,NA,NA,NA,NA,NA,NA,NA,NA,NA,NA,NA,NA,NA,NA,VOK,KAH,VOK,KAH,4,komt na,3,komt voor,2,3,komt na,4,5,komt voor,4,1,na,5,yes,62,Komt,NA,NA,NA,NA,NA,NA,NA,NA,NA,NA,NA,NA,NA,NA,NA,NA,NA,NA,NA,NA,NA,NA,NA,NA,NA,NA,NA,NA,NA,NA,NA,NA,NA,NA,NA,NA,NA,NA
fb433,78,NA,trial_sequence,flow.Sequence,1_2_61,NA,NA,NA,NA,completion,25418,7766799,7766797,7766815,7792233,7792234,2022-04-16T08:17:40.809Z,7792249,NA,NA,NA,NA,NA,NA,NA,NA,NA,NA,NA,NA,NA,NA,NA,NA,NA,NA,NA,NA,NA,NA,NA,VOK,KAH,VOK,KAH,4,komt na,3,komt voor,2,3,komt na,4,5,komt voor,4,1,na,5,yes,62,Komt,NA,NA,NA,NA,NA,NA,NA,NA,NA,NA,NA,NA,NA,NA,NA,NA,NA,NA,NA,NA,NA,NA,NA,NA,NA,NA,NA,NA,NA,NA,NA,NA,NA,NA,NA,NA,NA,NA
fb433,79,NA,trial,canvas.Screen,1_2_62_0_0,NA,NA,NA,NA,response,17118.0000000009,7792240,7792233,7792249,7809351,7809328,2022-04-16T08:17:57.902Z,7809367,NA,NA,NA,NA,NA,NA,NA,NA,NA,NA,NA,NA,NA,NA,NA,NA,NA,NA,NA,NA,NA,NA,NA,YOV,SOJ,VUT,YOV,4,komt voor,3,komt na,2,3,komt voor,4,5,komt na,4,5,voor,1,no,63,Komt,KIQ,SOJ,no,mousedown @no,no,TRUE,KIQ,RUQ,VUT,RUQ,NA,NA,NA,NA,NA,NA,NA,NA,NA,NA,NA,NA,NA,NA,NA,NA,NA,NA,NA,NA,NA,NA,NA,NA,NA,NA,NA,NA
fb433,79,NA,timer,html.Frame,1_2_62_0,NA,NA,NA,NA,NA,17080,7792236,7792233,7792249,7809329,7809329,2022-04-16T08:17:57.904Z,7809367,NA,NA,NA,NA,NA,NA,NA,NA,NA,NA,NA,NA,NA,NA,NA,NA,NA,WEY,RUP,CEQ,YEG,FEH,29,VOK,KAH,VOK,KAH,4,komt voor,3,komt na,2,3,komt voor,4,5,komt na,4,5,voor,1,no,63,Komt,NA,NA,NA,NA,NA,NA,NA,NA,NA,NA,NA,NA,NA,NA,NA,NA,NA,NA,NA,NA,NA,NA,NA,NA,NA,NA,NA,NA,NA,NA,NA,NA,NA,NA,NA,NA,NA,NA
fb433,79,NA,iti,canvas.Screen,1_2_62_1,NA,NA,NA,NA,timeout,1001,7809330,7809349,7809367,7810351,7810351,2022-04-16T08:17:58.926Z,7810368,NA,NA,NA,NA,NA,NA,NA,NA,NA,NA,NA,NA,NA,NA,NA,NA,NA,NA,NA,NA,NA,NA,NA,VOK,KAH,VOK,KAH,4,komt voor,3,komt na,2,3,komt voor,4,5,komt na,4,5,voor,1,no,63,Komt,NA,NA,NA,NA,NA,NA,NA,NA,NA,NA,NA,NA,NA,NA,NA,NA,NA,NA,NA,NA,NA,NA,NA,NA,NA,NA,NA,NA,NA,NA,NA,NA,NA,NA,NA,NA,NA,NA
fb433,79,NA,trial_sequence,flow.Sequence,1_2_62,NA,NA,NA,NA,completion,18102,7792234,7792233,7792249,7810351,7810352,2022-04-16T08:17:58.927Z,7810368,NA,NA,NA,NA,NA,NA,NA,NA,NA,NA,NA,NA,NA,NA,NA,NA,NA,NA,NA,NA,NA,NA,NA,VOK,KAH,VOK,KAH,4,komt voor,3,komt na,2,3,komt voor,4,5,komt na,4,5,voor,1,no,63,Komt,NA,NA,NA,NA,NA,NA,NA,NA,NA,NA,NA,NA,NA,NA,NA,NA,NA,NA,NA,NA,NA,NA,NA,NA,NA,NA,NA,NA,NA,NA,NA,NA,NA,NA,NA,NA,NA,NA
fb433,80,NA,trial,canvas.Screen,1_2_63_0_0,NA,NA,NA,NA,response,17000.0000000009,7810359,7810351,7810368,7827351,7827331,2022-04-16T08:18:15.906Z,7827368,NA,NA,NA,NA,NA,NA,NA,NA,NA,NA,NA,NA,NA,NA,NA,NA,NA,NA,NA,NA,NA,NA,NA,WEY,RUP,WEY,FEH,4,komt voor,3,komt na,2,3,komt voor,4,5,komt na,4,1,na,5,no,64,Komt,CEQ,RUP,no,mousedown @no,no,TRUE,CEQ,YEG,FEH,YEG,NA,NA,NA,NA,NA,NA,NA,NA,NA,NA,NA,NA,NA,NA,NA,NA,NA,NA,NA,NA,NA,NA,NA,NA,NA,NA,NA,NA
fb433,80,NA,timer,html.Frame,1_2_63_0,NA,NA,NA,NA,NA,16964,7810355,7810351,7810368,7827332,7827333,2022-04-16T08:18:15.907Z,7827368,NA,NA,NA,NA,NA,NA,NA,NA,NA,NA,NA,NA,NA,NA,NA,NA,NA,ROR,QUW,COH,KOZ,TUW,30,VOK,KAH,VOK,KAH,4,komt voor,3,komt na,2,3,komt voor,4,5,komt na,4,1,na,5,no,64,Komt,NA,NA,NA,NA,NA,NA,NA,NA,NA,NA,NA,NA,NA,NA,NA,NA,NA,NA,NA,NA,NA,NA,NA,NA,NA,NA,NA,NA,NA,NA,NA,NA,NA,NA,NA,NA,NA,NA
fb433,80,NA,iti,canvas.Screen,1_2_63_1,NA,NA,NA,NA,timeout,1003,7827333,7827352,7827368,7828352,7828352,2022-04-16T08:18:16.927Z,7828371,NA,NA,NA,NA,NA,NA,NA,NA,NA,NA,NA,NA,NA,NA,NA,NA,NA,NA,NA,NA,NA,NA,NA,VOK,KAH,VOK,KAH,4,komt voor,3,komt na,2,3,komt voor,4,5,komt na,4,1,na,5,no,64,Komt,NA,NA,NA,NA,NA,NA,NA,NA,NA,NA,NA,NA,NA,NA,NA,NA,NA,NA,NA,NA,NA,NA,NA,NA,NA,NA,NA,NA,NA,NA,NA,NA,NA,NA,NA,NA,NA,NA
fb433,80,NA,trial_sequence,flow.Sequence,1_2_63,NA,NA,NA,NA,completion,17984,7810352,7810351,7810368,7828352,7828353,2022-04-16T08:18:16.927Z,7828371,NA,NA,NA,NA,NA,NA,NA,NA,NA,NA,NA,NA,NA,NA,NA,NA,NA,NA,NA,NA,NA,NA,NA,VOK,KAH,VOK,KAH,4,komt voor,3,komt na,2,3,komt voor,4,5,komt na,4,1,na,5,no,64,Komt,NA,NA,NA,NA,NA,NA,NA,NA,NA,NA,NA,NA,NA,NA,NA,NA,NA,NA,NA,NA,NA,NA,NA,NA,NA,NA,NA,NA,NA,NA,NA,NA,NA,NA,NA,NA,NA,NA
fb433,81,NA,trial,canvas.Screen,1_2_64_0_0,NA,NA,NA,NA,response,8753.00000000093,7828361,7828352,7828371,7837105,7837082,2022-04-16T08:18:25.656Z,7837119,NA,NA,NA,NA,NA,NA,NA,NA,NA,NA,NA,NA,NA,NA,NA,NA,NA,NA,NA,NA,NA,NA,NA,ROR,QUW,QUW,ROR,5,bevat,,,,,,,,,,2,Bevat,1,no,65,,NA,NA,yes,mousedown @yes,no,FALSE,NA,NA,NA,NA,NA,NA,NA,NA,NA,NA,NA,NA,NA,NA,NA,NA,NA,NA,NA,NA,NA,NA,NA,NA,NA,NA,NA,NA,NA,NA,NA,NA
fb433,81,NA,timer,html.Frame,1_2_64_0,NA,NA,NA,NA,NA,8713,7828355,7828352,7828371,7837084,7837084,2022-04-16T08:18:25.658Z,7837119,NA,NA,NA,NA,NA,NA,NA,NA,NA,NA,NA,NA,NA,NA,NA,NA,NA,QIX,"NAM",CUC,JIK,VIB,NA,VOK,KAH,VOK,KAH,5,bevat,,,,,,,,,,2,Bevat,1,no,65,,NA,NA,NA,NA,NA,NA,NA,NA,NA,NA,NA,NA,NA,NA,NA,NA,NA,NA,NA,NA,NA,NA,NA,NA,NA,NA,NA,NA,NA,NA,NA,NA,NA,NA,NA,NA,NA,NA
fb433,81,NA,iti,canvas.Screen,1_2_64_1,NA,NA,NA,NA,timeout,1000,7837084,7837102,7837119,7838101,7838102,2022-04-16T08:18:26.676Z,7838119,NA,NA,NA,NA,NA,NA,NA,NA,NA,NA,NA,NA,NA,NA,NA,NA,NA,NA,NA,NA,NA,NA,NA,VOK,KAH,VOK,KAH,5,bevat,,,,,,,,,,2,Bevat,1,no,65,,NA,NA,NA,NA,NA,NA,NA,NA,NA,NA,NA,NA,NA,NA,NA,NA,NA,NA,NA,NA,NA,NA,NA,NA,NA,NA,NA,NA,NA,NA,NA,NA,NA,NA,NA,NA,NA,NA
fb433,81,NA,trial_sequence,flow.Sequence,1_2_64,NA,NA,NA,NA,completion,9730,7828353,7828352,7828371,7838101,7838102,2022-04-16T08:18:26.676Z,7838119,NA,NA,NA,NA,NA,NA,NA,NA,NA,NA,NA,NA,NA,NA,NA,NA,NA,NA,NA,NA,NA,NA,NA,VOK,KAH,VOK,KAH,5,bevat,,,,,,,,,,2,Bevat,1,no,65,,NA,NA,NA,NA,NA,NA,NA,NA,NA,NA,NA,NA,NA,NA,NA,NA,NA,NA,NA,NA,NA,NA,NA,NA,NA,NA,NA,NA,NA,NA,NA,NA,NA,NA,NA,NA,NA,NA
fb433,82,NA,trial,canvas.Screen,1_2_65_0_0,NA,NA,NA,NA,response,10081,7838109,7838101,7838119,7848182,7848160,2022-04-16T08:18:36.734Z,7848202,NA,NA,NA,NA,NA,NA,NA,NA,NA,NA,NA,NA,NA,NA,NA,NA,NA,NA,NA,NA,NA,NA,NA,QIX,"NAM","NAM",QIX,5,is binnen,,,,,,,,,,2,Bevat,1,yes,66,,NA,NA,no,mousedown @no,yes,FALSE,NA,NA,NA,NA,NA,NA,NA,NA,NA,NA,NA,NA,NA,NA,NA,NA,NA,NA,NA,NA,NA,NA,NA,NA,NA,NA,NA,NA,NA,NA,NA,NA
fb433,82,NA,timer,html.Frame,1_2_65_0,NA,NA,NA,NA,NA,10042,7838104,7838101,7838119,7848161,7848162,2022-04-16T08:18:36.736Z,7848202,NA,NA,NA,NA,NA,NA,NA,NA,NA,NA,NA,NA,NA,NA,NA,NA,NA,XIB,MAZ,HAV,QUT,KEW,NA,VOK,KAH,VOK,KAH,5,is binnen,,,,,,,,,,2,Bevat,1,yes,66,,NA,NA,NA,NA,NA,NA,NA,NA,NA,NA,NA,NA,NA,NA,NA,NA,NA,NA,NA,NA,NA,NA,NA,NA,NA,NA,NA,NA,NA,NA,NA,NA,NA,NA,NA,NA,NA,NA
fb433,82,NA,iti,canvas.Screen,1_2_65_1,NA,NA,NA,NA,timeout,1001,7848162,7848186,7848202,7849186,7849187,2022-04-16T08:18:37.761Z,7849203,NA,NA,NA,NA,NA,NA,NA,NA,NA,NA,NA,NA,NA,NA,NA,NA,NA,NA,NA,NA,NA,NA,NA,VOK,KAH,VOK,KAH,5,is binnen,,,,,,,,,,2,Bevat,1,yes,66,,NA,NA,NA,NA,NA,NA,NA,NA,NA,NA,NA,NA,NA,NA,NA,NA,NA,NA,NA,NA,NA,NA,NA,NA,NA,NA,NA,NA,NA,NA,NA,NA,NA,NA,NA,NA,NA,NA
fb433,82,NA,trial_sequence,flow.Sequence,1_2_65,NA,NA,NA,NA,completion,11067,7838103,7838101,7838119,7849186,7849187,2022-04-16T08:18:37.761Z,7849203,NA,NA,NA,NA,NA,NA,NA,NA,NA,NA,NA,NA,NA,NA,NA,NA,NA,NA,NA,NA,NA,NA,NA,VOK,KAH,VOK,KAH,5,is binnen,,,,,,,,,,2,Bevat,1,yes,66,,NA,NA,NA,NA,NA,NA,NA,NA,NA,NA,NA,NA,NA,NA,NA,NA,NA,NA,NA,NA,NA,NA,NA,NA,NA,NA,NA,NA,NA,NA,NA,NA,NA,NA,NA,NA,NA,NA
fb433,83,NA,trial,canvas.Screen,1_2_66_0_0,NA,NA,NA,NA,response,20679,7849193,7849186,7849203,7869865,7869844,2022-04-16T08:18:58.418Z,7869887,NA,NA,NA,NA,NA,NA,NA,NA,NA,NA,NA,NA,NA,NA,NA,NA,NA,NA,NA,NA,NA,NA,NA,XIB,MAZ,HAV,XIB,5,bevat,2,bevat,3,,,,,,,3,binnen,1,yes,67,Is,MAZ,HAV,yes,mousedown @yes,yes,TRUE,NA,NA,NA,NA,NA,NA,NA,NA,NA,NA,NA,NA,NA,NA,NA,NA,NA,NA,NA,NA,NA,NA,NA,NA,NA,NA,NA,NA,NA,NA,NA,NA
fb433,83,NA,timer,html.Frame,1_2_66_0,NA,NA,NA,NA,NA,20642,7849189,7849186,7849203,7869845,7869845,2022-04-16T08:18:58.419Z,7869887,NA,NA,NA,NA,NA,NA,NA,NA,NA,NA,NA,NA,NA,NA,NA,NA,NA,YOZ,YOQ,XOH,XUT,WUY,31,VOK,KAH,VOK,KAH,5,bevat,2,bevat,3,,,,,,,3,binnen,1,yes,67,Is,NA,NA,NA,NA,NA,NA,NA,NA,NA,NA,NA,NA,NA,NA,NA,NA,NA,NA,NA,NA,NA,NA,NA,NA,NA,NA,NA,NA,NA,NA,NA,NA,NA,NA,NA,NA,NA,NA
fb433,83,NA,iti,canvas.Screen,1_2_66_1,NA,NA,NA,NA,timeout,1003,7869846,7869871,7869887,7870871,7870871,2022-04-16T08:18:59.445Z,7870890,NA,NA,NA,NA,NA,NA,NA,NA,NA,NA,NA,NA,NA,NA,NA,NA,NA,NA,NA,NA,NA,NA,NA,VOK,KAH,VOK,KAH,5,bevat,2,bevat,3,,,,,,,3,binnen,1,yes,67,Is,NA,NA,NA,NA,NA,NA,NA,NA,NA,NA,NA,NA,NA,NA,NA,NA,NA,NA,NA,NA,NA,NA,NA,NA,NA,NA,NA,NA,NA,NA,NA,NA,NA,NA,NA,NA,NA,NA
fb433,83,NA,trial_sequence,flow.Sequence,1_2_66,NA,NA,NA,NA,completion,21668,7849188,7849186,7849203,7870871,7870872,2022-04-16T08:18:59.445Z,7870890,NA,NA,NA,NA,NA,NA,NA,NA,NA,NA,NA,NA,NA,NA,NA,NA,NA,NA,NA,NA,NA,NA,NA,VOK,KAH,VOK,KAH,5,bevat,2,bevat,3,,,,,,,3,binnen,1,yes,67,Is,NA,NA,NA,NA,NA,NA,NA,NA,NA,NA,NA,NA,NA,NA,NA,NA,NA,NA,NA,NA,NA,NA,NA,NA,NA,NA,NA,NA,NA,NA,NA,NA,NA,NA,NA,NA,NA,NA
fb433,84,NA,trial,canvas.Screen,1_2_67_0_0,NA,NA,NA,NA,response,5985,7870880,7870871,7870890,7876856,7876833,2022-04-16T08:19:05.407Z,7876872,NA,NA,NA,NA,NA,NA,NA,NA,NA,NA,NA,NA,NA,NA,NA,NA,NA,NA,NA,NA,NA,NA,NA,YOZ,YOQ,XOH,YOZ,5,bevat,3,is binnen,2,,,,,,,3,Bevat,1,no,68,,XOH,YOQ,yes,mousedown @yes,no,FALSE,NA,NA,NA,NA,NA,NA,NA,NA,NA,NA,NA,NA,NA,NA,NA,NA,NA,NA,NA,NA,NA,NA,NA,NA,NA,NA,NA,NA,NA,NA,NA,NA
fb433,84,NA,timer,html.Frame,1_2_67_0,NA,NA,NA,NA,NA,5945,7870874,7870871,7870890,7876835,7876835,2022-04-16T08:19:05.409Z,7876872,NA,NA,NA,NA,NA,NA,NA,NA,NA,NA,NA,NA,NA,NA,NA,NA,NA,LUC,XOS,WUR,CUZ,BIZ,NA,VOK,KAH,VOK,KAH,5,bevat,3,is binnen,2,,,,,,,3,Bevat,1,no,68,,NA,NA,NA,NA,NA,NA,NA,NA,NA,NA,NA,NA,NA,NA,NA,NA,NA,NA,NA,NA,NA,NA,NA,NA,NA,NA,NA,NA,NA,NA,NA,NA,NA,NA,NA,NA,NA,NA
fb433,84,NA,iti,canvas.Screen,1_2_67_1,NA,NA,NA,NA,timeout,999,7876836,7876854,7876872,7877854,7877855,2022-04-16T08:19:06.428Z,7877871,NA,NA,NA,NA,NA,NA,NA,NA,NA,NA,NA,NA,NA,NA,NA,NA,NA,NA,NA,NA,NA,NA,NA,VOK,KAH,VOK,KAH,5,bevat,3,is binnen,2,,,,,,,3,Bevat,1,no,68,,NA,NA,NA,NA,NA,NA,NA,NA,NA,NA,NA,NA,NA,NA,NA,NA,NA,NA,NA,NA,NA,NA,NA,NA,NA,NA,NA,NA,NA,NA,NA,NA,NA,NA,NA,NA,NA,NA
fb433,84,NA,trial_sequence,flow.Sequence,1_2_67,NA,NA,NA,NA,completion,6964,7870872,7870871,7870890,7877854,7877855,2022-04-16T08:19:06.429Z,7877871,NA,NA,NA,NA,NA,NA,NA,NA,NA,NA,NA,NA,NA,NA,NA,NA,NA,NA,NA,NA,NA,NA,NA,VOK,KAH,VOK,KAH,5,bevat,3,is binnen,2,,,,,,,3,Bevat,1,no,68,,NA,NA,NA,NA,NA,NA,NA,NA,NA,NA,NA,NA,NA,NA,NA,NA,NA,NA,NA,NA,NA,NA,NA,NA,NA,NA,NA,NA,NA,NA,NA,NA,NA,NA,NA,NA,NA,NA
fb433,85,NA,trial,canvas.Screen,1_2_68_0_0,NA,NA,NA,NA,response,9310,7877859,7877854,7877871,7887164,7887140,2022-04-16T08:19:15.714Z,7887172,NA,NA,NA,NA,NA,NA,NA,NA,NA,NA,NA,NA,NA,NA,NA,NA,NA,NA,NA,NA,NA,NA,NA,LUC,XOS,LUC,WUR,5,bevat,3,is binnen,2,,,,,,,1,binnen,3,no,69,Is,WUR,XOS,yes,mousedown @yes,no,FALSE,NA,NA,NA,NA,NA,NA,NA,NA,NA,NA,NA,NA,NA,NA,NA,NA,NA,NA,NA,NA,NA,NA,NA,NA,NA,NA,NA,NA,NA,NA,NA,NA
fb433,85,NA,timer,html.Frame,1_2_68_0,NA,NA,NA,NA,NA,9271,7877856,7877854,7877871,7887142,7887142,2022-04-16T08:19:15.716Z,7887172,NA,NA,NA,NA,NA,NA,NA,NA,NA,NA,NA,NA,NA,NA,NA,NA,NA,SAV,LUF,HUR,TEJ,KIX,NA,VOK,KAH,VOK,KAH,5,bevat,3,is binnen,2,,,,,,,1,binnen,3,no,69,Is,NA,NA,NA,NA,NA,NA,NA,NA,NA,NA,NA,NA,NA,NA,NA,NA,NA,NA,NA,NA,NA,NA,NA,NA,NA,NA,NA,NA,NA,NA,NA,NA,NA,NA,NA,NA,NA,NA
fb433,85,NA,iti,canvas.Screen,1_2_68_1,NA,NA,NA,NA,timeout,1000,7887143,7887156,7887172,7888155,7888156,2022-04-16T08:19:16.729Z,7888172,NA,NA,NA,NA,NA,NA,NA,NA,NA,NA,NA,NA,NA,NA,NA,NA,NA,NA,NA,NA,NA,NA,NA,VOK,KAH,VOK,KAH,5,bevat,3,is binnen,2,,,,,,,1,binnen,3,no,69,Is,NA,NA,NA,NA,NA,NA,NA,NA,NA,NA,NA,NA,NA,NA,NA,NA,NA,NA,NA,NA,NA,NA,NA,NA,NA,NA,NA,NA,NA,NA,NA,NA,NA,NA,NA,NA,NA,NA
fb433,85,NA,trial_sequence,flow.Sequence,1_2_68,NA,NA,NA,NA,completion,10284,7877855,7877854,7877871,7888155,7888156,2022-04-16T08:19:16.729Z,7888172,NA,NA,NA,NA,NA,NA,NA,NA,NA,NA,NA,NA,NA,NA,NA,NA,NA,NA,NA,NA,NA,NA,NA,VOK,KAH,VOK,KAH,5,bevat,3,is binnen,2,,,,,,,1,binnen,3,no,69,Is,NA,NA,NA,NA,NA,NA,NA,NA,NA,NA,NA,NA,NA,NA,NA,NA,NA,NA,NA,NA,NA,NA,NA,NA,NA,NA,NA,NA,NA,NA,NA,NA,NA,NA,NA,NA,NA,NA
fb433,86,NA,trial,canvas.Screen,1_2_69_0_0,NA,NA,NA,NA,response,9648,7888162,7888155,7888172,7897803,7897779,2022-04-16T08:19:26.352Z,7897823,NA,NA,NA,NA,NA,NA,NA,NA,NA,NA,NA,NA,NA,NA,NA,NA,NA,NA,NA,NA,NA,NA,NA,SAV,LUF,HUR,SAV,5,is binnen,2,is binnen,3,,,,,,,3,Bevat,1,yes,70,,LUF,HUR,yes,mousedown @yes,yes,TRUE,NA,NA,NA,NA,NA,NA,NA,NA,NA,NA,NA,NA,NA,NA,NA,NA,NA,NA,NA,NA,NA,NA,NA,NA,NA,NA,NA,NA,NA,NA,NA,NA
fb433,86,NA,timer,html.Frame,1_2_69_0,NA,NA,NA,NA,NA,9610,7888158,7888155,7888172,7897782,7897783,2022-04-16T08:19:26.356Z,7897823,NA,NA,NA,NA,NA,NA,NA,NA,NA,NA,NA,NA,NA,NA,NA,NA,NA,XUL,FEC,SUQ,RAR,HUJ,32,VOK,KAH,VOK,KAH,5,is binnen,2,is binnen,3,,,,,,,3,Bevat,1,yes,70,,NA,NA,NA,NA,NA,NA,NA,NA,NA,NA,NA,NA,NA,NA,NA,NA,NA,NA,NA,NA,NA,NA,NA,NA,NA,NA,NA,NA,NA,NA,NA,NA,NA,NA,NA,NA,NA,NA
fb433,86,NA,iti,canvas.Screen,1_2_69_1,NA,NA,NA,NA,timeout,1000,7897783,7897806,7897823,7898807,7898807,2022-04-16T08:19:27.380Z,7898823,NA,NA,NA,NA,NA,NA,NA,NA,NA,NA,NA,NA,NA,NA,NA,NA,NA,NA,NA,NA,NA,NA,NA,VOK,KAH,VOK,KAH,5,is binnen,2,is binnen,3,,,,,,,3,Bevat,1,yes,70,,NA,NA,NA,NA,NA,NA,NA,NA,NA,NA,NA,NA,NA,NA,NA,NA,NA,NA,NA,NA,NA,NA,NA,NA,NA,NA,NA,NA,NA,NA,NA,NA,NA,NA,NA,NA,NA,NA
fb433,86,NA,trial_sequence,flow.Sequence,1_2_69,NA,NA,NA,NA,completion,10635,7888156,7888155,7888172,7898807,7898808,2022-04-16T08:19:27.381Z,7898823,NA,NA,NA,NA,NA,NA,NA,NA,NA,NA,NA,NA,NA,NA,NA,NA,NA,NA,NA,NA,NA,NA,NA,VOK,KAH,VOK,KAH,5,is binnen,2,is binnen,3,,,,,,,3,Bevat,1,yes,70,,NA,NA,NA,NA,NA,NA,NA,NA,NA,NA,NA,NA,NA,NA,NA,NA,NA,NA,NA,NA,NA,NA,NA,NA,NA,NA,NA,NA,NA,NA,NA,NA,NA,NA,NA,NA,NA,NA
fb433,87,NA,trial,canvas.Screen,1_2_70_0_0,NA,NA,NA,NA,response,9215,7898815,7898807,7898823,7908022,7907998,2022-04-16T08:19:36.571Z,7908040,NA,NA,NA,NA,NA,NA,NA,NA,NA,NA,NA,NA,NA,NA,NA,NA,NA,NA,NA,NA,NA,NA,NA,XUL,FEC,XUL,RAR,5,bevat,3,is binnen,2,3,bevat,4,,,,1,Bevat,4,yes,71,,SUQ,FEC,yes,mousedown @yes,yes,TRUE,SUQ,RAR,NA,NA,NA,NA,NA,NA,NA,NA,NA,NA,NA,NA,NA,NA,NA,NA,NA,NA,NA,NA,NA,NA,NA,NA,NA,NA,NA,NA,NA,NA
fb433,87,NA,timer,html.Frame,1_2_70_0,NA,NA,NA,NA,NA,9177,7898810,7898807,7898823,7908000,7908001,2022-04-16T08:19:36.574Z,7908040,NA,NA,NA,NA,NA,NA,NA,NA,NA,NA,NA,NA,NA,NA,NA,NA,NA,XIW,NIK,XUV,SOZ,XUB,33,VOK,KAH,VOK,KAH,5,bevat,3,is binnen,2,3,bevat,4,,,,1,Bevat,4,yes,71,,NA,NA,NA,NA,NA,NA,NA,NA,NA,NA,NA,NA,NA,NA,NA,NA,NA,NA,NA,NA,NA,NA,NA,NA,NA,NA,NA,NA,NA,NA,NA,NA,NA,NA,NA,NA,NA,NA
fb433,87,NA,iti,canvas.Screen,1_2_70_1,NA,NA,NA,NA,timeout,1002,7908001,7908024,7908040,7909024,7909024,2022-04-16T08:19:37.597Z,7909042,NA,NA,NA,NA,NA,NA,NA,NA,NA,NA,NA,NA,NA,NA,NA,NA,NA,NA,NA,NA,NA,NA,NA,VOK,KAH,VOK,KAH,5,bevat,3,is binnen,2,3,bevat,4,,,,1,Bevat,4,yes,71,,NA,NA,NA,NA,NA,NA,NA,NA,NA,NA,NA,NA,NA,NA,NA,NA,NA,NA,NA,NA,NA,NA,NA,NA,NA,NA,NA,NA,NA,NA,NA,NA,NA,NA,NA,NA,NA,NA
fb433,87,NA,trial_sequence,flow.Sequence,1_2_70,NA,NA,NA,NA,completion,10201,7898808,7898807,7898823,7909024,7909025,2022-04-16T08:19:37.598Z,7909042,NA,NA,NA,NA,NA,NA,NA,NA,NA,NA,NA,NA,NA,NA,NA,NA,NA,NA,NA,NA,NA,NA,NA,VOK,KAH,VOK,KAH,5,bevat,3,is binnen,2,3,bevat,4,,,,1,Bevat,4,yes,71,,NA,NA,NA,NA,NA,NA,NA,NA,NA,NA,NA,NA,NA,NA,NA,NA,NA,NA,NA,NA,NA,NA,NA,NA,NA,NA,NA,NA,NA,NA,NA,NA,NA,NA,NA,NA,NA,NA
fb433,88,NA,trial,canvas.Screen,1_2_71_0_0,NA,NA,NA,NA,response,9651,7909033,7909024,7909042,7918675,7918652,2022-04-16T08:19:47.225Z,7918691,NA,NA,NA,NA,NA,NA,NA,NA,NA,NA,NA,NA,NA,NA,NA,NA,NA,NA,NA,NA,NA,NA,NA,XIW,NIK,SOZ,XIW,5,bevat,3,is binnen,2,3,bevat,4,,,,4,binnen,1,yes,72,Is,XUV,NIK,no,mousedown @no,yes,FALSE,XUV,SOZ,NA,NA,NA,NA,NA,NA,NA,NA,NA,NA,NA,NA,NA,NA,NA,NA,NA,NA,NA,NA,NA,NA,NA,NA,NA,NA,NA,NA,NA,NA
fb433,88,NA,timer,html.Frame,1_2_71_0,NA,NA,NA,NA,NA,9611,7909027,7909024,7909042,7918653,7918654,2022-04-16T08:19:47.227Z,7918691,NA,NA,NA,NA,NA,NA,NA,NA,NA,NA,NA,NA,NA,NA,NA,NA,NA,WEQ,QIB,FIV,FUF,COR,NA,VOK,KAH,VOK,KAH,5,bevat,3,is binnen,2,3,bevat,4,,,,4,binnen,1,yes,72,Is,NA,NA,NA,NA,NA,NA,NA,NA,NA,NA,NA,NA,NA,NA,NA,NA,NA,NA,NA,NA,NA,NA,NA,NA,NA,NA,NA,NA,NA,NA,NA,NA,NA,NA,NA,NA,NA,NA
fb433,88,NA,iti,canvas.Screen,1_2_71_1,NA,NA,NA,NA,timeout,1000,7918654,7918675,7918691,7919675,7919675,2022-04-16T08:19:48.248Z,7919691,NA,NA,NA,NA,NA,NA,NA,NA,NA,NA,NA,NA,NA,NA,NA,NA,NA,NA,NA,NA,NA,NA,NA,VOK,KAH,VOK,KAH,5,bevat,3,is binnen,2,3,bevat,4,,,,4,binnen,1,yes,72,Is,NA,NA,NA,NA,NA,NA,NA,NA,NA,NA,NA,NA,NA,NA,NA,NA,NA,NA,NA,NA,NA,NA,NA,NA,NA,NA,NA,NA,NA,NA,NA,NA,NA,NA,NA,NA,NA,NA
fb433,88,NA,trial_sequence,flow.Sequence,1_2_71,NA,NA,NA,NA,completion,10633,7909025,7909024,7909042,7919675,7919676,2022-04-16T08:19:48.249Z,7919691,NA,NA,NA,NA,NA,NA,NA,NA,NA,NA,NA,NA,NA,NA,NA,NA,NA,NA,NA,NA,NA,NA,NA,VOK,KAH,VOK,KAH,5,bevat,3,is binnen,2,3,bevat,4,,,,4,binnen,1,yes,72,Is,NA,NA,NA,NA,NA,NA,NA,NA,NA,NA,NA,NA,NA,NA,NA,NA,NA,NA,NA,NA,NA,NA,NA,NA,NA,NA,NA,NA,NA,NA,NA,NA,NA,NA,NA,NA,NA,NA
fb433,89,NA,trial,canvas.Screen,1_2_72_0_0,NA,NA,NA,NA,response,9571,7919683,7919675,7919691,7929246,7929225,2022-04-16T08:19:57.798Z,7929259,NA,NA,NA,NA,NA,NA,NA,NA,NA,NA,NA,NA,NA,NA,NA,NA,NA,NA,NA,NA,NA,NA,NA,WEQ,QIB,FUF,WEQ,5,is binnen,3,bevat,2,4,bevat,3,,,,4,Bevat,1,yes,73,,FIV,QIB,yes,mousedown @yes,yes,TRUE,FUF,FIV,NA,NA,NA,NA,NA,NA,NA,NA,NA,NA,NA,NA,NA,NA,NA,NA,NA,NA,NA,NA,NA,NA,NA,NA,NA,NA,NA,NA,NA,NA
fb433,89,NA,timer,html.Frame,1_2_72_0,NA,NA,NA,NA,NA,9536,7919679,7919675,7919691,7929227,7929227,2022-04-16T08:19:57.800Z,7929259,NA,NA,NA,NA,NA,NA,NA,NA,NA,NA,NA,NA,NA,NA,NA,NA,NA,NUG,HUC,XEG,XOB,TUR,34,VOK,KAH,VOK,KAH,5,is binnen,3,bevat,2,4,bevat,3,,,,4,Bevat,1,yes,73,,NA,NA,NA,NA,NA,NA,NA,NA,NA,NA,NA,NA,NA,NA,NA,NA,NA,NA,NA,NA,NA,NA,NA,NA,NA,NA,NA,NA,NA,NA,NA,NA,NA,NA,NA,NA,NA,NA
fb433,89,NA,iti,canvas.Screen,1_2_72_1,NA,NA,NA,NA,timeout,1000,7929227,7929242,7929259,7930241,7930242,2022-04-16T08:19:58.814Z,7930259,NA,NA,NA,NA,NA,NA,NA,NA,NA,NA,NA,NA,NA,NA,NA,NA,NA,NA,NA,NA,NA,NA,NA,VOK,KAH,VOK,KAH,5,is binnen,3,bevat,2,4,bevat,3,,,,4,Bevat,1,yes,73,,NA,NA,NA,NA,NA,NA,NA,NA,NA,NA,NA,NA,NA,NA,NA,NA,NA,NA,NA,NA,NA,NA,NA,NA,NA,NA,NA,NA,NA,NA,NA,NA,NA,NA,NA,NA,NA,NA
fb433,89,NA,trial_sequence,flow.Sequence,1_2_72,NA,NA,NA,NA,completion,10550,7919677,7919675,7919691,7930241,7930242,2022-04-16T08:19:58.815Z,7930259,NA,NA,NA,NA,NA,NA,NA,NA,NA,NA,NA,NA,NA,NA,NA,NA,NA,NA,NA,NA,NA,NA,NA,VOK,KAH,VOK,KAH,5,is binnen,3,bevat,2,4,bevat,3,,,,4,Bevat,1,yes,73,,NA,NA,NA,NA,NA,NA,NA,NA,NA,NA,NA,NA,NA,NA,NA,NA,NA,NA,NA,NA,NA,NA,NA,NA,NA,NA,NA,NA,NA,NA,NA,NA,NA,NA,NA,NA,NA,NA
fb433,90,NA,trial,canvas.Screen,1_2_73_0_0,NA,NA,NA,NA,response,10112,7930250,7930241,7930259,7940353,7940329,2022-04-16T08:20:08.902Z,7940375,NA,NA,NA,NA,NA,NA,NA,NA,NA,NA,NA,NA,NA,NA,NA,NA,NA,NA,NA,NA,NA,NA,NA,NUG,HUC,NUG,XOB,5,is binnen,3,bevat,2,4,bevat,3,,,,1,binnen,4,yes,74,Is,XEG,HUC,yes,mousedown @yes,yes,TRUE,XOB,XEG,NA,NA,NA,NA,NA,NA,NA,NA,NA,NA,NA,NA,NA,NA,NA,NA,NA,NA,NA,NA,NA,NA,NA,NA,NA,NA,NA,NA,NA,NA
fb433,90,NA,timer,html.Frame,1_2_73_0,NA,NA,NA,NA,NA,10072,7930245,7930241,7930259,7940331,7940331,2022-04-16T08:20:08.904Z,7940375,NA,NA,NA,NA,NA,NA,NA,NA,NA,NA,NA,NA,NA,NA,NA,NA,NA,JEC,CUF,FUH,VAZ,WOJ,35,VOK,KAH,VOK,KAH,5,is binnen,3,bevat,2,4,bevat,3,,,,1,binnen,4,yes,74,Is,NA,NA,NA,NA,NA,NA,NA,NA,NA,NA,NA,NA,NA,NA,NA,NA,NA,NA,NA,NA,NA,NA,NA,NA,NA,NA,NA,NA,NA,NA,NA,NA,NA,NA,NA,NA,NA,NA
fb433,90,NA,iti,canvas.Screen,1_2_73_1,NA,NA,NA,NA,timeout,1000,7940331,7940359,7940375,7941358,7941359,2022-04-16T08:20:09.931Z,7941375,NA,NA,NA,NA,NA,NA,NA,NA,NA,NA,NA,NA,NA,NA,NA,NA,NA,NA,NA,NA,NA,NA,NA,VOK,KAH,VOK,KAH,5,is binnen,3,bevat,2,4,bevat,3,,,,1,binnen,4,yes,74,Is,NA,NA,NA,NA,NA,NA,NA,NA,NA,NA,NA,NA,NA,NA,NA,NA,NA,NA,NA,NA,NA,NA,NA,NA,NA,NA,NA,NA,NA,NA,NA,NA,NA,NA,NA,NA,NA,NA
fb433,90,NA,trial_sequence,flow.Sequence,1_2_73,NA,NA,NA,NA,completion,11099,7930243,7930241,7930259,7941358,7941359,2022-04-16T08:20:09.932Z,7941375,NA,NA,NA,NA,NA,NA,NA,NA,NA,NA,NA,NA,NA,NA,NA,NA,NA,NA,NA,NA,NA,NA,NA,VOK,KAH,VOK,KAH,5,is binnen,3,bevat,2,4,bevat,3,,,,1,binnen,4,yes,74,Is,NA,NA,NA,NA,NA,NA,NA,NA,NA,NA,NA,NA,NA,NA,NA,NA,NA,NA,NA,NA,NA,NA,NA,NA,NA,NA,NA,NA,NA,NA,NA,NA,NA,NA,NA,NA,NA,NA
fb433,91,NA,trial,canvas.Screen,1_2_74_0_0,NA,NA,NA,NA,response,15415,7941366,7941358,7941375,7956773,7956749,2022-04-16T08:20:25.321Z,7956793,NA,NA,NA,NA,NA,NA,NA,NA,NA,NA,NA,NA,NA,NA,NA,NA,NA,NA,NA,NA,NA,NA,NA,JEC,CUF,JEC,VAZ,5,is binnen,2,is binnen,3,4,bevat,3,,,,1,Bevat,4,no,75,,CUF,FUH,yes,mousedown @yes,no,FALSE,VAZ,FUH,NA,NA,NA,NA,NA,NA,NA,NA,NA,NA,NA,NA,NA,NA,NA,NA,NA,NA,NA,NA,NA,NA,NA,NA,NA,NA,NA,NA,NA,NA
fb433,91,NA,timer,html.Frame,1_2_74_0,NA,NA,NA,NA,NA,15375,7941361,7941358,7941375,7956750,7956751,2022-04-16T08:20:25.323Z,7956793,NA,NA,NA,NA,NA,NA,NA,NA,NA,NA,NA,NA,NA,NA,NA,NA,NA,SEJ,FOM,PAV,XIK,RUF,NA,VOK,KAH,VOK,KAH,5,is binnen,2,is binnen,3,4,bevat,3,,,,1,Bevat,4,no,75,,NA,NA,NA,NA,NA,NA,NA,NA,NA,NA,NA,NA,NA,NA,NA,NA,NA,NA,NA,NA,NA,NA,NA,NA,NA,NA,NA,NA,NA,NA,NA,NA,NA,NA,NA,NA,NA,NA
fb433,91,NA,iti,canvas.Screen,1_2_74_1,NA,NA,NA,NA,timeout,1001,7956751,7956777,7956793,7957777,7957778,2022-04-16T08:20:26.350Z,7957794,NA,NA,NA,NA,NA,NA,NA,NA,NA,NA,NA,NA,NA,NA,NA,NA,NA,NA,NA,NA,NA,NA,NA,VOK,KAH,VOK,KAH,5,is binnen,2,is binnen,3,4,bevat,3,,,,1,Bevat,4,no,75,,NA,NA,NA,NA,NA,NA,NA,NA,NA,NA,NA,NA,NA,NA,NA,NA,NA,NA,NA,NA,NA,NA,NA,NA,NA,NA,NA,NA,NA,NA,NA,NA,NA,NA,NA,NA,NA,NA
fb433,91,NA,trial_sequence,flow.Sequence,1_2_74,NA,NA,NA,NA,completion,16402,7941360,7941358,7941375,7957777,7957778,2022-04-16T08:20:26.351Z,7957794,NA,NA,NA,NA,NA,NA,NA,NA,NA,NA,NA,NA,NA,NA,NA,NA,NA,NA,NA,NA,NA,NA,NA,VOK,KAH,VOK,KAH,5,is binnen,2,is binnen,3,4,bevat,3,,,,1,Bevat,4,no,75,,NA,NA,NA,NA,NA,NA,NA,NA,NA,NA,NA,NA,NA,NA,NA,NA,NA,NA,NA,NA,NA,NA,NA,NA,NA,NA,NA,NA,NA,NA,NA,NA,NA,NA,NA,NA,NA,NA
fb433,92,NA,trial,canvas.Screen,1_2_75_0_0,NA,NA,NA,NA,response,16210,7957786,7957777,7957794,7973987,7973965,2022-04-16T08:20:42.537Z,7973994,NA,NA,NA,NA,NA,NA,NA,NA,NA,NA,NA,NA,NA,NA,NA,NA,NA,NA,NA,NA,NA,NA,NA,SEJ,FOM,XIK,SEJ,5,is binnen,2,is binnen,3,4,bevat,3,,,,4,binnen,1,no,76,Is,FOM,PAV,yes,mousedown @yes,no,FALSE,XIK,PAV,NA,NA,NA,NA,NA,NA,NA,NA,NA,NA,NA,NA,NA,NA,NA,NA,NA,NA,NA,NA,NA,NA,NA,NA,NA,NA,NA,NA,NA,NA
fb433,92,NA,timer,html.Frame,1_2_75_0,NA,NA,NA,NA,NA,16172,7957781,7957777,7957794,7973966,7973966,2022-04-16T08:20:42.538Z,7973994,NA,NA,NA,NA,NA,NA,NA,NA,NA,NA,NA,NA,NA,NA,NA,NA,NA,YUD,KEQ,DEZ,SIJ,YUH,NA,VOK,KAH,VOK,KAH,5,is binnen,2,is binnen,3,4,bevat,3,,,,4,binnen,1,no,76,Is,NA,NA,NA,NA,NA,NA,NA,NA,NA,NA,NA,NA,NA,NA,NA,NA,NA,NA,NA,NA,NA,NA,NA,NA,NA,NA,NA,NA,NA,NA,NA,NA,NA,NA,NA,NA,NA,NA
fb433,92,NA,iti,canvas.Screen,1_2_75_1,NA,NA,NA,NA,timeout,1002,7973966,7973978,7973994,7974978,7974979,2022-04-16T08:20:43.551Z,7974996,NA,NA,NA,NA,NA,NA,NA,NA,NA,NA,NA,NA,NA,NA,NA,NA,NA,NA,NA,NA,NA,NA,NA,VOK,KAH,VOK,KAH,5,is binnen,2,is binnen,3,4,bevat,3,,,,4,binnen,1,no,76,Is,NA,NA,NA,NA,NA,NA,NA,NA,NA,NA,NA,NA,NA,NA,NA,NA,NA,NA,NA,NA,NA,NA,NA,NA,NA,NA,NA,NA,NA,NA,NA,NA,NA,NA,NA,NA,NA,NA
fb433,92,NA,trial_sequence,flow.Sequence,1_2_75,NA,NA,NA,NA,completion,17184,7957779,7957777,7957794,7974978,7974980,2022-04-16T08:20:43.552Z,7974996,NA,NA,NA,NA,NA,NA,NA,NA,NA,NA,NA,NA,NA,NA,NA,NA,NA,NA,NA,NA,NA,NA,NA,VOK,KAH,VOK,KAH,5,is binnen,2,is binnen,3,4,bevat,3,,,,4,binnen,1,no,76,Is,NA,NA,NA,NA,NA,NA,NA,NA,NA,NA,NA,NA,NA,NA,NA,NA,NA,NA,NA,NA,NA,NA,NA,NA,NA,NA,NA,NA,NA,NA,NA,NA,NA,NA,NA,NA,NA,NA
fb433,93,NA,trial,canvas.Screen,1_2_76_0_0,NA,NA,NA,NA,response,15768,7974986,7974978,7974996,7990746,7990721,2022-04-16T08:20:59.293Z,7990763,NA,NA,NA,NA,NA,NA,NA,NA,NA,NA,NA,NA,NA,NA,NA,NA,NA,NA,NA,NA,NA,NA,NA,YUD,KEQ,YUD,YUH,5,bevat,3,is binnen,2,3,bevat,4,5,is binnen,4,1,Bevat,5,yes,77,,DEZ,KEQ,yes,mousedown @yes,yes,TRUE,DEZ,SIJ,YUH,SIJ,NA,NA,NA,NA,NA,NA,NA,NA,NA,NA,NA,NA,NA,NA,NA,NA,NA,NA,NA,NA,NA,NA,NA,NA,NA,NA,NA,NA
fb433,93,NA,timer,html.Frame,1_2_76_0,NA,NA,NA,NA,NA,15727,7974982,7974978,7974996,7990723,7990724,2022-04-16T08:20:59.295Z,7990763,NA,NA,NA,NA,NA,NA,NA,NA,NA,NA,NA,NA,NA,NA,NA,NA,NA,SAZ,ROX,QOD,CIG,YOT,36,VOK,KAH,VOK,KAH,5,bevat,3,is binnen,2,3,bevat,4,5,is binnen,4,1,Bevat,5,yes,77,,NA,NA,NA,NA,NA,NA,NA,NA,NA,NA,NA,NA,NA,NA,NA,NA,NA,NA,NA,NA,NA,NA,NA,NA,NA,NA,NA,NA,NA,NA,NA,NA,NA,NA,NA,NA,NA,NA
fb433,93,NA,iti,canvas.Screen,1_2_76_1,NA,NA,NA,NA,timeout,999,7990724,7990746,7990763,7991746,7991747,2022-04-16T08:21:00.319Z,7991762,NA,NA,NA,NA,NA,NA,NA,NA,NA,NA,NA,NA,NA,NA,NA,NA,NA,NA,NA,NA,NA,NA,NA,VOK,KAH,VOK,KAH,5,bevat,3,is binnen,2,3,bevat,4,5,is binnen,4,1,Bevat,5,yes,77,,NA,NA,NA,NA,NA,NA,NA,NA,NA,NA,NA,NA,NA,NA,NA,NA,NA,NA,NA,NA,NA,NA,NA,NA,NA,NA,NA,NA,NA,NA,NA,NA,NA,NA,NA,NA,NA,NA
fb433,93,NA,trial_sequence,flow.Sequence,1_2_76,NA,NA,NA,NA,completion,16750,7974980,7974978,7974996,7991746,7991747,2022-04-16T08:21:00.319Z,7991762,NA,NA,NA,NA,NA,NA,NA,NA,NA,NA,NA,NA,NA,NA,NA,NA,NA,NA,NA,NA,NA,NA,NA,VOK,KAH,VOK,KAH,5,bevat,3,is binnen,2,3,bevat,4,5,is binnen,4,1,Bevat,5,yes,77,,NA,NA,NA,NA,NA,NA,NA,NA,NA,NA,NA,NA,NA,NA,NA,NA,NA,NA,NA,NA,NA,NA,NA,NA,NA,NA,NA,NA,NA,NA,NA,NA,NA,NA,NA,NA,NA,NA
fb433,94,NA,trial,canvas.Screen,1_2_77_0_0,NA,NA,NA,NA,response,12842,7991753,7991746,7991762,8004588,8004563,2022-04-16T08:21:13.134Z,8004597,NA,NA,NA,NA,NA,NA,NA,NA,NA,NA,NA,NA,NA,NA,NA,NA,NA,NA,NA,NA,NA,NA,NA,SAZ,ROX,YOT,SAZ,5,bevat,3,is binnen,2,3,bevat,4,4,bevat,5,5,Bevat,1,no,78,,QOD,ROX,yes,mousedown @yes,no,FALSE,QOD,CIG,CIG,YOT,NA,NA,NA,NA,NA,NA,NA,NA,NA,NA,NA,NA,NA,NA,NA,NA,NA,NA,NA,NA,NA,NA,NA,NA,NA,NA,NA,NA
fb433,94,NA,timer,html.Frame,1_2_77_0,NA,NA,NA,NA,NA,12802,7991749,7991746,7991762,8004564,8004565,2022-04-16T08:21:13.136Z,8004597,NA,NA,NA,NA,NA,NA,NA,NA,NA,NA,NA,NA,NA,NA,NA,NA,NA,QUX,NUC,CIZ,JUP,LAN,NA,VOK,KAH,VOK,KAH,5,bevat,3,is binnen,2,3,bevat,4,4,bevat,5,5,Bevat,1,no,78,,NA,NA,NA,NA,NA,NA,NA,NA,NA,NA,NA,NA,NA,NA,NA,NA,NA,NA,NA,NA,NA,NA,NA,NA,NA,NA,NA,NA,NA,NA,NA,NA,NA,NA,NA,NA,NA,NA
fb433,94,NA,iti,canvas.Screen,1_2_77_1,NA,NA,NA,NA,timeout,1001,8004565,8004580,8004597,8005581,8005581,2022-04-16T08:21:14.153Z,8005598,NA,NA,NA,NA,NA,NA,NA,NA,NA,NA,NA,NA,NA,NA,NA,NA,NA,NA,NA,NA,NA,NA,NA,VOK,KAH,VOK,KAH,5,bevat,3,is binnen,2,3,bevat,4,4,bevat,5,5,Bevat,1,no,78,,NA,NA,NA,NA,NA,NA,NA,NA,NA,NA,NA,NA,NA,NA,NA,NA,NA,NA,NA,NA,NA,NA,NA,NA,NA,NA,NA,NA,NA,NA,NA,NA,NA,NA,NA,NA,NA,NA
fb433,94,NA,trial_sequence,flow.Sequence,1_2_77,NA,NA,NA,NA,completion,13819,7991748,7991746,7991762,8005581,8005582,2022-04-16T08:21:14.153Z,8005598,NA,NA,NA,NA,NA,NA,NA,NA,NA,NA,NA,NA,NA,NA,NA,NA,NA,NA,NA,NA,NA,NA,NA,VOK,KAH,VOK,KAH,5,bevat,3,is binnen,2,3,bevat,4,4,bevat,5,5,Bevat,1,no,78,,NA,NA,NA,NA,NA,NA,NA,NA,NA,NA,NA,NA,NA,NA,NA,NA,NA,NA,NA,NA,NA,NA,NA,NA,NA,NA,NA,NA,NA,NA,NA,NA,NA,NA,NA,NA,NA,NA
fb433,95,NA,trial,canvas.Screen,1_2_78_0_0,NA,NA,NA,NA,response,9561,8005589,8005581,8005598,8015142,8015117,2022-04-16T08:21:23.689Z,8015164,NA,NA,NA,NA,NA,NA,NA,NA,NA,NA,NA,NA,NA,NA,NA,NA,NA,NA,NA,NA,NA,NA,NA,QUX,NUC,LAN,QUX,5,is binnen,3,bevat,2,4,bevat,3,5,bevat,4,5,binnen,1,no,79,Is,CIZ,NUC,yes,mousedown @yes,no,FALSE,JUP,CIZ,LAN,JUP,NA,NA,NA,NA,NA,NA,NA,NA,NA,NA,NA,NA,NA,NA,NA,NA,NA,NA,NA,NA,NA,NA,NA,NA,NA,NA,NA,NA
fb433,95,NA,timer,html.Frame,1_2_78_0,NA,NA,NA,NA,NA,9522,8005584,8005581,8005598,8015120,8015120,2022-04-16T08:21:23.692Z,8015164,NA,NA,NA,NA,NA,NA,NA,NA,NA,NA,NA,NA,NA,NA,NA,NA,NA,WUF,JUC,VOQ,VEK,FAF,NA,VOK,KAH,VOK,KAH,5,is binnen,3,bevat,2,4,bevat,3,5,bevat,4,5,binnen,1,no,79,Is,NA,NA,NA,NA,NA,NA,NA,NA,NA,NA,NA,NA,NA,NA,NA,NA,NA,NA,NA,NA,NA,NA,NA,NA,NA,NA,NA,NA,NA,NA,NA,NA,NA,NA,NA,NA,NA,NA
fb433,95,NA,iti,canvas.Screen,1_2_78_1,NA,NA,NA,NA,timeout,1001,8015121,8015148,8015164,8016148,8016149,2022-04-16T08:21:24.720Z,8016165,NA,NA,NA,NA,NA,NA,NA,NA,NA,NA,NA,NA,NA,NA,NA,NA,NA,NA,NA,NA,NA,NA,NA,VOK,KAH,VOK,KAH,5,is binnen,3,bevat,2,4,bevat,3,5,bevat,4,5,binnen,1,no,79,Is,NA,NA,NA,NA,NA,NA,NA,NA,NA,NA,NA,NA,NA,NA,NA,NA,NA,NA,NA,NA,NA,NA,NA,NA,NA,NA,NA,NA,NA,NA,NA,NA,NA,NA,NA,NA,NA,NA
fb433,95,NA,trial_sequence,flow.Sequence,1_2_78,NA,NA,NA,NA,completion,10550,8005582,8005581,8005598,8016148,8016149,2022-04-16T08:21:24.721Z,8016165,NA,NA,NA,NA,NA,NA,NA,NA,NA,NA,NA,NA,NA,NA,NA,NA,NA,NA,NA,NA,NA,NA,NA,VOK,KAH,VOK,KAH,5,is binnen,3,bevat,2,4,bevat,3,5,bevat,4,5,binnen,1,no,79,Is,NA,NA,NA,NA,NA,NA,NA,NA,NA,NA,NA,NA,NA,NA,NA,NA,NA,NA,NA,NA,NA,NA,NA,NA,NA,NA,NA,NA,NA,NA,NA,NA,NA,NA,NA,NA,NA,NA
fb433,96,NA,trial,canvas.Screen,1_2_79_0_0,NA,NA,NA,NA,response,5663.00000000093,8016157,8016148,8016165,8021811,8021785,2022-04-16T08:21:30.356Z,8021814,NA,NA,NA,NA,NA,NA,NA,NA,NA,NA,NA,NA,NA,NA,NA,NA,NA,NA,NA,NA,NA,NA,NA,WUF,JUC,WUF,FAF,5,is binnen,2,is binnen,3,4,bevat,3,5,bevat,4,1,binnen,5,yes,80,Is,JUC,VOQ,yes,mousedown @yes,yes,TRUE,VEK,VOQ,FAF,VEK,NA,NA,NA,NA,NA,NA,NA,NA,NA,NA,NA,NA,NA,NA,NA,NA,NA,NA,NA,NA,NA,NA,NA,NA,NA,NA,NA,NA
fb433,96,NA,timer,html.Frame,1_2_79_0,NA,NA,NA,NA,NA,5622,8016152,8016148,8016165,8021787,8021787,2022-04-16T08:21:30.358Z,8021814,NA,NA,NA,NA,NA,NA,NA,NA,NA,NA,NA,NA,NA,NA,NA,NA,NA,KUP,DEF,XAJ,XAX,DAV,37,VOK,KAH,VOK,KAH,5,is binnen,2,is binnen,3,4,bevat,3,5,bevat,4,1,binnen,5,yes,80,Is,NA,NA,NA,NA,NA,NA,NA,NA,NA,NA,NA,NA,NA,NA,NA,NA,NA,NA,NA,NA,NA,NA,NA,NA,NA,NA,NA,NA,NA,NA,NA,NA,NA,NA,NA,NA,NA,NA
fb433,96,NA,iti,canvas.Screen,1_2_79_1,NA,NA,NA,NA,timeout,1051,8021787,8021797,8021814,8022799,8022799,2022-04-16T08:21:31.370Z,8022865,NA,NA,NA,NA,NA,NA,NA,NA,NA,NA,NA,NA,NA,NA,NA,NA,NA,NA,NA,NA,NA,NA,NA,VOK,KAH,VOK,KAH,5,is binnen,2,is binnen,3,4,bevat,3,5,bevat,4,1,binnen,5,yes,80,Is,NA,NA,NA,NA,NA,NA,NA,NA,NA,NA,NA,NA,NA,NA,NA,NA,NA,NA,NA,NA,NA,NA,NA,NA,NA,NA,NA,NA,NA,NA,NA,NA,NA,NA,NA,NA,NA,NA
fb433,96,NA,trial_sequence,flow.Sequence,1_2_79,NA,NA,NA,NA,completion,6634,8016150,8016148,8016165,8022799,8022799,2022-04-16T08:21:31.371Z,8022865,NA,NA,NA,NA,NA,NA,NA,NA,NA,NA,NA,NA,NA,NA,NA,NA,NA,NA,NA,NA,NA,NA,NA,VOK,KAH,VOK,KAH,5,is binnen,2,is binnen,3,4,bevat,3,5,bevat,4,1,binnen,5,yes,80,Is,NA,NA,NA,NA,NA,NA,NA,NA,NA,NA,NA,NA,NA,NA,NA,NA,NA,NA,NA,NA,NA,NA,NA,NA,NA,NA,NA,NA,NA,NA,NA,NA,NA,NA,NA,NA,NA,NA
fb433,96,NA,standard_trial_list,flow.Loop,1_2,NA,NA,NA,NA,completion,1411165,6611568,6611600,6611634,8022799,8022800,2022-04-16T08:21:31.371Z,8022865,NA,NA,NA,NA,NA,NA,NA,NA,NA,NA,NA,NA,NA,NA,NA,NA,NA,NA,NA,NA,NA,NA,NA,VOK,KAH,VOK,KAH,NA,NA,NA,NA,NA,NA,NA,NA,NA,NA,NA,NA,NA,NA,NA,NA,NA,NA,NA,NA,NA,NA,NA,NA,NA,NA,NA,NA,NA,NA,NA,NA,NA,NA,NA,NA,NA,NA,NA,NA,NA,NA,NA,NA,NA,NA,NA,NA,NA,NA,NA,NA,NA,NA,NA
fb433,97,NA,trial,canvas.Screen,1_3_0_0_0,NA,NA,NA,NA,response,15218,8022849,8022799,8022865,8038017,8037992,2022-04-16T08:21:46.563Z,8038033,NA,NA,NA,NA,NA,NA,NA,NA,NA,NA,NA,NA,NA,NA,NA,NA,NA,KEC,RAC,HOS,MIW,NA,NA,KEC,RAC,KEC,RAC,6,is hetzelfde als,NA,is hetzelfde als,NA,NA,NA,NA,NA,NA,NA,1,hetzelfde als,2,yes,81,NA,HOS,MIW,yes,mousedown @yes,yes,TRUE,NA,NA,NA,NA,HOS,MIW,3,4,NA,NA,NA,NA,NA,NA,NA,NA,NA,NA,NA,NA,NA,NA,NA,NA,NA,NA,NA,NA,NA,NA,NA,NA
fb433,97,NA,timer,html.Frame,1_3_0_0,NA,NA,NA,NA,NA,15130,8022846,8022799,8022865,8037995,8037995,2022-04-16T08:21:46.566Z,8038033,NA,NA,NA,NA,NA,NA,NA,NA,NA,NA,NA,NA,NA,NA,NA,NA,NA,GOF,SUW,BAP,SUT,NA,38,KEC,RAC,KEC,RAC,6,is hetzelfde als,NA,is hetzelfde als,NA,NA,NA,NA,NA,NA,NA,1,hetzelfde als,2,yes,81,NA,HOS,MIW,NA,NA,NA,NA,NA,NA,NA,NA,HOS,MIW,3,4,NA,NA,NA,NA,NA,NA,NA,NA,NA,NA,NA,NA,NA,NA,NA,NA,NA,NA,NA,NA,NA,NA,NA,NA
fb433,97,NA,iti,canvas.Screen,1_3_0_1,NA,NA,NA,NA,timeout,999,8037996,8038016,8038033,8039016,8039017,2022-04-16T08:21:47.588Z,8039032,NA,NA,NA,NA,NA,NA,NA,NA,NA,NA,NA,NA,NA,NA,NA,NA,NA,NA,NA,NA,NA,NA,NA,KEC,RAC,KEC,RAC,6,is hetzelfde als,NA,is hetzelfde als,NA,NA,NA,NA,NA,NA,NA,1,hetzelfde als,2,yes,81,NA,HOS,MIW,NA,NA,NA,NA,NA,NA,NA,NA,HOS,MIW,3,4,NA,NA,NA,NA,NA,NA,NA,NA,NA,NA,NA,NA,NA,NA,NA,NA,NA,NA,NA,NA,NA,NA,NA,NA
fb433,97,NA,trial_sequence,flow.Sequence,1_3_0,NA,NA,NA,NA,completion,16151,8022845,8022799,8022865,8039016,8039017,2022-04-16T08:21:47.588Z,8039032,NA,NA,NA,NA,NA,NA,NA,NA,NA,NA,NA,NA,NA,NA,NA,NA,NA,NA,NA,NA,NA,NA,NA,KEC,RAC,KEC,RAC,6,is hetzelfde als,NA,is hetzelfde als,NA,NA,NA,NA,NA,NA,NA,1,hetzelfde als,2,yes,81,NA,HOS,MIW,NA,NA,NA,NA,NA,NA,NA,NA,HOS,MIW,3,4,NA,NA,NA,NA,NA,NA,NA,NA,NA,NA,NA,NA,NA,NA,NA,NA,NA,NA,NA,NA,NA,NA,NA,NA
fb433,98,NA,trial,canvas.Screen,1_3_1_0_0,NA,NA,NA,NA,response,10447,8039024,8039016,8039032,8049463,8049437,2022-04-16T08:21:58.008Z,8049467,NA,NA,NA,NA,NA,NA,NA,NA,NA,NA,NA,NA,NA,NA,NA,NA,NA,NA,NA,NA,NA,NA,NA,GOF,SUW,GOF,SUW,6,is hetzelfde als,NA,is hetzelfde als,NA,NA,NA,NA,NA,NA,NA,1,het tegenovergestelde van,2,no,82,NA,BAP,SUT,no,mousedown @no,no,TRUE,NA,NA,NA,NA,BAP,SUT,4,3,NA,NA,NA,NA,NA,NA,NA,NA,NA,NA,NA,NA,NA,NA,NA,NA,NA,NA,NA,NA,NA,NA,NA,NA
fb433,98,NA,timer,html.Frame,1_3_1_0,NA,NA,NA,NA,NA,10406,8039020,8039016,8039032,8049438,8049439,2022-04-16T08:21:58.009Z,8049467,NA,NA,NA,NA,NA,NA,NA,NA,NA,NA,NA,NA,NA,NA,NA,NA,NA,XEJ,QUJ,SIH,CEX,NA,39,KEC,RAC,KEC,RAC,6,is hetzelfde als,NA,is hetzelfde als,NA,NA,NA,NA,NA,NA,NA,1,het tegenovergestelde van,2,no,82,NA,HOS,MIW,NA,NA,NA,NA,NA,NA,NA,NA,HOS,MIW,4,3,NA,NA,NA,NA,NA,NA,NA,NA,NA,NA,NA,NA,NA,NA,NA,NA,NA,NA,NA,NA,NA,NA,NA,NA
fb433,98,NA,iti,canvas.Screen,1_3_1_1,NA,NA,NA,NA,timeout,999,8049439,8049449,8049467,8050450,8050451,2022-04-16T08:21:59.022Z,8050466,NA,NA,NA,NA,NA,NA,NA,NA,NA,NA,NA,NA,NA,NA,NA,NA,NA,NA,NA,NA,NA,NA,NA,KEC,RAC,KEC,RAC,6,is hetzelfde als,NA,is hetzelfde als,NA,NA,NA,NA,NA,NA,NA,1,het tegenovergestelde van,2,no,82,NA,HOS,MIW,NA,NA,NA,NA,NA,NA,NA,NA,HOS,MIW,4,3,NA,NA,NA,NA,NA,NA,NA,NA,NA,NA,NA,NA,NA,NA,NA,NA,NA,NA,NA,NA,NA,NA,NA,NA
fb433,98,NA,trial_sequence,flow.Sequence,1_3_1,NA,NA,NA,NA,completion,11418,8039018,8039016,8039032,8050450,8050451,2022-04-16T08:21:59.022Z,8050466,NA,NA,NA,NA,NA,NA,NA,NA,NA,NA,NA,NA,NA,NA,NA,NA,NA,NA,NA,NA,NA,NA,NA,KEC,RAC,KEC,RAC,6,is hetzelfde als,NA,is hetzelfde als,NA,NA,NA,NA,NA,NA,NA,1,het tegenovergestelde van,2,no,82,NA,HOS,MIW,NA,NA,NA,NA,NA,NA,NA,NA,HOS,MIW,4,3,NA,NA,NA,NA,NA,NA,NA,NA,NA,NA,NA,NA,NA,NA,NA,NA,NA,NA,NA,NA,NA,NA,NA,NA
fb433,99,NA,trial,canvas.Screen,1_3_2_0_0,NA,NA,NA,NA,response,11948,8050456,8050450,8050466,8062398,8062372,2022-04-16T08:22:10.942Z,8062417,NA,NA,NA,NA,NA,NA,NA,NA,NA,NA,NA,NA,NA,NA,NA,NA,NA,NA,NA,NA,NA,NA,NA,XEJ,QUJ,QUJ,XEJ,6,is hetzelfde als,NA,is hetzelfde als,NA,NA,NA,NA,NA,NA,NA,2,het tegenovergestelde van,1,no,83,NA,SIH,CEX,no,mousedown @no,no,TRUE,NA,NA,NA,NA,SIH,CEX,4,3,NA,NA,NA,NA,NA,NA,NA,NA,NA,NA,NA,NA,NA,NA,NA,NA,NA,NA,NA,NA,NA,NA,NA,NA
fb433,99,NA,timer,html.Frame,1_3_2_0,NA,NA,NA,NA,NA,11907.0000000009,8050453,8050450,8050466,8062373,8062373,2022-04-16T08:22:10.944Z,8062417,NA,NA,NA,NA,NA,NA,NA,NA,NA,NA,NA,NA,NA,NA,NA,NA,NA,XUD,FIM,WOH,JUQ,NA,40,KEC,RAC,KEC,RAC,6,is hetzelfde als,NA,is hetzelfde als,NA,NA,NA,NA,NA,NA,NA,2,het tegenovergestelde van,1,no,83,NA,HOS,MIW,NA,NA,NA,NA,NA,NA,NA,NA,HOS,MIW,4,3,NA,NA,NA,NA,NA,NA,NA,NA,NA,NA,NA,NA,NA,NA,NA,NA,NA,NA,NA,NA,NA,NA,NA,NA
fb433,99,NA,iti,canvas.Screen,1_3_2_1,NA,NA,NA,NA,timeout,1001,8062374,8062400,8062417,8063400,8063401,2022-04-16T08:22:11.972Z,8063418,NA,NA,NA,NA,NA,NA,NA,NA,NA,NA,NA,NA,NA,NA,NA,NA,NA,NA,NA,NA,NA,NA,NA,KEC,RAC,KEC,RAC,6,is hetzelfde als,NA,is hetzelfde als,NA,NA,NA,NA,NA,NA,NA,2,het tegenovergestelde van,1,no,83,NA,HOS,MIW,NA,NA,NA,NA,NA,NA,NA,NA,HOS,MIW,4,3,NA,NA,NA,NA,NA,NA,NA,NA,NA,NA,NA,NA,NA,NA,NA,NA,NA,NA,NA,NA,NA,NA,NA,NA
fb433,99,NA,trial_sequence,flow.Sequence,1_3_2,NA,NA,NA,NA,completion,12934,8050452,8050450,8050466,8063400,8063401,2022-04-16T08:22:11.972Z,8063418,NA,NA,NA,NA,NA,NA,NA,NA,NA,NA,NA,NA,NA,NA,NA,NA,NA,NA,NA,NA,NA,NA,NA,KEC,RAC,KEC,RAC,6,is hetzelfde als,NA,is hetzelfde als,NA,NA,NA,NA,NA,NA,NA,2,het tegenovergestelde van,1,no,83,NA,HOS,MIW,NA,NA,NA,NA,NA,NA,NA,NA,HOS,MIW,4,3,NA,NA,NA,NA,NA,NA,NA,NA,NA,NA,NA,NA,NA,NA,NA,NA,NA,NA,NA,NA,NA,NA,NA,NA
fb433,100,NA,trial,canvas.Screen,1_3_3_0_0,NA,NA,NA,NA,response,13650,8063406,8063400,8063418,8077050,8077024,2022-04-16T08:22:25.594Z,8077069,NA,NA,NA,NA,NA,NA,NA,NA,NA,NA,NA,NA,NA,NA,NA,NA,NA,NA,NA,NA,NA,NA,NA,XUD,FIM,XUD,FIM,6,is hetzelfde als,NA,is het tegenovergestelde van,NA,NA,NA,NA,NA,NA,NA,1,hetzelfde als,2,no,84,NA,WOH,JUQ,no,mousedown @no,no,TRUE,NA,NA,NA,NA,WOH,JUQ,4,3,NA,NA,NA,NA,NA,NA,NA,NA,NA,NA,NA,NA,NA,NA,NA,NA,NA,NA,NA,NA,NA,NA,NA,NA
fb433,100,NA,timer,html.Frame,1_3_3_0,NA,NA,NA,NA,NA,13608,8063403,8063400,8063418,8077026,8077026,2022-04-16T08:22:25.597Z,8077069,NA,NA,NA,NA,NA,NA,NA,NA,NA,NA,NA,NA,NA,NA,NA,NA,NA,FUY,KOJ,HUY,QEM,NA,41,KEC,RAC,KEC,RAC,6,is hetzelfde als,NA,is het tegenovergestelde van,NA,NA,NA,NA,NA,NA,NA,1,hetzelfde als,2,no,84,NA,HOS,MIW,NA,NA,NA,NA,NA,NA,NA,NA,HOS,MIW,4,3,NA,NA,NA,NA,NA,NA,NA,NA,NA,NA,NA,NA,NA,NA,NA,NA,NA,NA,NA,NA,NA,NA,NA,NA
fb433,100,NA,iti,canvas.Screen,1_3_3_1,NA,NA,NA,NA,timeout,1001,8077026,8077052,8077069,8078052,8078053,2022-04-16T08:22:26.623Z,8078070,NA,NA,NA,NA,NA,NA,NA,NA,NA,NA,NA,NA,NA,NA,NA,NA,NA,NA,NA,NA,NA,NA,NA,KEC,RAC,KEC,RAC,6,is hetzelfde als,NA,is het tegenovergestelde van,NA,NA,NA,NA,NA,NA,NA,1,hetzelfde als,2,no,84,NA,HOS,MIW,NA,NA,NA,NA,NA,NA,NA,NA,HOS,MIW,4,3,NA,NA,NA,NA,NA,NA,NA,NA,NA,NA,NA,NA,NA,NA,NA,NA,NA,NA,NA,NA,NA,NA,NA,NA
fb433,100,NA,trial_sequence,flow.Sequence,1_3_3,NA,NA,NA,NA,completion,14634,8063402,8063400,8063418,8078052,8078053,2022-04-16T08:22:26.624Z,8078070,NA,NA,NA,NA,NA,NA,NA,NA,NA,NA,NA,NA,NA,NA,NA,NA,NA,NA,NA,NA,NA,NA,NA,KEC,RAC,KEC,RAC,6,is hetzelfde als,NA,is het tegenovergestelde van,NA,NA,NA,NA,NA,NA,NA,1,hetzelfde als,2,no,84,NA,HOS,MIW,NA,NA,NA,NA,NA,NA,NA,NA,HOS,MIW,4,3,NA,NA,NA,NA,NA,NA,NA,NA,NA,NA,NA,NA,NA,NA,NA,NA,NA,NA,NA,NA,NA,NA,NA,NA
fb433,101,NA,trial,canvas.Screen,1_3_4_0_0,NA,NA,NA,NA,response,13060,8078061,8078052,8078070,8091112,8091085,2022-04-16T08:22:39.655Z,8091120,NA,NA,NA,NA,NA,NA,NA,NA,NA,NA,NA,NA,NA,NA,NA,NA,NA,NA,NA,NA,NA,NA,NA,FUY,KOJ,KOJ,FUY,6,is hetzelfde als,NA,is het tegenovergestelde van,NA,NA,NA,NA,NA,NA,NA,2,het tegenovergestelde van,1,yes,85,NA,HUY,QEM,yes,mousedown @yes,yes,TRUE,NA,NA,NA,NA,HUY,QEM,3,4,NA,NA,NA,NA,NA,NA,NA,NA,NA,NA,NA,NA,NA,NA,NA,NA,NA,NA,NA,NA,NA,NA,NA,NA
fb433,101,NA,timer,html.Frame,1_3_4_0,NA,NA,NA,NA,NA,13016,8078056,8078052,8078070,8091086,8091086,2022-04-16T08:22:39.656Z,8091120,NA,NA,NA,NA,NA,NA,NA,NA,NA,NA,NA,NA,NA,NA,NA,NA,NA,MEY,BUV,XAG,XUF,NA,42,KEC,RAC,KEC,RAC,6,is hetzelfde als,NA,is het tegenovergestelde van,NA,NA,NA,NA,NA,NA,NA,2,het tegenovergestelde van,1,yes,85,NA,HOS,MIW,NA,NA,NA,NA,NA,NA,NA,NA,HOS,MIW,3,4,NA,NA,NA,NA,NA,NA,NA,NA,NA,NA,NA,NA,NA,NA,NA,NA,NA,NA,NA,NA,NA,NA,NA,NA
fb433,101,NA,iti,canvas.Screen,1_3_4_1,NA,NA,NA,NA,timeout,999,8091086,8091103,8091120,8092103,8092104,2022-04-16T08:22:40.674Z,8092119,NA,NA,NA,NA,NA,NA,NA,NA,NA,NA,NA,NA,NA,NA,NA,NA,NA,NA,NA,NA,NA,NA,NA,KEC,RAC,KEC,RAC,6,is hetzelfde als,NA,is het tegenovergestelde van,NA,NA,NA,NA,NA,NA,NA,2,het tegenovergestelde van,1,yes,85,NA,HOS,MIW,NA,NA,NA,NA,NA,NA,NA,NA,HOS,MIW,3,4,NA,NA,NA,NA,NA,NA,NA,NA,NA,NA,NA,NA,NA,NA,NA,NA,NA,NA,NA,NA,NA,NA,NA,NA
fb433,101,NA,trial_sequence,flow.Sequence,1_3_4,NA,NA,NA,NA,completion,14033,8078054,8078052,8078070,8092103,8092104,2022-04-16T08:22:40.674Z,8092119,NA,NA,NA,NA,NA,NA,NA,NA,NA,NA,NA,NA,NA,NA,NA,NA,NA,NA,NA,NA,NA,NA,NA,KEC,RAC,KEC,RAC,6,is hetzelfde als,NA,is het tegenovergestelde van,NA,NA,NA,NA,NA,NA,NA,2,het tegenovergestelde van,1,yes,85,NA,HOS,MIW,NA,NA,NA,NA,NA,NA,NA,NA,HOS,MIW,3,4,NA,NA,NA,NA,NA,NA,NA,NA,NA,NA,NA,NA,NA,NA,NA,NA,NA,NA,NA,NA,NA,NA,NA,NA
fb433,102,NA,trial,canvas.Screen,1_3_5_0_0,NA,NA,NA,NA,response,12605.0000000009,8092109,8092103,8092119,8104708,8104681,2022-04-16T08:22:53.251Z,8104721,NA,NA,NA,NA,NA,NA,NA,NA,NA,NA,NA,NA,NA,NA,NA,NA,NA,NA,NA,NA,NA,NA,NA,MEY,BUV,MEY,BUV,6,is het tegenovergestelde van,NA,is het tegenovergestelde van,NA,NA,NA,NA,NA,NA,NA,1,hetzelfde als,2,yes,86,NA,XAG,XUF,yes,mousedown @yes,yes,TRUE,NA,NA,NA,NA,XAG,XUF,4,3,NA,NA,NA,NA,NA,NA,NA,NA,NA,NA,NA,NA,NA,NA,NA,NA,NA,NA,NA,NA,NA,NA,NA,NA
fb433,102,NA,timer,html.Frame,1_3_5_0,NA,NA,NA,NA,NA,12564,8092106,8092103,8092119,8104683,8104683,2022-04-16T08:22:53.253Z,8104721,NA,NA,NA,NA,NA,NA,NA,NA,NA,NA,NA,NA,NA,NA,NA,NA,NA,HAC,YOP,JAL,KIC,NA,43,KEC,RAC,KEC,RAC,6,is het tegenovergestelde van,NA,is het tegenovergestelde van,NA,NA,NA,NA,NA,NA,NA,1,hetzelfde als,2,yes,86,NA,HOS,MIW,NA,NA,NA,NA,NA,NA,NA,NA,HOS,MIW,4,3,NA,NA,NA,NA,NA,NA,NA,NA,NA,NA,NA,NA,NA,NA,NA,NA,NA,NA,NA,NA,NA,NA,NA,NA
fb433,102,NA,iti,canvas.Screen,1_3_5_1,NA,NA,NA,NA,timeout,999,8104683,8104703,8104721,8105704,8105705,2022-04-16T08:22:54.275Z,8105720,NA,NA,NA,NA,NA,NA,NA,NA,NA,NA,NA,NA,NA,NA,NA,NA,NA,NA,NA,NA,NA,NA,NA,KEC,RAC,KEC,RAC,6,is het tegenovergestelde van,NA,is het tegenovergestelde van,NA,NA,NA,NA,NA,NA,NA,1,hetzelfde als,2,yes,86,NA,HOS,MIW,NA,NA,NA,NA,NA,NA,NA,NA,HOS,MIW,4,3,NA,NA,NA,NA,NA,NA,NA,NA,NA,NA,NA,NA,NA,NA,NA,NA,NA,NA,NA,NA,NA,NA,NA,NA
fb433,102,NA,trial_sequence,flow.Sequence,1_3_5,NA,NA,NA,NA,completion,13585,8092104,8092103,8092119,8105704,8105705,2022-04-16T08:22:54.275Z,8105720,NA,NA,NA,NA,NA,NA,NA,NA,NA,NA,NA,NA,NA,NA,NA,NA,NA,NA,NA,NA,NA,NA,NA,KEC,RAC,KEC,RAC,6,is het tegenovergestelde van,NA,is het tegenovergestelde van,NA,NA,NA,NA,NA,NA,NA,1,hetzelfde als,2,yes,86,NA,HOS,MIW,NA,NA,NA,NA,NA,NA,NA,NA,HOS,MIW,4,3,NA,NA,NA,NA,NA,NA,NA,NA,NA,NA,NA,NA,NA,NA,NA,NA,NA,NA,NA,NA,NA,NA,NA,NA
fb433,103,NA,trial,canvas.Screen,1_3_6_0_0,NA,NA,NA,NA,response,8496,8105712,8105704,8105720,8114200,8114173,2022-04-16T08:23:02.743Z,8114204,NA,NA,NA,NA,NA,NA,NA,NA,NA,NA,NA,NA,NA,NA,NA,NA,NA,NA,NA,NA,NA,NA,NA,HAC,YOP,HAC,YOP,6,is het tegenovergestelde van,NA,is het tegenovergestelde van,NA,NA,NA,NA,NA,NA,NA,1,het tegenovergestelde van,2,no,87,NA,JAL,KIC,no,mousedown @no,no,TRUE,NA,NA,NA,NA,JAL,KIC,3,4,NA,NA,NA,NA,NA,NA,NA,NA,NA,NA,NA,NA,NA,NA,NA,NA,NA,NA,NA,NA,NA,NA,NA,NA
fb433,103,NA,timer,html.Frame,1_3_6_0,NA,NA,NA,NA,NA,8455,8105707,8105704,8105720,8114175,8114175,2022-04-16T08:23:02.745Z,8114204,NA,NA,NA,NA,NA,NA,NA,NA,NA,NA,NA,NA,NA,NA,NA,NA,NA,WUW,QIS,MEZ,JUH,NA,44,KEC,RAC,KEC,RAC,6,is het tegenovergestelde van,NA,is het tegenovergestelde van,NA,NA,NA,NA,NA,NA,NA,1,het tegenovergestelde van,2,no,87,NA,HOS,MIW,NA,NA,NA,NA,NA,NA,NA,NA,HOS,MIW,3,4,NA,NA,NA,NA,NA,NA,NA,NA,NA,NA,NA,NA,NA,NA,NA,NA,NA,NA,NA,NA,NA,NA,NA,NA
fb433,103,NA,iti,canvas.Screen,1_3_6_1,NA,NA,NA,NA,timeout,1001,8114175,8114188,8114204,8115188,8115188,2022-04-16T08:23:03.758Z,8115205,NA,NA,NA,NA,NA,NA,NA,NA,NA,NA,NA,NA,NA,NA,NA,NA,NA,NA,NA,NA,NA,NA,NA,KEC,RAC,KEC,RAC,6,is het tegenovergestelde van,NA,is het tegenovergestelde van,NA,NA,NA,NA,NA,NA,NA,1,het tegenovergestelde van,2,no,87,NA,HOS,MIW,NA,NA,NA,NA,NA,NA,NA,NA,HOS,MIW,3,4,NA,NA,NA,NA,NA,NA,NA,NA,NA,NA,NA,NA,NA,NA,NA,NA,NA,NA,NA,NA,NA,NA,NA,NA
fb433,103,NA,trial_sequence,flow.Sequence,1_3_6,NA,NA,NA,NA,completion,9468,8105705,8105704,8105720,8115188,8115189,2022-04-16T08:23:03.759Z,8115205,NA,NA,NA,NA,NA,NA,NA,NA,NA,NA,NA,NA,NA,NA,NA,NA,NA,NA,NA,NA,NA,NA,NA,KEC,RAC,KEC,RAC,6,is het tegenovergestelde van,NA,is het tegenovergestelde van,NA,NA,NA,NA,NA,NA,NA,1,het tegenovergestelde van,2,no,87,NA,HOS,MIW,NA,NA,NA,NA,NA,NA,NA,NA,HOS,MIW,3,4,NA,NA,NA,NA,NA,NA,NA,NA,NA,NA,NA,NA,NA,NA,NA,NA,NA,NA,NA,NA,NA,NA,NA,NA
fb433,104,NA,trial,canvas.Screen,1_3_7_0_0,NA,NA,NA,NA,response,10976,8115195,8115188,8115205,8126164,8126136,2022-04-16T08:23:14.706Z,8126172,NA,NA,NA,NA,NA,NA,NA,NA,NA,NA,NA,NA,NA,NA,NA,NA,NA,NA,NA,NA,NA,NA,NA,WUW,QIS,QIS,WUW,6,is het tegenovergestelde van,NA,is het tegenovergestelde van,NA,NA,NA,NA,NA,NA,NA,2,het tegenovergestelde van,1,no,88,NA,MEZ,JUH,yes,mousedown @yes,no,FALSE,NA,NA,NA,NA,MEZ,JUH,3,4,NA,NA,NA,NA,NA,NA,NA,NA,NA,NA,NA,NA,NA,NA,NA,NA,NA,NA,NA,NA,NA,NA,NA,NA
fb433,104,NA,timer,html.Frame,1_3_7_0,NA,NA,NA,NA,NA,10932,8115191,8115188,8115205,8126137,8126138,2022-04-16T08:23:14.707Z,8126172,NA,NA,NA,NA,NA,NA,NA,NA,NA,NA,NA,NA,NA,NA,NA,NA,NA,QIP,VAJ,GOS,KUN,NA,NA,KEC,RAC,KEC,RAC,6,is het tegenovergestelde van,NA,is het tegenovergestelde van,NA,NA,NA,NA,NA,NA,NA,2,het tegenovergestelde van,1,no,88,NA,HOS,MIW,NA,NA,NA,NA,NA,NA,NA,NA,HOS,MIW,3,4,NA,NA,NA,NA,NA,NA,NA,NA,NA,NA,NA,NA,NA,NA,NA,NA,NA,NA,NA,NA,NA,NA,NA,NA
fb433,104,NA,iti,canvas.Screen,1_3_7_1,NA,NA,NA,NA,timeout,1000,8126138,8126156,8126172,8127155,8127156,2022-04-16T08:23:15.725Z,8127172,NA,NA,NA,NA,NA,NA,NA,NA,NA,NA,NA,NA,NA,NA,NA,NA,NA,NA,NA,NA,NA,NA,NA,KEC,RAC,KEC,RAC,6,is het tegenovergestelde van,NA,is het tegenovergestelde van,NA,NA,NA,NA,NA,NA,NA,2,het tegenovergestelde van,1,no,88,NA,HOS,MIW,NA,NA,NA,NA,NA,NA,NA,NA,HOS,MIW,3,4,NA,NA,NA,NA,NA,NA,NA,NA,NA,NA,NA,NA,NA,NA,NA,NA,NA,NA,NA,NA,NA,NA,NA,NA
fb433,104,NA,trial_sequence,flow.Sequence,1_3_7,NA,NA,NA,NA,completion,11950,8115189,8115188,8115205,8127155,8127156,2022-04-16T08:23:15.726Z,8127172,NA,NA,NA,NA,NA,NA,NA,NA,NA,NA,NA,NA,NA,NA,NA,NA,NA,NA,NA,NA,NA,NA,NA,KEC,RAC,KEC,RAC,6,is het tegenovergestelde van,NA,is het tegenovergestelde van,NA,NA,NA,NA,NA,NA,NA,2,het tegenovergestelde van,1,no,88,NA,HOS,MIW,NA,NA,NA,NA,NA,NA,NA,NA,HOS,MIW,3,4,NA,NA,NA,NA,NA,NA,NA,NA,NA,NA,NA,NA,NA,NA,NA,NA,NA,NA,NA,NA,NA,NA,NA,NA
fb433,105,NA,trial,canvas.Screen,1_3_8_0_0,NA,NA,NA,NA,response,10199,8127162,8127155,8127172,8137354,8137327,2022-04-16T08:23:25.897Z,8137372,NA,NA,NA,NA,NA,NA,NA,NA,NA,NA,NA,NA,NA,NA,NA,NA,NA,NA,NA,NA,NA,NA,NA,QIP,VAJ,QIP,VAJ,6,is meer dan,NA,is meer dan,NA,NA,NA,NA,NA,NA,NA,1,hetzelfde als,2,no,89,NA,GOS,KUN,yes,mousedown @yes,no,FALSE,NA,NA,NA,NA,GOS,KUN,4,3,NA,NA,NA,NA,NA,NA,NA,NA,NA,NA,NA,NA,NA,NA,NA,NA,NA,NA,NA,NA,NA,NA,NA,NA
fb433,105,NA,timer,html.Frame,1_3_8_0,NA,NA,NA,NA,NA,10156,8127158,8127155,8127172,8137328,8137329,2022-04-16T08:23:25.898Z,8137372,NA,NA,NA,NA,NA,NA,NA,NA,NA,NA,NA,NA,NA,NA,NA,NA,NA,"NAC",VIZ,"NAF",LEP,NA,NA,KEC,RAC,KEC,RAC,6,is meer dan,NA,is meer dan,NA,NA,NA,NA,NA,NA,NA,1,hetzelfde als,2,no,89,NA,HOS,MIW,NA,NA,NA,NA,NA,NA,NA,NA,HOS,MIW,4,3,NA,NA,NA,NA,NA,NA,NA,NA,NA,NA,NA,NA,NA,NA,NA,NA,NA,NA,NA,NA,NA,NA,NA,NA
fb433,105,NA,iti,canvas.Screen,1_3_8_1,NA,NA,NA,NA,timeout,1001,8137329,8137356,8137372,8138356,8138356,2022-04-16T08:23:26.926Z,8138373,NA,NA,NA,NA,NA,NA,NA,NA,NA,NA,NA,NA,NA,NA,NA,NA,NA,NA,NA,NA,NA,NA,NA,KEC,RAC,KEC,RAC,6,is meer dan,NA,is meer dan,NA,NA,NA,NA,NA,NA,NA,1,hetzelfde als,2,no,89,NA,HOS,MIW,NA,NA,NA,NA,NA,NA,NA,NA,HOS,MIW,4,3,NA,NA,NA,NA,NA,NA,NA,NA,NA,NA,NA,NA,NA,NA,NA,NA,NA,NA,NA,NA,NA,NA,NA,NA
fb433,105,NA,trial_sequence,flow.Sequence,1_3_8,NA,NA,NA,NA,completion,11184,8127156,8127155,8127172,8138356,8138357,2022-04-16T08:23:26.926Z,8138373,NA,NA,NA,NA,NA,NA,NA,NA,NA,NA,NA,NA,NA,NA,NA,NA,NA,NA,NA,NA,NA,NA,NA,KEC,RAC,KEC,RAC,6,is meer dan,NA,is meer dan,NA,NA,NA,NA,NA,NA,NA,1,hetzelfde als,2,no,89,NA,HOS,MIW,NA,NA,NA,NA,NA,NA,NA,NA,HOS,MIW,4,3,NA,NA,NA,NA,NA,NA,NA,NA,NA,NA,NA,NA,NA,NA,NA,NA,NA,NA,NA,NA,NA,NA,NA,NA
fb433,106,NA,trial,canvas.Screen,1_3_9_0_0,NA,NA,NA,NA,response,9334.00000000093,8138362,8138356,8138373,8147690,8147662,2022-04-16T08:23:36.232Z,8147707,NA,NA,NA,NA,NA,NA,NA,NA,NA,NA,NA,NA,NA,NA,NA,NA,NA,NA,NA,NA,NA,NA,NA,"NAC",VIZ,"NAC",VIZ,6,is meer dan,NA,is meer dan,NA,NA,NA,NA,NA,NA,NA,1,het tegenovergestelde van,2,no,90,NA,"NAF",LEP,no,mousedown @no,no,TRUE,NA,NA,NA,NA,"NAF",LEP,3,4,NA,NA,NA,NA,NA,NA,NA,NA,NA,NA,NA,NA,NA,NA,NA,NA,NA,NA,NA,NA,NA,NA,NA,NA
fb433,106,NA,timer,html.Frame,1_3_9_0,NA,NA,NA,NA,NA,9291,8138358,8138356,8138373,8147664,8147664,2022-04-16T08:23:36.233Z,8147707,NA,NA,NA,NA,NA,NA,NA,NA,NA,NA,NA,NA,NA,NA,NA,NA,NA,FUX,NOC,VEZ,BEW,NA,45,KEC,RAC,KEC,RAC,6,is meer dan,NA,is meer dan,NA,NA,NA,NA,NA,NA,NA,1,het tegenovergestelde van,2,no,90,NA,HOS,MIW,NA,NA,NA,NA,NA,NA,NA,NA,HOS,MIW,3,4,NA,NA,NA,NA,NA,NA,NA,NA,NA,NA,NA,NA,NA,NA,NA,NA,NA,NA,NA,NA,NA,NA,NA,NA
fb433,106,NA,iti,canvas.Screen,1_3_9_1,NA,NA,NA,NA,timeout,999,8147664,8147690,8147707,8148691,8148691,2022-04-16T08:23:37.260Z,8148706,NA,NA,NA,NA,NA,NA,NA,NA,NA,NA,NA,NA,NA,NA,NA,NA,NA,NA,NA,NA,NA,NA,NA,KEC,RAC,KEC,RAC,6,is meer dan,NA,is meer dan,NA,NA,NA,NA,NA,NA,NA,1,het tegenovergestelde van,2,no,90,NA,HOS,MIW,NA,NA,NA,NA,NA,NA,NA,NA,HOS,MIW,3,4,NA,NA,NA,NA,NA,NA,NA,NA,NA,NA,NA,NA,NA,NA,NA,NA,NA,NA,NA,NA,NA,NA,NA,NA
fb433,106,NA,trial_sequence,flow.Sequence,1_3_9,NA,NA,NA,NA,completion,10318,8138357,8138356,8138373,8148691,8148692,2022-04-16T08:23:37.261Z,8148706,NA,NA,NA,NA,NA,NA,NA,NA,NA,NA,NA,NA,NA,NA,NA,NA,NA,NA,NA,NA,NA,NA,NA,KEC,RAC,KEC,RAC,6,is meer dan,NA,is meer dan,NA,NA,NA,NA,NA,NA,NA,1,het tegenovergestelde van,2,no,90,NA,HOS,MIW,NA,NA,NA,NA,NA,NA,NA,NA,HOS,MIW,3,4,NA,NA,NA,NA,NA,NA,NA,NA,NA,NA,NA,NA,NA,NA,NA,NA,NA,NA,NA,NA,NA,NA,NA,NA
fb433,107,NA,trial,canvas.Screen,1_3_10_0_0,NA,NA,NA,NA,response,5652,8148696,8148691,8148706,8154343,8154315,2022-04-16T08:23:42.884Z,8154357,NA,NA,NA,NA,NA,NA,NA,NA,NA,NA,NA,NA,NA,NA,NA,NA,NA,NA,NA,NA,NA,NA,NA,FUX,NOC,NOC,FUX,6,is meer dan,NA,is meer dan,NA,NA,NA,NA,NA,NA,NA,2,het tegenovergestelde van,1,yes,91,NA,VEZ,BEW,no,mousedown @no,yes,FALSE,NA,NA,NA,NA,VEZ,BEW,3,4,NA,NA,NA,NA,NA,NA,NA,NA,NA,NA,NA,NA,NA,NA,NA,NA,NA,NA,NA,NA,NA,NA,NA,NA
fb433,107,NA,timer,html.Frame,1_3_10_0,NA,NA,NA,NA,NA,5611,8148693,8148691,8148706,8154317,8154317,2022-04-16T08:23:42.886Z,8154357,NA,NA,NA,NA,NA,NA,NA,NA,NA,NA,NA,NA,NA,NA,NA,NA,NA,GUQ,WAH,REZ,BEB,NA,NA,KEC,RAC,KEC,RAC,6,is meer dan,NA,is meer dan,NA,NA,NA,NA,NA,NA,NA,2,het tegenovergestelde van,1,yes,91,NA,HOS,MIW,NA,NA,NA,NA,NA,NA,NA,NA,HOS,MIW,3,4,NA,NA,NA,NA,NA,NA,NA,NA,NA,NA,NA,NA,NA,NA,NA,NA,NA,NA,NA,NA,NA,NA,NA,NA
fb433,107,NA,iti,canvas.Screen,1_3_10_1,NA,NA,NA,NA,timeout,1000,8154318,8154340,8154357,8155341,8155342,2022-04-16T08:23:43.911Z,8155357,NA,NA,NA,NA,NA,NA,NA,NA,NA,NA,NA,NA,NA,NA,NA,NA,NA,NA,NA,NA,NA,NA,NA,KEC,RAC,KEC,RAC,6,is meer dan,NA,is meer dan,NA,NA,NA,NA,NA,NA,NA,2,het tegenovergestelde van,1,yes,91,NA,HOS,MIW,NA,NA,NA,NA,NA,NA,NA,NA,HOS,MIW,3,4,NA,NA,NA,NA,NA,NA,NA,NA,NA,NA,NA,NA,NA,NA,NA,NA,NA,NA,NA,NA,NA,NA,NA,NA
fb433,107,NA,trial_sequence,flow.Sequence,1_3_10,NA,NA,NA,NA,completion,6635,8148692,8148691,8148706,8155341,8155342,2022-04-16T08:23:43.911Z,8155357,NA,NA,NA,NA,NA,NA,NA,NA,NA,NA,NA,NA,NA,NA,NA,NA,NA,NA,NA,NA,NA,NA,NA,KEC,RAC,KEC,RAC,6,is meer dan,NA,is meer dan,NA,NA,NA,NA,NA,NA,NA,2,het tegenovergestelde van,1,yes,91,NA,HOS,MIW,NA,NA,NA,NA,NA,NA,NA,NA,HOS,MIW,3,4,NA,NA,NA,NA,NA,NA,NA,NA,NA,NA,NA,NA,NA,NA,NA,NA,NA,NA,NA,NA,NA,NA,NA,NA
fb433,108,NA,trial,canvas.Screen,1_3_11_0_0,NA,NA,NA,NA,response,6463,8155347,8155341,8155357,8161804,8161779,2022-04-16T08:23:50.348Z,8161825,NA,NA,NA,NA,NA,NA,NA,NA,NA,NA,NA,NA,NA,NA,NA,NA,NA,NA,NA,NA,NA,NA,NA,GUQ,WAH,GUQ,WAH,6,is meer dan,NA,is minder dan,NA,NA,NA,NA,NA,NA,NA,1,hetzelfde als,2,no,92,NA,REZ,BEB,no,mousedown @no,no,TRUE,NA,NA,NA,NA,REZ,BEB,3,4,NA,NA,NA,NA,NA,NA,NA,NA,NA,NA,NA,NA,NA,NA,NA,NA,NA,NA,NA,NA,NA,NA,NA,NA
fb433,108,NA,timer,html.Frame,1_3_11_0,NA,NA,NA,NA,NA,6424,8155343,8155341,8155357,8161781,8161781,2022-04-16T08:23:50.350Z,8161825,NA,NA,NA,NA,NA,NA,NA,NA,NA,NA,NA,NA,NA,NA,NA,NA,NA,GOC,CEP,FAW,TEF,NA,46,KEC,RAC,KEC,RAC,6,is meer dan,NA,is minder dan,NA,NA,NA,NA,NA,NA,NA,1,hetzelfde als,2,no,92,NA,HOS,MIW,NA,NA,NA,NA,NA,NA,NA,NA,HOS,MIW,3,4,NA,NA,NA,NA,NA,NA,NA,NA,NA,NA,NA,NA,NA,NA,NA,NA,NA,NA,NA,NA,NA,NA,NA,NA
fb433,108,NA,iti,canvas.Screen,1_3_11_1,NA,NA,NA,NA,timeout,999,8161781,8161808,8161825,8162808,8162809,2022-04-16T08:23:51.378Z,8162824,NA,NA,NA,NA,NA,NA,NA,NA,NA,NA,NA,NA,NA,NA,NA,NA,NA,NA,NA,NA,NA,NA,NA,KEC,RAC,KEC,RAC,6,is meer dan,NA,is minder dan,NA,NA,NA,NA,NA,NA,NA,1,hetzelfde als,2,no,92,NA,HOS,MIW,NA,NA,NA,NA,NA,NA,NA,NA,HOS,MIW,3,4,NA,NA,NA,NA,NA,NA,NA,NA,NA,NA,NA,NA,NA,NA,NA,NA,NA,NA,NA,NA,NA,NA,NA,NA
fb433,108,NA,trial_sequence,flow.Sequence,1_3_11,NA,NA,NA,NA,completion,7451,8155342,8155341,8155357,8162808,8162809,2022-04-16T08:23:51.378Z,8162824,NA,NA,NA,NA,NA,NA,NA,NA,NA,NA,NA,NA,NA,NA,NA,NA,NA,NA,NA,NA,NA,NA,NA,KEC,RAC,KEC,RAC,6,is meer dan,NA,is minder dan,NA,NA,NA,NA,NA,NA,NA,1,hetzelfde als,2,no,92,NA,HOS,MIW,NA,NA,NA,NA,NA,NA,NA,NA,HOS,MIW,3,4,NA,NA,NA,NA,NA,NA,NA,NA,NA,NA,NA,NA,NA,NA,NA,NA,NA,NA,NA,NA,NA,NA,NA,NA
fb433,109,NA,trial,canvas.Screen,1_3_12_0_0,NA,NA,NA,NA,response,13054,8162815,8162808,8162824,8175862,8175836,2022-04-16T08:24:04.405Z,8175876,NA,NA,NA,NA,NA,NA,NA,NA,NA,NA,NA,NA,NA,NA,NA,NA,NA,NA,NA,NA,NA,NA,NA,GOC,CEP,CEP,GOC,6,is meer dan,NA,is minder dan,NA,NA,NA,NA,NA,NA,NA,2,het tegenovergestelde van,1,yes,93,NA,FAW,TEF,yes,mousedown @yes,yes,TRUE,NA,NA,NA,NA,FAW,TEF,4,3,NA,NA,NA,NA,NA,NA,NA,NA,NA,NA,NA,NA,NA,NA,NA,NA,NA,NA,NA,NA,NA,NA,NA,NA
fb433,109,NA,timer,html.Frame,1_3_12_0,NA,NA,NA,NA,NA,13014,8162811,8162808,8162824,8175838,8175838,2022-04-16T08:24:04.407Z,8175876,NA,NA,NA,NA,NA,NA,NA,NA,NA,NA,NA,NA,NA,NA,NA,NA,NA,KIV,YOF,QEH,SUK,NA,47,KEC,RAC,KEC,RAC,6,is meer dan,NA,is minder dan,NA,NA,NA,NA,NA,NA,NA,2,het tegenovergestelde van,1,yes,93,NA,HOS,MIW,NA,NA,NA,NA,NA,NA,NA,NA,HOS,MIW,4,3,NA,NA,NA,NA,NA,NA,NA,NA,NA,NA,NA,NA,NA,NA,NA,NA,NA,NA,NA,NA,NA,NA,NA,NA
fb433,109,NA,iti,canvas.Screen,1_3_12_1,NA,NA,NA,NA,timeout,999,8175838,8175859,8175876,8176859,8176860,2022-04-16T08:24:05.428Z,8176875,NA,NA,NA,NA,NA,NA,NA,NA,NA,NA,NA,NA,NA,NA,NA,NA,NA,NA,NA,NA,NA,NA,NA,KEC,RAC,KEC,RAC,6,is meer dan,NA,is minder dan,NA,NA,NA,NA,NA,NA,NA,2,het tegenovergestelde van,1,yes,93,NA,HOS,MIW,NA,NA,NA,NA,NA,NA,NA,NA,HOS,MIW,4,3,NA,NA,NA,NA,NA,NA,NA,NA,NA,NA,NA,NA,NA,NA,NA,NA,NA,NA,NA,NA,NA,NA,NA,NA
fb433,109,NA,trial_sequence,flow.Sequence,1_3_12,NA,NA,NA,NA,completion,14035,8162810,8162808,8162824,8176859,8176860,2022-04-16T08:24:05.429Z,8176875,NA,NA,NA,NA,NA,NA,NA,NA,NA,NA,NA,NA,NA,NA,NA,NA,NA,NA,NA,NA,NA,NA,NA,KEC,RAC,KEC,RAC,6,is meer dan,NA,is minder dan,NA,NA,NA,NA,NA,NA,NA,2,het tegenovergestelde van,1,yes,93,NA,HOS,MIW,NA,NA,NA,NA,NA,NA,NA,NA,HOS,MIW,4,3,NA,NA,NA,NA,NA,NA,NA,NA,NA,NA,NA,NA,NA,NA,NA,NA,NA,NA,NA,NA,NA,NA,NA,NA
fb433,110,NA,trial,canvas.Screen,1_3_13_0_0,NA,NA,NA,NA,response,19313.0000000009,8176865,8176859,8176875,8196172,8196146,2022-04-16T08:24:24.714Z,8196176,NA,NA,NA,NA,NA,NA,NA,NA,NA,NA,NA,NA,NA,NA,NA,NA,NA,NA,NA,NA,NA,NA,NA,KIV,YOF,YOF,KIV,6,is minder dan,NA,is minder dan,NA,NA,NA,NA,NA,NA,NA,2,hetzelfde als,1,no,94,NA,QEH,SUK,yes,mousedown @yes,no,FALSE,NA,NA,NA,NA,QEH,SUK,3,4,NA,NA,NA,NA,NA,NA,NA,NA,NA,NA,NA,NA,NA,NA,NA,NA,NA,NA,NA,NA,NA,NA,NA,NA
fb433,110,NA,timer,html.Frame,1_3_13_0,NA,NA,NA,NA,NA,19272.0000000009,8176862,8176859,8176875,8196147,8196147,2022-04-16T08:24:24.715Z,8196176,NA,NA,NA,NA,NA,NA,NA,NA,NA,NA,NA,NA,NA,NA,NA,NA,NA,JIP,CIF,FUQ,KER,NA,NA,KEC,RAC,KEC,RAC,6,is minder dan,NA,is minder dan,NA,NA,NA,NA,NA,NA,NA,2,hetzelfde als,1,no,94,NA,HOS,MIW,NA,NA,NA,NA,NA,NA,NA,NA,HOS,MIW,3,4,NA,NA,NA,NA,NA,NA,NA,NA,NA,NA,NA,NA,NA,NA,NA,NA,NA,NA,NA,NA,NA,NA,NA,NA
fb433,110,NA,iti,canvas.Screen,1_3_13_1,NA,NA,NA,NA,timeout,1003,8196147,8196161,8196176,8197160,8197161,2022-04-16T08:24:25.729Z,8197179,NA,NA,NA,NA,NA,NA,NA,NA,NA,NA,NA,NA,NA,NA,NA,NA,NA,NA,NA,NA,NA,NA,NA,KEC,RAC,KEC,RAC,6,is minder dan,NA,is minder dan,NA,NA,NA,NA,NA,NA,NA,2,hetzelfde als,1,no,94,NA,HOS,MIW,NA,NA,NA,NA,NA,NA,NA,NA,HOS,MIW,3,4,NA,NA,NA,NA,NA,NA,NA,NA,NA,NA,NA,NA,NA,NA,NA,NA,NA,NA,NA,NA,NA,NA,NA,NA
fb433,110,NA,trial_sequence,flow.Sequence,1_3_13,NA,NA,NA,NA,completion,20285,8176861,8176859,8176875,8197160,8197161,2022-04-16T08:24:25.730Z,8197179,NA,NA,NA,NA,NA,NA,NA,NA,NA,NA,NA,NA,NA,NA,NA,NA,NA,NA,NA,NA,NA,NA,NA,KEC,RAC,KEC,RAC,6,is minder dan,NA,is minder dan,NA,NA,NA,NA,NA,NA,NA,2,hetzelfde als,1,no,94,NA,HOS,MIW,NA,NA,NA,NA,NA,NA,NA,NA,HOS,MIW,3,4,NA,NA,NA,NA,NA,NA,NA,NA,NA,NA,NA,NA,NA,NA,NA,NA,NA,NA,NA,NA,NA,NA,NA,NA
fb433,111,NA,trial,canvas.Screen,1_3_14_0_0,NA,NA,NA,NA,response,6211.99999999907,8197168,8197160,8197179,8203372,8203344,2022-04-16T08:24:31.913Z,8203377,NA,NA,NA,NA,NA,NA,NA,NA,NA,NA,NA,NA,NA,NA,NA,NA,NA,NA,NA,NA,NA,NA,NA,JIP,CIF,JIP,CIF,6,is minder dan,NA,is minder dan,NA,NA,NA,NA,NA,NA,NA,1,het tegenovergestelde van,2,yes,95,NA,FUQ,KER,no,mousedown @no,yes,FALSE,NA,NA,NA,NA,FUQ,KER,4,3,NA,NA,NA,NA,NA,NA,NA,NA,NA,NA,NA,NA,NA,NA,NA,NA,NA,NA,NA,NA,NA,NA,NA,NA
fb433,111,NA,timer,html.Frame,1_3_14_0,NA,NA,NA,NA,NA,6165.99999999907,8197163,8197160,8197179,8203345,8203346,2022-04-16T08:24:31.914Z,8203377,NA,NA,NA,NA,NA,NA,NA,NA,NA,NA,NA,NA,NA,NA,NA,NA,NA,NEZ,GEF,YEF,YAC,NA,NA,KEC,RAC,KEC,RAC,6,is minder dan,NA,is minder dan,NA,NA,NA,NA,NA,NA,NA,1,het tegenovergestelde van,2,yes,95,NA,HOS,MIW,NA,NA,NA,NA,NA,NA,NA,NA,HOS,MIW,4,3,NA,NA,NA,NA,NA,NA,NA,NA,NA,NA,NA,NA,NA,NA,NA,NA,NA,NA,NA,NA,NA,NA,NA,NA
fb433,111,NA,iti,canvas.Screen,1_3_14_1,NA,NA,NA,NA,timeout,1002,8203346,8203360,8203377,8204361,8204362,2022-04-16T08:24:32.930Z,8204379,NA,NA,NA,NA,NA,NA,NA,NA,NA,NA,NA,NA,NA,NA,NA,NA,NA,NA,NA,NA,NA,NA,NA,KEC,RAC,KEC,RAC,6,is minder dan,NA,is minder dan,NA,NA,NA,NA,NA,NA,NA,1,het tegenovergestelde van,2,yes,95,NA,HOS,MIW,NA,NA,NA,NA,NA,NA,NA,NA,HOS,MIW,4,3,NA,NA,NA,NA,NA,NA,NA,NA,NA,NA,NA,NA,NA,NA,NA,NA,NA,NA,NA,NA,NA,NA,NA,NA
fb433,111,NA,trial_sequence,flow.Sequence,1_3_14,NA,NA,NA,NA,completion,7182,8197162,8197160,8197179,8204361,8204362,2022-04-16T08:24:32.930Z,8204379,NA,NA,NA,NA,NA,NA,NA,NA,NA,NA,NA,NA,NA,NA,NA,NA,NA,NA,NA,NA,NA,NA,NA,KEC,RAC,KEC,RAC,6,is minder dan,NA,is minder dan,NA,NA,NA,NA,NA,NA,NA,1,het tegenovergestelde van,2,yes,95,NA,HOS,MIW,NA,NA,NA,NA,NA,NA,NA,NA,HOS,MIW,4,3,NA,NA,NA,NA,NA,NA,NA,NA,NA,NA,NA,NA,NA,NA,NA,NA,NA,NA,NA,NA,NA,NA,NA,NA
fb433,112,NA,trial,canvas.Screen,1_3_15_0_0,NA,NA,NA,NA,response,6661.00000000093,8204369,8204361,8204379,8211022,8210994,2022-04-16T08:24:39.562Z,8211028,NA,NA,NA,NA,NA,NA,NA,NA,NA,NA,NA,NA,NA,NA,NA,NA,NA,NA,NA,NA,NA,NA,NA,NEZ,GEF,GEF,NEZ,6,is minder dan,NA,is minder dan,NA,NA,NA,NA,NA,NA,NA,2,het tegenovergestelde van,1,no,96,NA,YEF,YAC,no,mousedown @no,no,TRUE,NA,NA,NA,NA,YEF,YAC,4,3,NA,NA,NA,NA,NA,NA,NA,NA,NA,NA,NA,NA,NA,NA,NA,NA,NA,NA,NA,NA,NA,NA,NA,NA
fb433,112,NA,timer,html.Frame,1_3_15_0,NA,NA,NA,NA,NA,6616.00000000093,8204364,8204361,8204379,8210995,8210996,2022-04-16T08:24:39.564Z,8211028,NA,NA,NA,NA,NA,NA,NA,NA,NA,NA,NA,NA,NA,NA,NA,NA,NA,RUY,VIF,QOW,FEB,NA,48,KEC,RAC,KEC,RAC,6,is minder dan,NA,is minder dan,NA,NA,NA,NA,NA,NA,NA,2,het tegenovergestelde van,1,no,96,NA,HOS,MIW,NA,NA,NA,NA,NA,NA,NA,NA,HOS,MIW,4,3,NA,NA,NA,NA,NA,NA,NA,NA,NA,NA,NA,NA,NA,NA,NA,NA,NA,NA,NA,NA,NA,NA,NA,NA
fb433,112,NA,iti,canvas.Screen,1_3_15_1,NA,NA,NA,NA,timeout,1050,8210996,8211011,8211028,8212012,8212012,2022-04-16T08:24:40.580Z,8212078,NA,NA,NA,NA,NA,NA,NA,NA,NA,NA,NA,NA,NA,NA,NA,NA,NA,NA,NA,NA,NA,NA,NA,KEC,RAC,KEC,RAC,6,is minder dan,NA,is minder dan,NA,NA,NA,NA,NA,NA,NA,2,het tegenovergestelde van,1,no,96,NA,HOS,MIW,NA,NA,NA,NA,NA,NA,NA,NA,HOS,MIW,4,3,NA,NA,NA,NA,NA,NA,NA,NA,NA,NA,NA,NA,NA,NA,NA,NA,NA,NA,NA,NA,NA,NA,NA,NA
fb433,112,NA,trial_sequence,flow.Sequence,1_3_15,NA,NA,NA,NA,completion,7633,8204362,8204361,8204379,8212012,8212013,2022-04-16T08:24:40.581Z,8212078,NA,NA,NA,NA,NA,NA,NA,NA,NA,NA,NA,NA,NA,NA,NA,NA,NA,NA,NA,NA,NA,NA,NA,KEC,RAC,KEC,RAC,6,is minder dan,NA,is minder dan,NA,NA,NA,NA,NA,NA,NA,2,het tegenovergestelde van,1,no,96,NA,HOS,MIW,NA,NA,NA,NA,NA,NA,NA,NA,HOS,MIW,4,3,NA,NA,NA,NA,NA,NA,NA,NA,NA,NA,NA,NA,NA,NA,NA,NA,NA,NA,NA,NA,NA,NA,NA,NA
fb433,112,NA,trial_list_analogical ,flow.Loop,1_3,NA,NA,NA,NA,completion,189147,8022845,8022799,8022865,8212012,8212013,2022-04-16T08:24:40.581Z,8212078,NA,NA,NA,NA,NA,NA,NA,NA,NA,NA,NA,NA,NA,NA,NA,NA,NA,NA,NA,NA,NA,NA,NA,KEC,RAC,KEC,RAC,NA,NA,NA,NA,NA,NA,NA,NA,NA,NA,NA,NA,NA,NA,NA,NA,NA,HOS,MIW,NA,NA,NA,NA,NA,NA,NA,NA,HOS,MIW,NA,NA,NA,NA,NA,NA,NA,NA,NA,NA,NA,NA,NA,NA,NA,NA,NA,NA,NA,NA,NA,NA,NA,NA,NA,NA
fb433,113,NA,trial,canvas.Screen,1_4_0_0_0,NA,NA,NA,NA,response,18448.0000000009,8212060,8212012,8212078,8230460,8230431,2022-04-16T08:24:58.999Z,8230463,NA,NA,NA,NA,NA,NA,NA,NA,NA,NA,NA,NA,NA,NA,NA,NA,NA,"NAX",WIX,TEM,HEJ,NA,NA,"NAX",WIX,"NAX",WIX,7,NA,NA,NA,NA,NA,NA,NA,NA,NA,NA,1,NA,NA,yes,97,NA,TEM,HEJ,no,mousedown @no,yes,FALSE,NA,NA,NA,NA,TEM,HEJ,NA,NA,1,is,hier,,2,is,daar,,Als hier is daar en daar is hier,,,,,,daar,,NA,NA,NA,NA,NA,NA,NA,NA
fb433,113,NA,timer,html.Frame,1_4_0_0,NA,NA,NA,NA,NA,18355.9999999991,8212057,8212012,8212078,8230434,8230434,2022-04-16T08:24:59.002Z,8230463,NA,NA,NA,NA,NA,NA,NA,NA,NA,NA,NA,NA,NA,NA,NA,NA,NA,QIJ,MUR,QUK,YAN,NA,NA,"NAX",WIX,"NAX",WIX,7,NA,NA,NA,NA,NA,NA,NA,NA,NA,NA,1,NA,NA,yes,97,NA,TEM,HEJ,NA,NA,NA,NA,NA,NA,NA,NA,TEM,HEJ,NA,NA,1,is,hier,,2,is,daar,,Als hier is daar en daar is hier,,,,,,daar,,NA,NA,NA,NA,NA,NA,NA,NA
fb433,113,NA,iti,canvas.Screen,1_4_0_1,NA,NA,NA,NA,timeout,999,8230434,8230445,8230463,8231445,8231446,2022-04-16T08:25:00.014Z,8231462,NA,NA,NA,NA,NA,NA,NA,NA,NA,NA,NA,NA,NA,NA,NA,NA,NA,NA,NA,NA,NA,NA,NA,"NAX",WIX,"NAX",WIX,7,NA,NA,NA,NA,NA,NA,NA,NA,NA,NA,1,NA,NA,yes,97,NA,TEM,HEJ,NA,NA,NA,NA,NA,NA,NA,NA,TEM,HEJ,NA,NA,1,is,hier,,2,is,daar,,Als hier is daar en daar is hier,,,,,,daar,,NA,NA,NA,NA,NA,NA,NA,NA
fb433,113,NA,trial_sequence,flow.Sequence,1_4_0,NA,NA,NA,NA,completion,19367,8212056,8212012,8212078,8231445,8231446,2022-04-16T08:25:00.014Z,8231462,NA,NA,NA,NA,NA,NA,NA,NA,NA,NA,NA,NA,NA,NA,NA,NA,NA,NA,NA,NA,NA,NA,NA,"NAX",WIX,"NAX",WIX,7,NA,NA,NA,NA,NA,NA,NA,NA,NA,NA,1,NA,NA,yes,97,NA,TEM,HEJ,NA,NA,NA,NA,NA,NA,NA,NA,TEM,HEJ,NA,NA,1,is,hier,,2,is,daar,,Als hier is daar en daar is hier,,,,,,daar,,NA,NA,NA,NA,NA,NA,NA,NA
fb433,114,NA,trial,canvas.Screen,1_4_1_0_0,NA,NA,NA,NA,response,13209,8231452,8231445,8231462,8244654,8244625,2022-04-16T08:25:13.193Z,8244664,NA,NA,NA,NA,NA,NA,NA,NA,NA,NA,NA,NA,NA,NA,NA,NA,NA,NA,NA,NA,NA,NA,NA,QIJ,MUR,MUR,MUR,7,NA,NA,NA,NA,NA,NA,NA,NA,NA,NA,2,NA,NA,yes,98,NA,QUK,YAN,yes,mousedown @yes,yes,TRUE,NA,NA,NA,NA,QUK,YAN,NA,NA,1,is,hier,,2,is,daar,,Als hier is daar en daar is hier,,,,,,hier,,NA,NA,NA,NA,NA,NA,NA,NA
fb433,114,NA,timer,html.Frame,1_4_1_0,NA,NA,NA,NA,NA,13165,8231448,8231445,8231462,8244627,8244627,2022-04-16T08:25:13.195Z,8244664,NA,NA,NA,NA,NA,NA,NA,NA,NA,NA,NA,NA,NA,NA,NA,NA,NA,FUW,QID,REJ,BIF,NA,49,"NAX",WIX,"NAX",WIX,7,NA,NA,NA,NA,NA,NA,NA,NA,NA,NA,2,NA,NA,yes,98,NA,TEM,HEJ,NA,NA,NA,NA,NA,NA,NA,NA,TEM,HEJ,NA,NA,1,is,hier,,2,is,daar,,Als hier is daar en daar is hier,,,,,,hier,,NA,NA,NA,NA,NA,NA,NA,NA
fb433,114,NA,iti,canvas.Screen,1_4_1_1,NA,NA,NA,NA,timeout,1000,8244627,8244646,8244664,8245646,8245647,2022-04-16T08:25:14.215Z,8245664,NA,NA,NA,NA,NA,NA,NA,NA,NA,NA,NA,NA,NA,NA,NA,NA,NA,NA,NA,NA,NA,NA,NA,"NAX",WIX,"NAX",WIX,7,NA,NA,NA,NA,NA,NA,NA,NA,NA,NA,2,NA,NA,yes,98,NA,TEM,HEJ,NA,NA,NA,NA,NA,NA,NA,NA,TEM,HEJ,NA,NA,1,is,hier,,2,is,daar,,Als hier is daar en daar is hier,,,,,,hier,,NA,NA,NA,NA,NA,NA,NA,NA
fb433,114,NA,trial_sequence,flow.Sequence,1_4_1,NA,NA,NA,NA,completion,14184,8231447,8231445,8231462,8245646,8245648,2022-04-16T08:25:14.215Z,8245664,NA,NA,NA,NA,NA,NA,NA,NA,NA,NA,NA,NA,NA,NA,NA,NA,NA,NA,NA,NA,NA,NA,NA,"NAX",WIX,"NAX",WIX,7,NA,NA,NA,NA,NA,NA,NA,NA,NA,NA,2,NA,NA,yes,98,NA,TEM,HEJ,NA,NA,NA,NA,NA,NA,NA,NA,TEM,HEJ,NA,NA,1,is,hier,,2,is,daar,,Als hier is daar en daar is hier,,,,,,hier,,NA,NA,NA,NA,NA,NA,NA,NA
fb433,115,NA,trial,canvas.Screen,1_4_2_0_0,NA,NA,NA,NA,response,10728,8245653,8245646,8245664,8256374,8256344,2022-04-16T08:25:24.912Z,8256381,NA,NA,NA,NA,NA,NA,NA,NA,NA,NA,NA,NA,NA,NA,NA,NA,NA,NA,NA,NA,NA,NA,NA,FUW,QID,FUW,QID,7,NA,NA,NA,NA,NA,NA,NA,NA,NA,NA,1,NA,NA,no,99,NA,REJ,BIF,yes,mousedown @yes,no,FALSE,NA,NA,NA,NA,REJ,BIF,NA,NA,1,is,hier,nu,2,was,daar,toen,Als hier is daar en daar is hier,,,,,,hier,nu,NA,NA,NA,NA,NA,NA,NA,NA
fb433,115,NA,timer,html.Frame,1_4_2_0,NA,NA,NA,NA,NA,10682,8245649,8245646,8245664,8256346,8256346,2022-04-16T08:25:24.914Z,8256381,NA,NA,NA,NA,NA,NA,NA,NA,NA,NA,NA,NA,NA,NA,NA,NA,NA,YIK,KUB,MAV,YEY,NA,NA,"NAX",WIX,"NAX",WIX,7,NA,NA,NA,NA,NA,NA,NA,NA,NA,NA,1,NA,NA,no,99,NA,TEM,HEJ,NA,NA,NA,NA,NA,NA,NA,NA,TEM,HEJ,NA,NA,1,is,hier,nu,2,was,daar,toen,Als hier is daar en daar is hier,,,,,,hier,nu,NA,NA,NA,NA,NA,NA,NA,NA
fb433,115,NA,iti,canvas.Screen,1_4_2_1,NA,NA,NA,NA,timeout,1000,8256346,8256365,8256381,8257364,8257364,2022-04-16T08:25:25.932Z,8257381,NA,NA,NA,NA,NA,NA,NA,NA,NA,NA,NA,NA,NA,NA,NA,NA,NA,NA,NA,NA,NA,NA,NA,"NAX",WIX,"NAX",WIX,7,NA,NA,NA,NA,NA,NA,NA,NA,NA,NA,1,NA,NA,no,99,NA,TEM,HEJ,NA,NA,NA,NA,NA,NA,NA,NA,TEM,HEJ,NA,NA,1,is,hier,nu,2,was,daar,toen,Als hier is daar en daar is hier,,,,,,hier,nu,NA,NA,NA,NA,NA,NA,NA,NA
fb433,115,NA,trial_sequence,flow.Sequence,1_4_2,NA,NA,NA,NA,completion,11700,8245648,8245646,8245664,8257364,8257365,2022-04-16T08:25:25.933Z,8257381,NA,NA,NA,NA,NA,NA,NA,NA,NA,NA,NA,NA,NA,NA,NA,NA,NA,NA,NA,NA,NA,NA,NA,"NAX",WIX,"NAX",WIX,7,NA,NA,NA,NA,NA,NA,NA,NA,NA,NA,1,NA,NA,no,99,NA,TEM,HEJ,NA,NA,NA,NA,NA,NA,NA,NA,TEM,HEJ,NA,NA,1,is,hier,nu,2,was,daar,toen,Als hier is daar en daar is hier,,,,,,hier,nu,NA,NA,NA,NA,NA,NA,NA,NA
fb433,116,NA,trial,canvas.Screen,1_4_3_0_0,NA,NA,NA,NA,response,9991,8257371,8257364,8257381,8267355,8267325,2022-04-16T08:25:35.893Z,8267365,NA,NA,NA,NA,NA,NA,NA,NA,NA,NA,NA,NA,NA,NA,NA,NA,NA,NA,NA,NA,NA,NA,NA,YIK,KUB,YIK,KUB,7,NA,NA,NA,NA,NA,NA,NA,NA,NA,NA,1,NA,NA,no,100,NA,MAV,YEY,yes,mousedown @yes,no,FALSE,NA,NA,NA,NA,MAV,YEY,NA,NA,1,is,hier,nu,2,was,daar,toen,Als hier is daar en daar is hier,,,,,,daar,toen,NA,NA,NA,NA,NA,NA,NA,NA
fb433,116,NA,timer,html.Frame,1_4_3_0,NA,NA,NA,NA,NA,9945.99999999907,8257367,8257364,8257381,8267327,8267327,2022-04-16T08:25:35.894Z,8267365,NA,NA,NA,NA,NA,NA,NA,NA,NA,NA,NA,NA,NA,NA,NA,NA,NA,KUZ,PEJ,BEJ,FIF,NA,NA,"NAX",WIX,"NAX",WIX,7,NA,NA,NA,NA,NA,NA,NA,NA,NA,NA,1,NA,NA,no,100,NA,TEM,HEJ,NA,NA,NA,NA,NA,NA,NA,NA,TEM,HEJ,NA,NA,1,is,hier,nu,2,was,daar,toen,Als hier is daar en daar is hier,,,,,,daar,toen,NA,NA,NA,NA,NA,NA,NA,NA
fb433,116,NA,iti,canvas.Screen,1_4_3_1,NA,NA,NA,NA,timeout,1000,8267327,8267348,8267365,8268349,8268349,2022-04-16T08:25:36.917Z,8268365,NA,NA,NA,NA,NA,NA,NA,NA,NA,NA,NA,NA,NA,NA,NA,NA,NA,NA,NA,NA,NA,NA,NA,"NAX",WIX,"NAX",WIX,7,NA,NA,NA,NA,NA,NA,NA,NA,NA,NA,1,NA,NA,no,100,NA,TEM,HEJ,NA,NA,NA,NA,NA,NA,NA,NA,TEM,HEJ,NA,NA,1,is,hier,nu,2,was,daar,toen,Als hier is daar en daar is hier,,,,,,daar,toen,NA,NA,NA,NA,NA,NA,NA,NA
fb433,116,NA,trial_sequence,flow.Sequence,1_4_3,NA,NA,NA,NA,completion,10968,8257365,8257364,8257381,8268349,8268350,2022-04-16T08:25:36.917Z,8268365,NA,NA,NA,NA,NA,NA,NA,NA,NA,NA,NA,NA,NA,NA,NA,NA,NA,NA,NA,NA,NA,NA,NA,"NAX",WIX,"NAX",WIX,7,NA,NA,NA,NA,NA,NA,NA,NA,NA,NA,1,NA,NA,no,100,NA,TEM,HEJ,NA,NA,NA,NA,NA,NA,NA,NA,TEM,HEJ,NA,NA,1,is,hier,nu,2,was,daar,toen,Als hier is daar en daar is hier,,,,,,daar,toen,NA,NA,NA,NA,NA,NA,NA,NA
fb433,117,NA,trial,canvas.Screen,1_4_4_0_0,NA,NA,NA,NA,response,15856,8268355,8268349,8268365,8284205,8284176,2022-04-16T08:25:52.743Z,8284217,NA,NA,NA,NA,NA,NA,NA,NA,NA,NA,NA,NA,NA,NA,NA,NA,NA,NA,NA,NA,NA,NA,NA,KUZ,PEJ,KUZ,PEJ,7,NA,NA,NA,NA,NA,NA,NA,NA,NA,NA,1,NA,NA,yes,101,NA,BEJ,FIF,no,mousedown @no,yes,FALSE,NA,NA,NA,NA,BEJ,FIF,NA,NA,1,is,hier,nu,2,was,daar,toen,Als nu is toen en toen is nu,,,,,,hier,toen,NA,NA,NA,NA,NA,NA,NA,NA
fb433,117,NA,timer,html.Frame,1_4_4_0,NA,NA,NA,NA,NA,15812,8268352,8268349,8268365,8284177,8284178,2022-04-16T08:25:52.745Z,8284217,NA,NA,NA,NA,NA,NA,NA,NA,NA,NA,NA,NA,NA,NA,NA,NA,NA,XUX,FOW,JEX,DEG,NA,NA,"NAX",WIX,"NAX",WIX,7,NA,NA,NA,NA,NA,NA,NA,NA,NA,NA,1,NA,NA,yes,101,NA,TEM,HEJ,NA,NA,NA,NA,NA,NA,NA,NA,TEM,HEJ,NA,NA,1,is,hier,nu,2,was,daar,toen,Als nu is toen en toen is nu,,,,,,hier,toen,NA,NA,NA,NA,NA,NA,NA,NA
fb433,117,NA,iti,canvas.Screen,1_4_4_1,NA,NA,NA,NA,timeout,999,8284178,8284199,8284217,8285199,8285200,2022-04-16T08:25:53.767Z,8285216,NA,NA,NA,NA,NA,NA,NA,NA,NA,NA,NA,NA,NA,NA,NA,NA,NA,NA,NA,NA,NA,NA,NA,"NAX",WIX,"NAX",WIX,7,NA,NA,NA,NA,NA,NA,NA,NA,NA,NA,1,NA,NA,yes,101,NA,TEM,HEJ,NA,NA,NA,NA,NA,NA,NA,NA,TEM,HEJ,NA,NA,1,is,hier,nu,2,was,daar,toen,Als nu is toen en toen is nu,,,,,,hier,toen,NA,NA,NA,NA,NA,NA,NA,NA
fb433,117,NA,trial_sequence,flow.Sequence,1_4_4,NA,NA,NA,NA,completion,16834,8268350,8268349,8268365,8285199,8285200,2022-04-16T08:25:53.767Z,8285216,NA,NA,NA,NA,NA,NA,NA,NA,NA,NA,NA,NA,NA,NA,NA,NA,NA,NA,NA,NA,NA,NA,NA,"NAX",WIX,"NAX",WIX,7,NA,NA,NA,NA,NA,NA,NA,NA,NA,NA,1,NA,NA,yes,101,NA,TEM,HEJ,NA,NA,NA,NA,NA,NA,NA,NA,TEM,HEJ,NA,NA,1,is,hier,nu,2,was,daar,toen,Als nu is toen en toen is nu,,,,,,hier,toen,NA,NA,NA,NA,NA,NA,NA,NA
fb433,118,NA,trial,canvas.Screen,1_4_5_0_0,NA,NA,NA,NA,response,18689.0000000009,8285205,8285199,8285216,8303888,8303857,2022-04-16T08:26:12.424Z,8303901,NA,NA,NA,NA,NA,NA,NA,NA,NA,NA,NA,NA,NA,NA,NA,NA,NA,NA,NA,NA,NA,NA,NA,XUX,FOW,XUX,FOW,7,NA,NA,NA,NA,NA,NA,NA,NA,NA,NA,1,NA,NA,no,102,NA,JEX,DEG,no,mousedown @no,no,TRUE,NA,NA,NA,NA,JEX,DEG,NA,NA,1,is,hier,nu,2,was,daar,toen,Als nu is toen en toen is nu,,,,,,daar,nu,NA,NA,NA,NA,NA,NA,NA,NA
fb433,118,NA,timer,html.Frame,1_4_5_0,NA,NA,NA,NA,NA,18643,8285202,8285199,8285216,8303859,8303859,2022-04-16T08:26:12.426Z,8303901,NA,NA,NA,NA,NA,NA,NA,NA,NA,NA,NA,NA,NA,NA,NA,NA,NA,XIC,JIY,PIW,FEV,NA,50,"NAX",WIX,"NAX",WIX,7,NA,NA,NA,NA,NA,NA,NA,NA,NA,NA,1,NA,NA,no,102,NA,TEM,HEJ,NA,NA,NA,NA,NA,NA,NA,NA,TEM,HEJ,NA,NA,1,is,hier,nu,2,was,daar,toen,Als nu is toen en toen is nu,,,,,,daar,nu,NA,NA,NA,NA,NA,NA,NA,NA
fb433,118,NA,iti,canvas.Screen,1_4_5_1,NA,NA,NA,NA,timeout,1000,8303859,8303885,8303901,8304885,8304885,2022-04-16T08:26:13.452Z,8304901,NA,NA,NA,NA,NA,NA,NA,NA,NA,NA,NA,NA,NA,NA,NA,NA,NA,NA,NA,NA,NA,NA,NA,"NAX",WIX,"NAX",WIX,7,NA,NA,NA,NA,NA,NA,NA,NA,NA,NA,1,NA,NA,no,102,NA,TEM,HEJ,NA,NA,NA,NA,NA,NA,NA,NA,TEM,HEJ,NA,NA,1,is,hier,nu,2,was,daar,toen,Als nu is toen en toen is nu,,,,,,daar,nu,NA,NA,NA,NA,NA,NA,NA,NA
fb433,118,NA,trial_sequence,flow.Sequence,1_4_5,NA,NA,NA,NA,completion,19669,8285200,8285199,8285216,8304885,8304886,2022-04-16T08:26:13.452Z,8304901,NA,NA,NA,NA,NA,NA,NA,NA,NA,NA,NA,NA,NA,NA,NA,NA,NA,NA,NA,NA,NA,NA,NA,"NAX",WIX,"NAX",WIX,7,NA,NA,NA,NA,NA,NA,NA,NA,NA,NA,1,NA,NA,no,102,NA,TEM,HEJ,NA,NA,NA,NA,NA,NA,NA,NA,TEM,HEJ,NA,NA,1,is,hier,nu,2,was,daar,toen,Als nu is toen en toen is nu,,,,,,daar,nu,NA,NA,NA,NA,NA,NA,NA,NA
fb433,119,NA,trial,canvas.Screen,1_4_6_0_0,NA,NA,NA,NA,response,13378.0000000009,8304892,8304885,8304901,8318263,8318233,2022-04-16T08:26:26.799Z,8318268,NA,NA,NA,NA,NA,NA,NA,NA,NA,NA,NA,NA,NA,NA,NA,NA,NA,NA,NA,NA,NA,NA,NA,XIC,JIY,XIC,JIY,7,NA,NA,NA,NA,NA,NA,NA,NA,NA,NA,1,NA,NA,yes,103,NA,PIW,FEV,no,mousedown @no,yes,FALSE,NA,NA,NA,NA,PIW,FEV,NA,NA,1,is,hier,nu,2,was,daar,toen,Als hier is daar en daar is hier,1,is,2,en,als,hier,toen,XIC,JIY,NA,NA,NA,NA,NA,NA
fb433,119,NA,timer,html.Frame,1_4_6_0,NA,NA,NA,NA,NA,13333,8304888,8304885,8304901,8318234,8318234,2022-04-16T08:26:26.800Z,8318268,NA,NA,NA,NA,NA,NA,NA,NA,NA,NA,NA,NA,NA,NA,NA,NA,NA,QEL,KEJ,XED,DIY,NA,NA,"NAX",WIX,"NAX",WIX,7,NA,NA,NA,NA,NA,NA,NA,NA,NA,NA,1,NA,NA,yes,103,NA,TEM,HEJ,NA,NA,NA,NA,NA,NA,NA,NA,TEM,HEJ,NA,NA,1,is,hier,nu,2,was,daar,toen,Als hier is daar en daar is hier,1,is,2,en,als,hier,toen,NA,NA,NA,NA,NA,NA,NA,NA
fb433,119,NA,iti,canvas.Screen,1_4_6_1,NA,NA,NA,NA,timeout,1000,8318234,8318251,8318268,8319252,8319253,2022-04-16T08:26:27.819Z,8319268,NA,NA,NA,NA,NA,NA,NA,NA,NA,NA,NA,NA,NA,NA,NA,NA,NA,NA,NA,NA,NA,NA,NA,"NAX",WIX,"NAX",WIX,7,NA,NA,NA,NA,NA,NA,NA,NA,NA,NA,1,NA,NA,yes,103,NA,TEM,HEJ,NA,NA,NA,NA,NA,NA,NA,NA,TEM,HEJ,NA,NA,1,is,hier,nu,2,was,daar,toen,Als hier is daar en daar is hier,1,is,2,en,als,hier,toen,NA,NA,NA,NA,NA,NA,NA,NA
fb433,119,NA,trial_sequence,flow.Sequence,1_4_6,NA,NA,NA,NA,completion,14351,8304886,8304885,8304901,8319252,8319253,2022-04-16T08:26:27.820Z,8319268,NA,NA,NA,NA,NA,NA,NA,NA,NA,NA,NA,NA,NA,NA,NA,NA,NA,NA,NA,NA,NA,NA,NA,"NAX",WIX,"NAX",WIX,7,NA,NA,NA,NA,NA,NA,NA,NA,NA,NA,1,NA,NA,yes,103,NA,TEM,HEJ,NA,NA,NA,NA,NA,NA,NA,NA,TEM,HEJ,NA,NA,1,is,hier,nu,2,was,daar,toen,Als hier is daar en daar is hier,1,is,2,en,als,hier,toen,NA,NA,NA,NA,NA,NA,NA,NA
fb433,120,NA,trial,canvas.Screen,1_4_7_0_0,NA,NA,NA,NA,response,11110.0000000009,8319258,8319252,8319268,8330362,8330332,2022-04-16T08:26:38.898Z,8330369,NA,NA,NA,NA,NA,NA,NA,NA,NA,NA,NA,NA,NA,NA,NA,NA,NA,NA,NA,NA,NA,NA,NA,QEL,KEJ,QEL,KEJ,7,NA,NA,NA,NA,NA,NA,NA,NA,NA,NA,1,NA,NA,no,104,NA,XED,DIY,no,mousedown @no,no,TRUE,NA,NA,NA,NA,XED,DIY,NA,NA,1,is,hier,nu,2,was,daar,toen,Als hier is daar en daar is hier,1,is,2,en,als,daar,toen,QEL,KEJ,NA,NA,NA,NA,NA,NA
fb433,120,NA,timer,html.Frame,1_4_7_0,NA,NA,NA,NA,NA,11065.0000000009,8319255,8319252,8319268,8330333,8330333,2022-04-16T08:26:38.900Z,8330369,NA,NA,NA,NA,NA,NA,NA,NA,NA,NA,NA,NA,NA,NA,NA,NA,NA,MUB,QAQ,XUG,JEQ,NA,51,"NAX",WIX,"NAX",WIX,7,NA,NA,NA,NA,NA,NA,NA,NA,NA,NA,1,NA,NA,no,104,NA,TEM,HEJ,NA,NA,NA,NA,NA,NA,NA,NA,TEM,HEJ,NA,NA,1,is,hier,nu,2,was,daar,toen,Als hier is daar en daar is hier,1,is,2,en,als,daar,toen,NA,NA,NA,NA,NA,NA,NA,NA
fb433,120,NA,iti,canvas.Screen,1_4_7_1,NA,NA,NA,NA,timeout,1001,8330333,8330353,8330369,8331353,8331354,2022-04-16T08:26:39.920Z,8331370,NA,NA,NA,NA,NA,NA,NA,NA,NA,NA,NA,NA,NA,NA,NA,NA,NA,NA,NA,NA,NA,NA,NA,"NAX",WIX,"NAX",WIX,7,NA,NA,NA,NA,NA,NA,NA,NA,NA,NA,1,NA,NA,no,104,NA,TEM,HEJ,NA,NA,NA,NA,NA,NA,NA,NA,TEM,HEJ,NA,NA,1,is,hier,nu,2,was,daar,toen,Als hier is daar en daar is hier,1,is,2,en,als,daar,toen,NA,NA,NA,NA,NA,NA,NA,NA
fb433,120,NA,trial_sequence,flow.Sequence,1_4_7,NA,NA,NA,NA,completion,12085,8319253,8319252,8319268,8331353,8331354,2022-04-16T08:26:39.920Z,8331370,NA,NA,NA,NA,NA,NA,NA,NA,NA,NA,NA,NA,NA,NA,NA,NA,NA,NA,NA,NA,NA,NA,NA,"NAX",WIX,"NAX",WIX,7,NA,NA,NA,NA,NA,NA,NA,NA,NA,NA,1,NA,NA,no,104,NA,TEM,HEJ,NA,NA,NA,NA,NA,NA,NA,NA,TEM,HEJ,NA,NA,1,is,hier,nu,2,was,daar,toen,Als hier is daar en daar is hier,1,is,2,en,als,daar,toen,NA,NA,NA,NA,NA,NA,NA,NA
fb433,121,NA,trial,canvas.Screen,1_4_8_0_0,NA,NA,NA,NA,response,13893.0000000009,8331360,8331353,8331370,8345246,8345216,2022-04-16T08:26:53.782Z,8345253,NA,NA,NA,NA,NA,NA,NA,NA,NA,NA,NA,NA,NA,NA,NA,NA,NA,NA,NA,NA,NA,NA,NA,MUB,QAQ,QAQ,QAQ,7,NA,NA,NA,NA,NA,NA,NA,NA,NA,NA,2,NA,NA,no,105,NA,XUG,JEQ,yes,mousedown @yes,no,FALSE,NA,NA,NA,NA,XUG,JEQ,NA,NA,1,is,hier,nu,2,was,daar,toen,Als hier is daar en daar is hier,1,is,2,en,als,hier,nu,MUB,QAQ,NA,NA,NA,NA,NA,NA
fb433,121,NA,timer,html.Frame,1_4_8_0,NA,NA,NA,NA,NA,13847.0000000009,8331356,8331353,8331370,8345217,8345217,2022-04-16T08:26:53.784Z,8345253,NA,NA,NA,NA,NA,NA,NA,NA,NA,NA,NA,NA,NA,NA,NA,NA,NA,QUH,XUQ,GEZ,XEX,NA,NA,"NAX",WIX,"NAX",WIX,7,NA,NA,NA,NA,NA,NA,NA,NA,NA,NA,2,NA,NA,no,105,NA,TEM,HEJ,NA,NA,NA,NA,NA,NA,NA,NA,TEM,HEJ,NA,NA,1,is,hier,nu,2,was,daar,toen,Als hier is daar en daar is hier,1,is,2,en,als,hier,nu,NA,NA,NA,NA,NA,NA,NA,NA
fb433,121,NA,iti,canvas.Screen,1_4_8_1,NA,NA,NA,NA,timeout,1001,8345218,8345237,8345253,8346237,8346238,2022-04-16T08:26:54.804Z,8346254,NA,NA,NA,NA,NA,NA,NA,NA,NA,NA,NA,NA,NA,NA,NA,NA,NA,NA,NA,NA,NA,NA,NA,"NAX",WIX,"NAX",WIX,7,NA,NA,NA,NA,NA,NA,NA,NA,NA,NA,2,NA,NA,no,105,NA,TEM,HEJ,NA,NA,NA,NA,NA,NA,NA,NA,TEM,HEJ,NA,NA,1,is,hier,nu,2,was,daar,toen,Als hier is daar en daar is hier,1,is,2,en,als,hier,nu,NA,NA,NA,NA,NA,NA,NA,NA
fb433,121,NA,trial_sequence,flow.Sequence,1_4_8,NA,NA,NA,NA,completion,14867,8331354,8331353,8331370,8346237,8346238,2022-04-16T08:26:54.805Z,8346254,NA,NA,NA,NA,NA,NA,NA,NA,NA,NA,NA,NA,NA,NA,NA,NA,NA,NA,NA,NA,NA,NA,NA,"NAX",WIX,"NAX",WIX,7,NA,NA,NA,NA,NA,NA,NA,NA,NA,NA,2,NA,NA,no,105,NA,TEM,HEJ,NA,NA,NA,NA,NA,NA,NA,NA,TEM,HEJ,NA,NA,1,is,hier,nu,2,was,daar,toen,Als hier is daar en daar is hier,1,is,2,en,als,hier,nu,NA,NA,NA,NA,NA,NA,NA,NA
fb433,122,NA,trial,canvas.Screen,1_4_9_0_0,NA,NA,NA,NA,response,13214.9999999991,8346244,8346237,8346254,8359452,8359421,2022-04-16T08:27:07.987Z,8359455,NA,NA,NA,NA,NA,NA,NA,NA,NA,NA,NA,NA,NA,NA,NA,NA,NA,NA,NA,NA,NA,NA,NA,QUH,XUQ,XUQ,XUQ,7,NA,NA,NA,NA,NA,NA,NA,NA,NA,NA,2,NA,NA,no,106,NA,GEZ,XEX,no,mousedown @no,no,TRUE,NA,NA,NA,NA,GEZ,XEX,NA,NA,1,is,hier,nu,2,was,daar,toen,Als hier is daar en daar is hier,1,is,2,en,als,hier,toen,QUH,XUQ,NA,NA,NA,NA,NA,NA
fb433,122,NA,timer,html.Frame,1_4_9_0,NA,NA,NA,NA,NA,13168.0000000009,8346240,8346237,8346254,8359422,8359422,2022-04-16T08:27:07.988Z,8359455,NA,NA,NA,NA,NA,NA,NA,NA,NA,NA,NA,NA,NA,NA,NA,NA,NA,RUH,KOC,KIB,HEQ,NA,52,"NAX",WIX,"NAX",WIX,7,NA,NA,NA,NA,NA,NA,NA,NA,NA,NA,2,NA,NA,no,106,NA,TEM,HEJ,NA,NA,NA,NA,NA,NA,NA,NA,TEM,HEJ,NA,NA,1,is,hier,nu,2,was,daar,toen,Als hier is daar en daar is hier,1,is,2,en,als,hier,toen,NA,NA,NA,NA,NA,NA,NA,NA
fb433,122,NA,iti,canvas.Screen,1_4_9_1,NA,NA,NA,NA,timeout,1000,8359422,8359438,8359455,8360438,8360439,2022-04-16T08:27:09.005Z,8360455,NA,NA,NA,NA,NA,NA,NA,NA,NA,NA,NA,NA,NA,NA,NA,NA,NA,NA,NA,NA,NA,NA,NA,"NAX",WIX,"NAX",WIX,7,NA,NA,NA,NA,NA,NA,NA,NA,NA,NA,2,NA,NA,no,106,NA,TEM,HEJ,NA,NA,NA,NA,NA,NA,NA,NA,TEM,HEJ,NA,NA,1,is,hier,nu,2,was,daar,toen,Als hier is daar en daar is hier,1,is,2,en,als,hier,toen,NA,NA,NA,NA,NA,NA,NA,NA
fb433,122,NA,trial_sequence,flow.Sequence,1_4_9,NA,NA,NA,NA,completion,14184,8346239,8346237,8346254,8360438,8360439,2022-04-16T08:27:09.005Z,8360455,NA,NA,NA,NA,NA,NA,NA,NA,NA,NA,NA,NA,NA,NA,NA,NA,NA,NA,NA,NA,NA,NA,NA,"NAX",WIX,"NAX",WIX,7,NA,NA,NA,NA,NA,NA,NA,NA,NA,NA,2,NA,NA,no,106,NA,TEM,HEJ,NA,NA,NA,NA,NA,NA,NA,NA,TEM,HEJ,NA,NA,1,is,hier,nu,2,was,daar,toen,Als hier is daar en daar is hier,1,is,2,en,als,hier,toen,NA,NA,NA,NA,NA,NA,NA,NA
fb433,123,NA,trial,canvas.Screen,1_4_10_0_0,NA,NA,NA,NA,response,13329,8360444,8360438,8360455,8373767,8373737,2022-04-16T08:27:22.302Z,8373773,NA,NA,NA,NA,NA,NA,NA,NA,NA,NA,NA,NA,NA,NA,NA,NA,NA,NA,NA,NA,NA,NA,NA,RUH,KOC,KOC,KOC,7,NA,NA,NA,NA,NA,NA,NA,NA,NA,NA,2,NA,NA,no,107,NA,KIB,HEQ,yes,mousedown @yes,no,FALSE,NA,NA,NA,NA,KIB,HEQ,NA,NA,1,is,hier,nu,2,was,daar,toen,Als hier is daar en daar is hier,1,is,2,en,als,daar,toen,RUH,KOC,NA,NA,NA,NA,NA,NA
fb433,123,NA,timer,html.Frame,1_4_10_0,NA,NA,NA,NA,NA,13282.9999999991,8360441,8360438,8360455,8373738,8373738,2022-04-16T08:27:22.304Z,8373773,NA,NA,NA,NA,NA,NA,NA,NA,NA,NA,NA,NA,NA,NA,NA,NA,NA,DOX,VUL,YAD,GUZ,NA,NA,"NAX",WIX,"NAX",WIX,7,NA,NA,NA,NA,NA,NA,NA,NA,NA,NA,2,NA,NA,no,107,NA,TEM,HEJ,NA,NA,NA,NA,NA,NA,NA,NA,TEM,HEJ,NA,NA,1,is,hier,nu,2,was,daar,toen,Als hier is daar en daar is hier,1,is,2,en,als,daar,toen,NA,NA,NA,NA,NA,NA,NA,NA
fb433,123,NA,iti,canvas.Screen,1_4_10_1,NA,NA,NA,NA,timeout,999,8373738,8373756,8373773,8374755,8374756,2022-04-16T08:27:23.322Z,8374772,NA,NA,NA,NA,NA,NA,NA,NA,NA,NA,NA,NA,NA,NA,NA,NA,NA,NA,NA,NA,NA,NA,NA,"NAX",WIX,"NAX",WIX,7,NA,NA,NA,NA,NA,NA,NA,NA,NA,NA,2,NA,NA,no,107,NA,TEM,HEJ,NA,NA,NA,NA,NA,NA,NA,NA,TEM,HEJ,NA,NA,1,is,hier,nu,2,was,daar,toen,Als hier is daar en daar is hier,1,is,2,en,als,daar,toen,NA,NA,NA,NA,NA,NA,NA,NA
fb433,123,NA,trial_sequence,flow.Sequence,1_4_10,NA,NA,NA,NA,completion,14300,8360439,8360438,8360455,8374755,8374756,2022-04-16T08:27:23.322Z,8374772,NA,NA,NA,NA,NA,NA,NA,NA,NA,NA,NA,NA,NA,NA,NA,NA,NA,NA,NA,NA,NA,NA,NA,"NAX",WIX,"NAX",WIX,7,NA,NA,NA,NA,NA,NA,NA,NA,NA,NA,2,NA,NA,no,107,NA,TEM,HEJ,NA,NA,NA,NA,NA,NA,NA,NA,TEM,HEJ,NA,NA,1,is,hier,nu,2,was,daar,toen,Als hier is daar en daar is hier,1,is,2,en,als,daar,toen,NA,NA,NA,NA,NA,NA,NA,NA
fb433,124,NA,trial,canvas.Screen,1_4_11_0_0,NA,NA,NA,NA,response,14934,8374763,8374755,8374772,8389689,8389659,2022-04-16T08:27:38.224Z,8389690,NA,NA,NA,NA,NA,NA,NA,NA,NA,NA,NA,NA,NA,NA,NA,NA,NA,NA,NA,NA,NA,NA,NA,DOX,VUL,DOX,VUL,7,NA,NA,NA,NA,NA,NA,NA,NA,NA,NA,1,NA,NA,no,108,NA,YAD,GUZ,no,mousedown @no,no,TRUE,NA,NA,NA,NA,YAD,GUZ,NA,NA,1,is,hier,nu,2,was,daar,toen,Als nu is toen en toen is nu,1,is,2,en,als,hier,toen,DOX,VUL,NA,NA,NA,NA,NA,NA
fb433,124,NA,timer,html.Frame,1_4_11_0,NA,NA,NA,NA,NA,14888,8374759,8374755,8374772,8389660,8389660,2022-04-16T08:27:38.226Z,8389690,NA,NA,NA,NA,NA,NA,NA,NA,NA,NA,NA,NA,NA,NA,NA,NA,NA,QEK,KIY,XIP,MUY,NA,53,"NAX",WIX,"NAX",WIX,7,NA,NA,NA,NA,NA,NA,NA,NA,NA,NA,1,NA,NA,no,108,NA,TEM,HEJ,NA,NA,NA,NA,NA,NA,NA,NA,TEM,HEJ,NA,NA,1,is,hier,nu,2,was,daar,toen,Als nu is toen en toen is nu,1,is,2,en,als,hier,toen,NA,NA,NA,NA,NA,NA,NA,NA
fb433,124,NA,iti,canvas.Screen,1_4_11_1,NA,NA,NA,NA,timeout,1000,8389661,8389674,8389690,8390674,8390674,2022-04-16T08:27:39.240Z,8390690,NA,NA,NA,NA,NA,NA,NA,NA,NA,NA,NA,NA,NA,NA,NA,NA,NA,NA,NA,NA,NA,NA,NA,"NAX",WIX,"NAX",WIX,7,NA,NA,NA,NA,NA,NA,NA,NA,NA,NA,1,NA,NA,no,108,NA,TEM,HEJ,NA,NA,NA,NA,NA,NA,NA,NA,TEM,HEJ,NA,NA,1,is,hier,nu,2,was,daar,toen,Als nu is toen en toen is nu,1,is,2,en,als,hier,toen,NA,NA,NA,NA,NA,NA,NA,NA
fb433,124,NA,trial_sequence,flow.Sequence,1_4_11,NA,NA,NA,NA,completion,15902,8374757,8374755,8374772,8390674,8390675,2022-04-16T08:27:39.240Z,8390690,NA,NA,NA,NA,NA,NA,NA,NA,NA,NA,NA,NA,NA,NA,NA,NA,NA,NA,NA,NA,NA,NA,NA,"NAX",WIX,"NAX",WIX,7,NA,NA,NA,NA,NA,NA,NA,NA,NA,NA,1,NA,NA,no,108,NA,TEM,HEJ,NA,NA,NA,NA,NA,NA,NA,NA,TEM,HEJ,NA,NA,1,is,hier,nu,2,was,daar,toen,Als nu is toen en toen is nu,1,is,2,en,als,hier,toen,NA,NA,NA,NA,NA,NA,NA,NA
fb433,125,NA,trial,canvas.Screen,1_4_12_0_0,NA,NA,NA,NA,response,11704,8390681,8390674,8390690,8402378,8402347,2022-04-16T08:27:50.912Z,8402391,NA,NA,NA,NA,NA,NA,NA,NA,NA,NA,NA,NA,NA,NA,NA,NA,NA,NA,NA,NA,NA,NA,NA,QEK,KIY,QEK,KIY,7,NA,NA,NA,NA,NA,NA,NA,NA,NA,NA,1,NA,NA,yes,109,NA,XIP,MUY,no,mousedown @no,yes,FALSE,NA,NA,NA,NA,XIP,MUY,NA,NA,1,is,hier,nu,2,was,daar,toen,Als nu is toen en toen is nu,1,is,2,en,als,daar,nu,QEK,KIY,NA,NA,NA,NA,NA,NA
fb433,125,NA,timer,html.Frame,1_4_12_0,NA,NA,NA,NA,NA,11659,8390677,8390674,8390690,8402349,8402349,2022-04-16T08:27:50.915Z,8402391,NA,NA,NA,NA,NA,NA,NA,NA,NA,NA,NA,NA,NA,NA,NA,NA,NA,LIX,LUB,FAZ,GEQ,NA,NA,"NAX",WIX,"NAX",WIX,7,NA,NA,NA,NA,NA,NA,NA,NA,NA,NA,1,NA,NA,yes,109,NA,TEM,HEJ,NA,NA,NA,NA,NA,NA,NA,NA,TEM,HEJ,NA,NA,1,is,hier,nu,2,was,daar,toen,Als nu is toen en toen is nu,1,is,2,en,als,daar,nu,NA,NA,NA,NA,NA,NA,NA,NA
fb433,125,NA,iti,canvas.Screen,1_4_12_1,NA,NA,NA,NA,timeout,1002,8402350,8402375,8402391,8403374,8403375,2022-04-16T08:27:51.940Z,8403393,NA,NA,NA,NA,NA,NA,NA,NA,NA,NA,NA,NA,NA,NA,NA,NA,NA,NA,NA,NA,NA,NA,NA,"NAX",WIX,"NAX",WIX,7,NA,NA,NA,NA,NA,NA,NA,NA,NA,NA,1,NA,NA,yes,109,NA,TEM,HEJ,NA,NA,NA,NA,NA,NA,NA,NA,TEM,HEJ,NA,NA,1,is,hier,nu,2,was,daar,toen,Als nu is toen en toen is nu,1,is,2,en,als,daar,nu,NA,NA,NA,NA,NA,NA,NA,NA
fb433,125,NA,trial_sequence,flow.Sequence,1_4_12,NA,NA,NA,NA,completion,12684,8390675,8390674,8390690,8403374,8403375,2022-04-16T08:27:51.941Z,8403393,NA,NA,NA,NA,NA,NA,NA,NA,NA,NA,NA,NA,NA,NA,NA,NA,NA,NA,NA,NA,NA,NA,NA,"NAX",WIX,"NAX",WIX,7,NA,NA,NA,NA,NA,NA,NA,NA,NA,NA,1,NA,NA,yes,109,NA,TEM,HEJ,NA,NA,NA,NA,NA,NA,NA,NA,TEM,HEJ,NA,NA,1,is,hier,nu,2,was,daar,toen,Als nu is toen en toen is nu,1,is,2,en,als,daar,nu,NA,NA,NA,NA,NA,NA,NA,NA
fb433,126,NA,trial,canvas.Screen,1_4_13_0_0,NA,NA,NA,NA,response,16319,8403384,8403374,8403393,8419693,8419662,2022-04-16T08:28:08.227Z,8419692,NA,NA,NA,NA,NA,NA,NA,NA,NA,NA,NA,NA,NA,NA,NA,NA,NA,NA,NA,NA,NA,NA,NA,LIX,LUB,LIX,LUB,7,NA,NA,NA,NA,NA,NA,NA,NA,NA,NA,1,NA,NA,no,110,NA,FAZ,GEQ,no,mousedown @no,no,TRUE,NA,NA,NA,NA,FAZ,GEQ,NA,NA,1,is,hier,nu,2,was,daar,toen,Als nu is toen en toen is nu,1,is,2,en,als,daar,toen,LIX,LUB,NA,NA,NA,NA,NA,NA
fb433,126,NA,timer,html.Frame,1_4_13_0,NA,NA,NA,NA,NA,16270,8403378,8403374,8403393,8419663,8419664,2022-04-16T08:28:08.228Z,8419692,NA,NA,NA,NA,NA,NA,NA,NA,NA,NA,NA,NA,NA,NA,NA,NA,NA,WUC,GOW,VEC,XOD,NA,54,"NAX",WIX,"NAX",WIX,7,NA,NA,NA,NA,NA,NA,NA,NA,NA,NA,1,NA,NA,no,110,NA,TEM,HEJ,NA,NA,NA,NA,NA,NA,NA,NA,TEM,HEJ,NA,NA,1,is,hier,nu,2,was,daar,toen,Als nu is toen en toen is nu,1,is,2,en,als,daar,toen,NA,NA,NA,NA,NA,NA,NA,NA
fb433,126,NA,iti,canvas.Screen,1_4_13_1,NA,NA,NA,NA,timeout,1000,8419664,8419676,8419692,8420675,8420676,2022-04-16T08:28:09.241Z,8420692,NA,NA,NA,NA,NA,NA,NA,NA,NA,NA,NA,NA,NA,NA,NA,NA,NA,NA,NA,NA,NA,NA,NA,"NAX",WIX,"NAX",WIX,7,NA,NA,NA,NA,NA,NA,NA,NA,NA,NA,1,NA,NA,no,110,NA,TEM,HEJ,NA,NA,NA,NA,NA,NA,NA,NA,TEM,HEJ,NA,NA,1,is,hier,nu,2,was,daar,toen,Als nu is toen en toen is nu,1,is,2,en,als,daar,toen,NA,NA,NA,NA,NA,NA,NA,NA
fb433,126,NA,trial_sequence,flow.Sequence,1_4_13,NA,NA,NA,NA,completion,17282,8403376,8403374,8403393,8420675,8420677,2022-04-16T08:28:09.241Z,8420692,NA,NA,NA,NA,NA,NA,NA,NA,NA,NA,NA,NA,NA,NA,NA,NA,NA,NA,NA,NA,NA,NA,NA,"NAX",WIX,"NAX",WIX,7,NA,NA,NA,NA,NA,NA,NA,NA,NA,NA,1,NA,NA,no,110,NA,TEM,HEJ,NA,NA,NA,NA,NA,NA,NA,NA,TEM,HEJ,NA,NA,1,is,hier,nu,2,was,daar,toen,Als nu is toen en toen is nu,1,is,2,en,als,daar,toen,NA,NA,NA,NA,NA,NA,NA,NA
fb433,127,NA,trial,canvas.Screen,1_4_14_0_0,NA,NA,NA,NA,response,11003,8420683,8420675,8420692,8431678,8431646,2022-04-16T08:28:20.211Z,8431676,NA,NA,NA,NA,NA,NA,NA,NA,NA,NA,NA,NA,NA,NA,NA,NA,NA,NA,NA,NA,NA,NA,NA,WUC,GOW,GOW,GOW,7,NA,NA,NA,NA,NA,NA,NA,NA,NA,NA,2,NA,NA,yes,111,NA,VEC,XOD,no,mousedown @no,yes,FALSE,NA,NA,NA,NA,VEC,XOD,NA,NA,1,is,hier,nu,2,was,daar,toen,Als nu is toen en toen is nu,1,is,2,en,als,hier,toen,WUC,GOW,NA,NA,NA,NA,NA,NA
fb433,127,NA,timer,html.Frame,1_4_14_0,NA,NA,NA,NA,NA,10955,8420679,8420675,8420692,8431647,8431648,2022-04-16T08:28:20.212Z,8431676,NA,NA,NA,NA,NA,NA,NA,NA,NA,NA,NA,NA,NA,NA,NA,NA,NA,HOX,GUB,FUV,WOF,NA,NA,"NAX",WIX,"NAX",WIX,7,NA,NA,NA,NA,NA,NA,NA,NA,NA,NA,2,NA,NA,yes,111,NA,TEM,HEJ,NA,NA,NA,NA,NA,NA,NA,NA,TEM,HEJ,NA,NA,1,is,hier,nu,2,was,daar,toen,Als nu is toen en toen is nu,1,is,2,en,als,hier,toen,NA,NA,NA,NA,NA,NA,NA,NA
fb433,127,NA,iti,canvas.Screen,1_4_14_1,NA,NA,NA,NA,timeout,1000,8431648,8431660,8431676,8432660,8432660,2022-04-16T08:28:21.225Z,8432676,NA,NA,NA,NA,NA,NA,NA,NA,NA,NA,NA,NA,NA,NA,NA,NA,NA,NA,NA,NA,NA,NA,NA,"NAX",WIX,"NAX",WIX,7,NA,NA,NA,NA,NA,NA,NA,NA,NA,NA,2,NA,NA,yes,111,NA,TEM,HEJ,NA,NA,NA,NA,NA,NA,NA,NA,TEM,HEJ,NA,NA,1,is,hier,nu,2,was,daar,toen,Als nu is toen en toen is nu,1,is,2,en,als,hier,toen,NA,NA,NA,NA,NA,NA,NA,NA
fb433,127,NA,trial_sequence,flow.Sequence,1_4_14,NA,NA,NA,NA,completion,11968,8420677,8420675,8420692,8432660,8432661,2022-04-16T08:28:21.226Z,8432676,NA,NA,NA,NA,NA,NA,NA,NA,NA,NA,NA,NA,NA,NA,NA,NA,NA,NA,NA,NA,NA,NA,NA,"NAX",WIX,"NAX",WIX,7,NA,NA,NA,NA,NA,NA,NA,NA,NA,NA,2,NA,NA,yes,111,NA,TEM,HEJ,NA,NA,NA,NA,NA,NA,NA,NA,TEM,HEJ,NA,NA,1,is,hier,nu,2,was,daar,toen,Als nu is toen en toen is nu,1,is,2,en,als,hier,toen,NA,NA,NA,NA,NA,NA,NA,NA
fb433,128,NA,trial,canvas.Screen,1_4_15_0_0,NA,NA,NA,NA,response,15515,8432667,8432660,8432676,8448175,8448142,2022-04-16T08:28:36.706Z,8448177,NA,NA,NA,NA,NA,NA,NA,NA,NA,NA,NA,NA,NA,NA,NA,NA,NA,NA,NA,NA,NA,NA,NA,HOX,GUB,GUB,GUB,7,NA,NA,NA,NA,NA,NA,NA,NA,NA,NA,2,NA,NA,no,112,NA,FUV,WOF,no,mousedown @no,no,TRUE,NA,NA,NA,NA,FUV,WOF,NA,NA,1,is,hier,nu,2,was,daar,toen,Als nu is toen en toen is nu,1,is,2,en,als,daar,toen,HOX,GUB,NA,NA,NA,NA,NA,NA
fb433,128,NA,timer,html.Frame,1_4_15_0,NA,NA,NA,NA,NA,15467,8432663,8432660,8432676,8448143,8448143,2022-04-16T08:28:36.708Z,8448177,NA,NA,NA,NA,NA,NA,NA,NA,NA,NA,NA,NA,NA,NA,NA,NA,NA,XIR,VUQ,MEF,JIX,NA,55,"NAX",WIX,"NAX",WIX,7,NA,NA,NA,NA,NA,NA,NA,NA,NA,NA,2,NA,NA,no,112,NA,TEM,HEJ,NA,NA,NA,NA,NA,NA,NA,NA,TEM,HEJ,NA,NA,1,is,hier,nu,2,was,daar,toen,Als nu is toen en toen is nu,1,is,2,en,als,daar,toen,NA,NA,NA,NA,NA,NA,NA,NA
fb433,128,NA,iti,canvas.Screen,1_4_15_1,NA,NA,NA,NA,timeout,1050,8448143,8448161,8448177,8449161,8449161,2022-04-16T08:28:37.726Z,8449227,NA,NA,NA,NA,NA,NA,NA,NA,NA,NA,NA,NA,NA,NA,NA,NA,NA,NA,NA,NA,NA,NA,NA,"NAX",WIX,"NAX",WIX,7,NA,NA,NA,NA,NA,NA,NA,NA,NA,NA,2,NA,NA,no,112,NA,TEM,HEJ,NA,NA,NA,NA,NA,NA,NA,NA,TEM,HEJ,NA,NA,1,is,hier,nu,2,was,daar,toen,Als nu is toen en toen is nu,1,is,2,en,als,daar,toen,NA,NA,NA,NA,NA,NA,NA,NA
fb433,128,NA,trial_sequence,flow.Sequence,1_4_15,NA,NA,NA,NA,completion,16485,8432661,8432660,8432676,8449161,8449162,2022-04-16T08:28:37.726Z,8449227,NA,NA,NA,NA,NA,NA,NA,NA,NA,NA,NA,NA,NA,NA,NA,NA,NA,NA,NA,NA,NA,NA,NA,"NAX",WIX,"NAX",WIX,7,NA,NA,NA,NA,NA,NA,NA,NA,NA,NA,2,NA,NA,no,112,NA,TEM,HEJ,NA,NA,NA,NA,NA,NA,NA,NA,TEM,HEJ,NA,NA,1,is,hier,nu,2,was,daar,toen,Als nu is toen en toen is nu,1,is,2,en,als,daar,toen,NA,NA,NA,NA,NA,NA,NA,NA
fb433,128,NA,trial_list_deictic,flow.Loop,1_4,NA,NA,NA,NA,completion,237083,8212056,8212012,8212078,8449161,8449162,2022-04-16T08:28:37.727Z,8449227,NA,NA,NA,NA,NA,NA,NA,NA,NA,NA,NA,NA,NA,NA,NA,NA,NA,NA,NA,NA,NA,NA,NA,"NAX",WIX,"NAX",WIX,NA,NA,NA,NA,NA,NA,NA,NA,NA,NA,NA,NA,NA,NA,NA,NA,NA,TEM,HEJ,NA,NA,NA,NA,NA,NA,NA,NA,TEM,HEJ,NA,NA,NA,NA,NA,NA,NA,NA,NA,NA,NA,NA,NA,NA,NA,NA,NA,NA,NA,NA,NA,NA,NA,NA,NA,NA
fb433,129,NA,trial,canvas.Screen,1_5_0_0_0,NA,NA,NA,NA,response,19521,8449217,8449161,8449227,8468682,8468650,2022-04-16T08:28:57.214Z,8468695,NA,NA,NA,NA,NA,NA,NA,NA,NA,NA,NA,NA,NA,NA,NA,NA,NA,NUX,VIF,XOG,MUZ,NA,NA,NUX,VIF,VIF,MUZ,8,+,NA,+,NA,NA,NA,NA,NA,NA,NA,2,meer dan,4,no,113,NA,XOG,MUZ,no,mousedown @no,no,TRUE,NA,NA,NA,NA,XOG,MUZ,NA,NA,NA,NA,NA,NA,NA,NA,NA,NA,NA,NA,NA,NA,NA,NA,NA,NA,NA,NA,is hetzelfde als,1,is meer dan,3,NUX,XOG
fb433,129,NA,timer,html.Frame,1_5_0_0,NA,NA,NA,NA,NA,19425,8449214,8449161,8449227,8468652,8468652,2022-04-16T08:28:57.216Z,8468695,NA,NA,NA,NA,NA,NA,NA,NA,NA,NA,NA,NA,NA,NA,NA,NA,NA,XEN,QUD,BEX,XAW,NA,56,NUX,VIF,NUX,VIF,8,+,NA,+,NA,NA,NA,NA,NA,NA,NA,2,meer dan,4,no,113,NA,XOG,MUZ,NA,NA,NA,NA,NA,NA,NA,NA,XOG,MUZ,NA,NA,NA,NA,NA,NA,NA,NA,NA,NA,NA,NA,NA,NA,NA,NA,NA,NA,NA,NA,is hetzelfde als,1,is meer dan,3,NA,NA
fb433,129,NA,iti,canvas.Screen,1_5_0_1,NA,NA,NA,NA,timeout,1001,8468653,8468679,8468695,8469678,8469679,2022-04-16T08:28:58.243Z,8469696,NA,NA,NA,NA,NA,NA,NA,NA,NA,NA,NA,NA,NA,NA,NA,NA,NA,NA,NA,NA,NA,NA,NA,NUX,VIF,NUX,VIF,8,+,NA,+,NA,NA,NA,NA,NA,NA,NA,2,meer dan,4,no,113,NA,XOG,MUZ,NA,NA,NA,NA,NA,NA,NA,NA,XOG,MUZ,NA,NA,NA,NA,NA,NA,NA,NA,NA,NA,NA,NA,NA,NA,NA,NA,NA,NA,NA,NA,is hetzelfde als,1,is meer dan,3,NA,NA
fb433,129,NA,trial_sequence,flow.Sequence,1_5_0,NA,NA,NA,NA,completion,20451,8449213,8449161,8449227,8469678,8469679,2022-04-16T08:28:58.243Z,8469696,NA,NA,NA,NA,NA,NA,NA,NA,NA,NA,NA,NA,NA,NA,NA,NA,NA,NA,NA,NA,NA,NA,NA,NUX,VIF,NUX,VIF,8,+,NA,+,NA,NA,NA,NA,NA,NA,NA,2,meer dan,4,no,113,NA,XOG,MUZ,NA,NA,NA,NA,NA,NA,NA,NA,XOG,MUZ,NA,NA,NA,NA,NA,NA,NA,NA,NA,NA,NA,NA,NA,NA,NA,NA,NA,NA,NA,NA,is hetzelfde als,1,is meer dan,3,NA,NA
fb433,130,NA,trial,canvas.Screen,1_5_1_0_0,NA,NA,NA,NA,response,14197,8469684,8469678,8469696,8483875,8483844,2022-04-16T08:29:12.408Z,8483880,NA,NA,NA,NA,NA,NA,NA,NA,NA,NA,NA,NA,NA,NA,NA,NA,NA,NA,NA,NA,NA,NA,NA,XEN,QUD,XAW,QUD,8,+,NA,+,NA,NA,NA,NA,NA,NA,NA,4,minder dan,2,no,114,NA,BEX,XAW,no,mousedown @no,no,TRUE,NA,NA,NA,NA,BEX,XAW,NA,NA,NA,NA,NA,NA,NA,NA,NA,NA,NA,NA,NA,NA,NA,NA,NA,NA,NA,NA,is hetzelfde als,1,is meer dan,3,XEN,BEX
fb433,130,NA,timer,html.Frame,1_5_1_0,NA,NA,NA,NA,NA,14149,8469681,8469678,8469696,8483845,8483846,2022-04-16T08:29:12.410Z,8483880,NA,NA,NA,NA,NA,NA,NA,NA,NA,NA,NA,NA,NA,NA,NA,NA,NA,BUX,HIF,ROJ,YIS,NA,57,NUX,VIF,NUX,VIF,8,+,NA,+,NA,NA,NA,NA,NA,NA,NA,4,minder dan,2,no,114,NA,XOG,MUZ,NA,NA,NA,NA,NA,NA,NA,NA,XOG,MUZ,NA,NA,NA,NA,NA,NA,NA,NA,NA,NA,NA,NA,NA,NA,NA,NA,NA,NA,NA,NA,is hetzelfde als,1,is meer dan,3,NA,NA
fb433,130,NA,iti,canvas.Screen,1_5_1_1,NA,NA,NA,NA,timeout,999,8483846,8483863,8483880,8484864,8484864,2022-04-16T08:29:13.428Z,8484879,NA,NA,NA,NA,NA,NA,NA,NA,NA,NA,NA,NA,NA,NA,NA,NA,NA,NA,NA,NA,NA,NA,NA,NUX,VIF,NUX,VIF,8,+,NA,+,NA,NA,NA,NA,NA,NA,NA,4,minder dan,2,no,114,NA,XOG,MUZ,NA,NA,NA,NA,NA,NA,NA,NA,XOG,MUZ,NA,NA,NA,NA,NA,NA,NA,NA,NA,NA,NA,NA,NA,NA,NA,NA,NA,NA,NA,NA,is hetzelfde als,1,is meer dan,3,NA,NA
fb433,130,NA,trial_sequence,flow.Sequence,1_5_1,NA,NA,NA,NA,completion,15168,8469680,8469678,8469696,8484864,8484865,2022-04-16T08:29:13.429Z,8484879,NA,NA,NA,NA,NA,NA,NA,NA,NA,NA,NA,NA,NA,NA,NA,NA,NA,NA,NA,NA,NA,NA,NA,NUX,VIF,NUX,VIF,8,+,NA,+,NA,NA,NA,NA,NA,NA,NA,4,minder dan,2,no,114,NA,XOG,MUZ,NA,NA,NA,NA,NA,NA,NA,NA,XOG,MUZ,NA,NA,NA,NA,NA,NA,NA,NA,NA,NA,NA,NA,NA,NA,NA,NA,NA,NA,NA,NA,is hetzelfde als,1,is meer dan,3,NA,NA
fb433,131,NA,trial,canvas.Screen,1_5_2_0_0,NA,NA,NA,NA,response,20879,8484870,8484864,8484879,8505743,8505712,2022-04-16T08:29:34.275Z,8505747,NA,NA,NA,NA,NA,NA,NA,NA,NA,NA,NA,NA,NA,NA,NA,NA,NA,NA,NA,NA,NA,NA,NA,BUX,HIF,HIF,YIS,8,+,NA,+,NA,NA,NA,NA,NA,NA,NA,2,meer dan,4,yes,115,NA,ROJ,YIS,no,mousedown @no,yes,FALSE,NA,NA,NA,NA,ROJ,YIS,NA,NA,NA,NA,NA,NA,NA,NA,NA,NA,NA,NA,NA,NA,NA,NA,NA,NA,NA,NA,is hetzelfde als,1,is minder dan,3,BUX,ROJ
fb433,131,NA,timer,html.Frame,1_5_2_0,NA,NA,NA,NA,NA,20834,8484866,8484864,8484879,8505713,8505713,2022-04-16T08:29:34.277Z,8505747,NA,NA,NA,NA,NA,NA,NA,NA,NA,NA,NA,NA,NA,NA,NA,NA,NA,CEF,WEF,PIQ,VUV,NA,NA,NUX,VIF,NUX,VIF,8,+,NA,+,NA,NA,NA,NA,NA,NA,NA,2,meer dan,4,yes,115,NA,XOG,MUZ,NA,NA,NA,NA,NA,NA,NA,NA,XOG,MUZ,NA,NA,NA,NA,NA,NA,NA,NA,NA,NA,NA,NA,NA,NA,NA,NA,NA,NA,NA,NA,is hetzelfde als,1,is minder dan,3,NA,NA
fb433,131,NA,iti,canvas.Screen,1_5_2_1,NA,NA,NA,NA,timeout,1002,8505714,8505731,8505747,8506732,8506732,2022-04-16T08:29:35.296Z,8506749,NA,NA,NA,NA,NA,NA,NA,NA,NA,NA,NA,NA,NA,NA,NA,NA,NA,NA,NA,NA,NA,NA,NA,NUX,VIF,NUX,VIF,8,+,NA,+,NA,NA,NA,NA,NA,NA,NA,2,meer dan,4,yes,115,NA,XOG,MUZ,NA,NA,NA,NA,NA,NA,NA,NA,XOG,MUZ,NA,NA,NA,NA,NA,NA,NA,NA,NA,NA,NA,NA,NA,NA,NA,NA,NA,NA,NA,NA,is hetzelfde als,1,is minder dan,3,NA,NA
fb433,131,NA,trial_sequence,flow.Sequence,1_5_2,NA,NA,NA,NA,completion,21853,8484865,8484864,8484879,8506732,8506733,2022-04-16T08:29:35.296Z,8506749,NA,NA,NA,NA,NA,NA,NA,NA,NA,NA,NA,NA,NA,NA,NA,NA,NA,NA,NA,NA,NA,NA,NA,NUX,VIF,NUX,VIF,8,+,NA,+,NA,NA,NA,NA,NA,NA,NA,2,meer dan,4,yes,115,NA,XOG,MUZ,NA,NA,NA,NA,NA,NA,NA,NA,XOG,MUZ,NA,NA,NA,NA,NA,NA,NA,NA,NA,NA,NA,NA,NA,NA,NA,NA,NA,NA,NA,NA,is hetzelfde als,1,is minder dan,3,NA,NA
fb433,132,NA,trial,canvas.Screen,1_5_3_0_0,NA,NA,NA,NA,response,8911,8506740,8506732,8506749,8515643,8515611,2022-04-16T08:29:44.175Z,8515648,NA,NA,NA,NA,NA,NA,NA,NA,NA,NA,NA,NA,NA,NA,NA,NA,NA,NA,NA,NA,NA,NA,NA,CEF,WEF,VUV,WEF,8,+,NA,+,NA,NA,NA,NA,NA,NA,NA,4,minder dan,2,yes,116,NA,PIQ,VUV,no,mousedown @no,yes,FALSE,NA,NA,NA,NA,PIQ,VUV,NA,NA,NA,NA,NA,NA,NA,NA,NA,NA,NA,NA,NA,NA,NA,NA,NA,NA,NA,NA,is hetzelfde als,1,is minder dan,3,CEF,PIQ
fb433,132,NA,timer,html.Frame,1_5_3_0,NA,NA,NA,NA,NA,8863.00000000186,8506735,8506732,8506749,8515612,8515613,2022-04-16T08:29:44.176Z,8515648,NA,NA,NA,NA,NA,NA,NA,NA,NA,NA,NA,NA,NA,NA,NA,NA,NA,YOH,QUQ,NUW,VUF,NA,NA,NUX,VIF,NUX,VIF,8,+,NA,+,NA,NA,NA,NA,NA,NA,NA,4,minder dan,2,yes,116,NA,XOG,MUZ,NA,NA,NA,NA,NA,NA,NA,NA,XOG,MUZ,NA,NA,NA,NA,NA,NA,NA,NA,NA,NA,NA,NA,NA,NA,NA,NA,NA,NA,NA,NA,is hetzelfde als,1,is minder dan,3,NA,NA
fb433,132,NA,iti,canvas.Screen,1_5_3_1,NA,NA,NA,NA,timeout,1001,8515613,8515632,8515648,8516632,8516632,2022-04-16T08:29:45.196Z,8516649,NA,NA,NA,NA,NA,NA,NA,NA,NA,NA,NA,NA,NA,NA,NA,NA,NA,NA,NA,NA,NA,NA,NA,NUX,VIF,NUX,VIF,8,+,NA,+,NA,NA,NA,NA,NA,NA,NA,4,minder dan,2,yes,116,NA,XOG,MUZ,NA,NA,NA,NA,NA,NA,NA,NA,XOG,MUZ,NA,NA,NA,NA,NA,NA,NA,NA,NA,NA,NA,NA,NA,NA,NA,NA,NA,NA,NA,NA,is hetzelfde als,1,is minder dan,3,NA,NA
fb433,132,NA,trial_sequence,flow.Sequence,1_5_3,NA,NA,NA,NA,completion,9883,8506733,8506732,8506749,8516632,8516633,2022-04-16T08:29:45.196Z,8516649,NA,NA,NA,NA,NA,NA,NA,NA,NA,NA,NA,NA,NA,NA,NA,NA,NA,NA,NA,NA,NA,NA,NA,NUX,VIF,NUX,VIF,8,+,NA,+,NA,NA,NA,NA,NA,NA,NA,4,minder dan,2,yes,116,NA,XOG,MUZ,NA,NA,NA,NA,NA,NA,NA,NA,XOG,MUZ,NA,NA,NA,NA,NA,NA,NA,NA,NA,NA,NA,NA,NA,NA,NA,NA,NA,NA,NA,NA,is hetzelfde als,1,is minder dan,3,NA,NA
fb433,133,NA,trial,canvas.Screen,1_5_4_0_0,NA,NA,NA,NA,response,9275.00000000186,8516638,8516632,8516649,8525907,8525877,2022-04-16T08:29:54.440Z,8525916,NA,NA,NA,NA,NA,NA,NA,NA,NA,NA,NA,NA,NA,NA,NA,NA,NA,NA,NA,NA,NA,NA,NA,YOH,QUQ,QUQ,VUF,8,-,NA,-,NA,NA,NA,NA,NA,NA,NA,2,minder dan,4,no,117,NA,NUW,VUF,no,mousedown @no,no,TRUE,NA,NA,NA,NA,NUW,VUF,NA,NA,NA,NA,NA,NA,NA,NA,NA,NA,NA,NA,NA,NA,NA,NA,NA,NA,NA,NA,is hetzelfde als,1,is meer dan,3,YOH,NUW
fb433,133,NA,timer,html.Frame,1_5_4_0,NA,NA,NA,NA,NA,9229,8516635,8516632,8516649,8525878,8525878,2022-04-16T08:29:54.442Z,8525916,NA,NA,NA,NA,NA,NA,NA,NA,NA,NA,NA,NA,NA,NA,NA,NA,NA,QON,JUR,WOC,GOP,NA,58,NUX,VIF,NUX,VIF,8,-,NA,-,NA,NA,NA,NA,NA,NA,NA,2,minder dan,4,no,117,NA,XOG,MUZ,NA,NA,NA,NA,NA,NA,NA,NA,XOG,MUZ,NA,NA,NA,NA,NA,NA,NA,NA,NA,NA,NA,NA,NA,NA,NA,NA,NA,NA,NA,NA,is hetzelfde als,1,is meer dan,3,NA,NA
fb433,133,NA,iti,canvas.Screen,1_5_4_1,NA,NA,NA,NA,timeout,1000,8525879,8525900,8525916,8526900,8526900,2022-04-16T08:29:55.464Z,8526916,NA,NA,NA,NA,NA,NA,NA,NA,NA,NA,NA,NA,NA,NA,NA,NA,NA,NA,NA,NA,NA,NA,NA,NUX,VIF,NUX,VIF,8,-,NA,-,NA,NA,NA,NA,NA,NA,NA,2,minder dan,4,no,117,NA,XOG,MUZ,NA,NA,NA,NA,NA,NA,NA,NA,XOG,MUZ,NA,NA,NA,NA,NA,NA,NA,NA,NA,NA,NA,NA,NA,NA,NA,NA,NA,NA,NA,NA,is hetzelfde als,1,is meer dan,3,NA,NA
fb433,133,NA,trial_sequence,flow.Sequence,1_5_4,NA,NA,NA,NA,completion,10251,8516633,8516632,8516649,8526900,8526901,2022-04-16T08:29:55.464Z,8526916,NA,NA,NA,NA,NA,NA,NA,NA,NA,NA,NA,NA,NA,NA,NA,NA,NA,NA,NA,NA,NA,NA,NA,NUX,VIF,NUX,VIF,8,-,NA,-,NA,NA,NA,NA,NA,NA,NA,2,minder dan,4,no,117,NA,XOG,MUZ,NA,NA,NA,NA,NA,NA,NA,NA,XOG,MUZ,NA,NA,NA,NA,NA,NA,NA,NA,NA,NA,NA,NA,NA,NA,NA,NA,NA,NA,NA,NA,is hetzelfde als,1,is meer dan,3,NA,NA
fb433,134,NA,trial,canvas.Screen,1_5_5_0_0,NA,NA,NA,NA,response,11079,8526907,8526900,8526916,8537979,8537947,2022-04-16T08:30:06.510Z,8537984,NA,NA,NA,NA,NA,NA,NA,NA,NA,NA,NA,NA,NA,NA,NA,NA,NA,NA,NA,NA,NA,NA,NA,QON,JUR,GOP,JUR,8,-,NA,-,NA,NA,NA,NA,NA,NA,NA,4,meer dan,2,no,118,NA,WOC,GOP,no,mousedown @no,no,TRUE,NA,NA,NA,NA,WOC,GOP,NA,NA,NA,NA,NA,NA,NA,NA,NA,NA,NA,NA,NA,NA,NA,NA,NA,NA,NA,NA,is hetzelfde als,1,is meer dan,3,QON,WOC
fb433,134,NA,timer,html.Frame,1_5_5_0,NA,NA,NA,NA,NA,11032,8526903,8526900,8526916,8537948,8537948,2022-04-16T08:30:06.511Z,8537984,NA,NA,NA,NA,NA,NA,NA,NA,NA,NA,NA,NA,NA,NA,NA,NA,NA,LOH,WOY,XOY,TUZ,NA,59,NUX,VIF,NUX,VIF,8,-,NA,-,NA,NA,NA,NA,NA,NA,NA,4,meer dan,2,no,118,NA,XOG,MUZ,NA,NA,NA,NA,NA,NA,NA,NA,XOG,MUZ,NA,NA,NA,NA,NA,NA,NA,NA,NA,NA,NA,NA,NA,NA,NA,NA,NA,NA,NA,NA,is hetzelfde als,1,is meer dan,3,NA,NA
fb433,134,NA,iti,canvas.Screen,1_5_5_1,NA,NA,NA,NA,timeout,1000,8537948,8537966,8537984,8538967,8538968,2022-04-16T08:30:07.531Z,8538984,NA,NA,NA,NA,NA,NA,NA,NA,NA,NA,NA,NA,NA,NA,NA,NA,NA,NA,NA,NA,NA,NA,NA,NUX,VIF,NUX,VIF,8,-,NA,-,NA,NA,NA,NA,NA,NA,NA,4,meer dan,2,no,118,NA,XOG,MUZ,NA,NA,NA,NA,NA,NA,NA,NA,XOG,MUZ,NA,NA,NA,NA,NA,NA,NA,NA,NA,NA,NA,NA,NA,NA,NA,NA,NA,NA,NA,NA,is hetzelfde als,1,is meer dan,3,NA,NA
fb433,134,NA,trial_sequence,flow.Sequence,1_5_5,NA,NA,NA,NA,completion,12051,8526901,8526900,8526916,8538967,8538968,2022-04-16T08:30:07.531Z,8538984,NA,NA,NA,NA,NA,NA,NA,NA,NA,NA,NA,NA,NA,NA,NA,NA,NA,NA,NA,NA,NA,NA,NA,NUX,VIF,NUX,VIF,8,-,NA,-,NA,NA,NA,NA,NA,NA,NA,4,meer dan,2,no,118,NA,XOG,MUZ,NA,NA,NA,NA,NA,NA,NA,NA,XOG,MUZ,NA,NA,NA,NA,NA,NA,NA,NA,NA,NA,NA,NA,NA,NA,NA,NA,NA,NA,NA,NA,is hetzelfde als,1,is meer dan,3,NA,NA
fb433,135,NA,trial,canvas.Screen,1_5_6_0_0,NA,NA,NA,NA,response,6879,8538975,8538967,8538984,8545846,8545812,2022-04-16T08:30:14.375Z,8545851,NA,NA,NA,NA,NA,NA,NA,NA,NA,NA,NA,NA,NA,NA,NA,NA,NA,NA,NA,NA,NA,NA,NA,LOH,WOY,WOY,TUZ,8,-,NA,-,NA,NA,NA,NA,NA,NA,NA,2,minder dan,4,yes,119,NA,XOY,TUZ,no,mousedown @no,yes,FALSE,NA,NA,NA,NA,XOY,TUZ,NA,NA,NA,NA,NA,NA,NA,NA,NA,NA,NA,NA,NA,NA,NA,NA,NA,NA,NA,NA,is hetzelfde als,1,is minder dan,3,LOH,XOY
fb433,135,NA,timer,html.Frame,1_5_6_0,NA,NA,NA,NA,NA,6830,8538971,8538967,8538984,8545814,8545814,2022-04-16T08:30:14.377Z,8545851,NA,NA,NA,NA,NA,NA,NA,NA,NA,NA,NA,NA,NA,NA,NA,NA,NA,FIJ,WEH,YEQ,BOH,NA,NA,NUX,VIF,NUX,VIF,8,-,NA,-,NA,NA,NA,NA,NA,NA,NA,2,minder dan,4,yes,119,NA,XOG,MUZ,NA,NA,NA,NA,NA,NA,NA,NA,XOG,MUZ,NA,NA,NA,NA,NA,NA,NA,NA,NA,NA,NA,NA,NA,NA,NA,NA,NA,NA,NA,NA,is hetzelfde als,1,is minder dan,3,NA,NA
fb433,135,NA,iti,canvas.Screen,1_5_6_1,NA,NA,NA,NA,timeout,1000,8545814,8545833,8545851,8546834,8546835,2022-04-16T08:30:15.397Z,8546851,NA,NA,NA,NA,NA,NA,NA,NA,NA,NA,NA,NA,NA,NA,NA,NA,NA,NA,NA,NA,NA,NA,NA,NUX,VIF,NUX,VIF,8,-,NA,-,NA,NA,NA,NA,NA,NA,NA,2,minder dan,4,yes,119,NA,XOG,MUZ,NA,NA,NA,NA,NA,NA,NA,NA,XOG,MUZ,NA,NA,NA,NA,NA,NA,NA,NA,NA,NA,NA,NA,NA,NA,NA,NA,NA,NA,NA,NA,is hetzelfde als,1,is minder dan,3,NA,NA
fb433,135,NA,trial_sequence,flow.Sequence,1_5_6,NA,NA,NA,NA,completion,7850,8538969,8538967,8538984,8546834,8546835,2022-04-16T08:30:15.398Z,8546851,NA,NA,NA,NA,NA,NA,NA,NA,NA,NA,NA,NA,NA,NA,NA,NA,NA,NA,NA,NA,NA,NA,NA,NUX,VIF,NUX,VIF,8,-,NA,-,NA,NA,NA,NA,NA,NA,NA,2,minder dan,4,yes,119,NA,XOG,MUZ,NA,NA,NA,NA,NA,NA,NA,NA,XOG,MUZ,NA,NA,NA,NA,NA,NA,NA,NA,NA,NA,NA,NA,NA,NA,NA,NA,NA,NA,NA,NA,is hetzelfde als,1,is minder dan,3,NA,NA
fb433,136,NA,trial,canvas.Screen,1_5_7_0_0,NA,NA,NA,NA,response,10227,8546840,8546834,8546851,8557061,8557028,2022-04-16T08:30:25.590Z,8557069,NA,NA,NA,NA,NA,NA,NA,NA,NA,NA,NA,NA,NA,NA,NA,NA,NA,NA,NA,NA,NA,NA,NA,FIJ,WEH,BOH,WEH,8,-,NA,-,NA,NA,NA,NA,NA,NA,NA,4,meer dan,2,yes,120,NA,YEQ,BOH,no,mousedown @no,yes,FALSE,NA,NA,NA,NA,YEQ,BOH,NA,NA,NA,NA,NA,NA,NA,NA,NA,NA,NA,NA,NA,NA,NA,NA,NA,NA,NA,NA,is hetzelfde als,1,is minder dan,3,FIJ,YEQ
fb433,136,NA,timer,html.Frame,1_5_7_0,NA,NA,NA,NA,NA,10178,8546837,8546834,8546851,8557029,8557029,2022-04-16T08:30:25.592Z,8557069,NA,NA,NA,NA,NA,NA,NA,NA,NA,NA,NA,NA,NA,NA,NA,NA,NA,YUQ,MEC,CEG,WEX,NA,NA,NUX,VIF,NUX,VIF,8,-,NA,-,NA,NA,NA,NA,NA,NA,NA,4,meer dan,2,yes,120,NA,XOG,MUZ,NA,NA,NA,NA,NA,NA,NA,NA,XOG,MUZ,NA,NA,NA,NA,NA,NA,NA,NA,NA,NA,NA,NA,NA,NA,NA,NA,NA,NA,NA,NA,is hetzelfde als,1,is minder dan,3,NA,NA
fb433,136,NA,iti,canvas.Screen,1_5_7_1,NA,NA,NA,NA,timeout,1000,8557029,8557051,8557069,8558052,8558053,2022-04-16T08:30:26.616Z,8558069,NA,NA,NA,NA,NA,NA,NA,NA,NA,NA,NA,NA,NA,NA,NA,NA,NA,NA,NA,NA,NA,NA,NA,NUX,VIF,NUX,VIF,8,-,NA,-,NA,NA,NA,NA,NA,NA,NA,4,meer dan,2,yes,120,NA,XOG,MUZ,NA,NA,NA,NA,NA,NA,NA,NA,XOG,MUZ,NA,NA,NA,NA,NA,NA,NA,NA,NA,NA,NA,NA,NA,NA,NA,NA,NA,NA,NA,NA,is hetzelfde als,1,is minder dan,3,NA,NA
fb433,136,NA,trial_sequence,flow.Sequence,1_5_7,NA,NA,NA,NA,completion,11201,8546835,8546834,8546851,8558052,8558054,2022-04-16T08:30:26.617Z,8558069,NA,NA,NA,NA,NA,NA,NA,NA,NA,NA,NA,NA,NA,NA,NA,NA,NA,NA,NA,NA,NA,NA,NA,NUX,VIF,NUX,VIF,8,-,NA,-,NA,NA,NA,NA,NA,NA,NA,4,meer dan,2,yes,120,NA,XOG,MUZ,NA,NA,NA,NA,NA,NA,NA,NA,XOG,MUZ,NA,NA,NA,NA,NA,NA,NA,NA,NA,NA,NA,NA,NA,NA,NA,NA,NA,NA,NA,NA,is hetzelfde als,1,is minder dan,3,NA,NA
fb433,137,NA,trial,canvas.Screen,1_5_8_0_0,NA,NA,NA,NA,response,15118,8558060,8558052,8558069,8573170,8573138,2022-04-16T08:30:41.701Z,8573170,NA,NA,NA,NA,NA,NA,NA,NA,NA,NA,NA,NA,NA,NA,NA,NA,NA,NA,NA,NA,NA,NA,NA,YUQ,MEC,MEC,WEX,9,+,NA,+,NA,NA,NA,NA,NA,NA,NA,2,minder dan,4,no,121,NA,CEG,WEX,no,mousedown @no,no,TRUE,NA,NA,NA,NA,CEG,WEX,NA,NA,NA,NA,NA,NA,NA,NA,NA,NA,NA,NA,NA,NA,NA,NA,NA,NA,NA,NA,is meer dan,1,is hetzelfde als,3,YUQ,CEG
fb433,137,NA,timer,html.Frame,1_5_8_0,NA,NA,NA,NA,NA,15071,8558056,8558052,8558069,8573140,8573140,2022-04-16T08:30:41.703Z,8573170,NA,NA,NA,NA,NA,NA,NA,NA,NA,NA,NA,NA,NA,NA,NA,NA,NA,KIW,FIC,HUW,TIH,NA,60,NUX,VIF,NUX,VIF,9,+,NA,+,NA,NA,NA,NA,NA,NA,NA,2,minder dan,4,no,121,NA,XOG,MUZ,NA,NA,NA,NA,NA,NA,NA,NA,XOG,MUZ,NA,NA,NA,NA,NA,NA,NA,NA,NA,NA,NA,NA,NA,NA,NA,NA,NA,NA,NA,NA,is meer dan,1,is hetzelfde als,3,NA,NA
fb433,137,NA,iti,canvas.Screen,1_5_8_1,NA,NA,NA,NA,timeout,1000,8573141,8573152,8573170,8574153,8574154,2022-04-16T08:30:42.716Z,8574170,NA,NA,NA,NA,NA,NA,NA,NA,NA,NA,NA,NA,NA,NA,NA,NA,NA,NA,NA,NA,NA,NA,NA,NUX,VIF,NUX,VIF,9,+,NA,+,NA,NA,NA,NA,NA,NA,NA,2,minder dan,4,no,121,NA,XOG,MUZ,NA,NA,NA,NA,NA,NA,NA,NA,XOG,MUZ,NA,NA,NA,NA,NA,NA,NA,NA,NA,NA,NA,NA,NA,NA,NA,NA,NA,NA,NA,NA,is meer dan,1,is hetzelfde als,3,NA,NA
fb433,137,NA,trial_sequence,flow.Sequence,1_5_8,NA,NA,NA,NA,completion,16084,8558054,8558052,8558069,8574153,8574154,2022-04-16T08:30:42.717Z,8574170,NA,NA,NA,NA,NA,NA,NA,NA,NA,NA,NA,NA,NA,NA,NA,NA,NA,NA,NA,NA,NA,NA,NA,NUX,VIF,NUX,VIF,9,+,NA,+,NA,NA,NA,NA,NA,NA,NA,2,minder dan,4,no,121,NA,XOG,MUZ,NA,NA,NA,NA,NA,NA,NA,NA,XOG,MUZ,NA,NA,NA,NA,NA,NA,NA,NA,NA,NA,NA,NA,NA,NA,NA,NA,NA,NA,NA,NA,is meer dan,1,is hetzelfde als,3,NA,NA
fb433,138,NA,trial,canvas.Screen,1_5_9_0_0,NA,NA,NA,NA,response,11674,8574159,8574153,8574170,8585827,8585792,2022-04-16T08:30:54.354Z,8585836,NA,NA,NA,NA,NA,NA,NA,NA,NA,NA,NA,NA,NA,NA,NA,NA,NA,NA,NA,NA,NA,NA,NA,KIW,FIC,TIH,FIC,9,+,NA,+,NA,NA,NA,NA,NA,NA,NA,4,meer dan,2,no,122,NA,HUW,TIH,yes,mousedown @yes,no,FALSE,NA,NA,NA,NA,HUW,TIH,NA,NA,NA,NA,NA,NA,NA,NA,NA,NA,NA,NA,NA,NA,NA,NA,NA,NA,NA,NA,is meer dan,1,is hetzelfde als,3,KIW,HUW
fb433,138,NA,timer,html.Frame,1_5_9_0,NA,NA,NA,NA,NA,11623,8574156,8574153,8574170,8585793,8585794,2022-04-16T08:30:54.356Z,8585836,NA,NA,NA,NA,NA,NA,NA,NA,NA,NA,NA,NA,NA,NA,NA,NA,NA,PEM,CEJ,MOJ,HIL,NA,NA,NUX,VIF,NUX,VIF,9,+,NA,+,NA,NA,NA,NA,NA,NA,NA,4,meer dan,2,no,122,NA,XOG,MUZ,NA,NA,NA,NA,NA,NA,NA,NA,XOG,MUZ,NA,NA,NA,NA,NA,NA,NA,NA,NA,NA,NA,NA,NA,NA,NA,NA,NA,NA,NA,NA,is meer dan,1,is hetzelfde als,3,NA,NA
fb433,138,NA,iti,canvas.Screen,1_5_9_1,NA,NA,NA,NA,timeout,1000,8585794,8585821,8585836,8586820,8586821,2022-04-16T08:30:55.383Z,8586836,NA,NA,NA,NA,NA,NA,NA,NA,NA,NA,NA,NA,NA,NA,NA,NA,NA,NA,NA,NA,NA,NA,NA,NUX,VIF,NUX,VIF,9,+,NA,+,NA,NA,NA,NA,NA,NA,NA,4,meer dan,2,no,122,NA,XOG,MUZ,NA,NA,NA,NA,NA,NA,NA,NA,XOG,MUZ,NA,NA,NA,NA,NA,NA,NA,NA,NA,NA,NA,NA,NA,NA,NA,NA,NA,NA,NA,NA,is meer dan,1,is hetzelfde als,3,NA,NA
fb433,138,NA,trial_sequence,flow.Sequence,1_5_9,NA,NA,NA,NA,completion,12650,8574154,8574153,8574170,8586820,8586821,2022-04-16T08:30:55.383Z,8586836,NA,NA,NA,NA,NA,NA,NA,NA,NA,NA,NA,NA,NA,NA,NA,NA,NA,NA,NA,NA,NA,NA,NA,NUX,VIF,NUX,VIF,9,+,NA,+,NA,NA,NA,NA,NA,NA,NA,4,meer dan,2,no,122,NA,XOG,MUZ,NA,NA,NA,NA,NA,NA,NA,NA,XOG,MUZ,NA,NA,NA,NA,NA,NA,NA,NA,NA,NA,NA,NA,NA,NA,NA,NA,NA,NA,NA,NA,is meer dan,1,is hetzelfde als,3,NA,NA
fb433,139,NA,trial,canvas.Screen,1_5_10_0_0,NA,NA,NA,NA,response,13515.0000000019,8586827,8586820,8586836,8600335,8600300,2022-04-16T08:31:08.862Z,8600338,NA,NA,NA,NA,NA,NA,NA,NA,NA,NA,NA,NA,NA,NA,NA,NA,NA,NA,NA,NA,NA,NA,NA,PEM,CEJ,CEJ,HIL,9,-,NA,-,NA,NA,NA,NA,NA,NA,NA,2,minder dan,4,yes,123,NA,MOJ,HIL,no,mousedown @no,yes,FALSE,NA,NA,NA,NA,MOJ,HIL,NA,NA,NA,NA,NA,NA,NA,NA,NA,NA,NA,NA,NA,NA,NA,NA,NA,NA,NA,NA,is meer dan,1,is hetzelfde als,3,PEM,MOJ
fb433,139,NA,timer,html.Frame,1_5_10_0,NA,NA,NA,NA,NA,13465,8586823,8586820,8586836,8600301,8600302,2022-04-16T08:31:08.864Z,8600338,NA,NA,NA,NA,NA,NA,NA,NA,NA,NA,NA,NA,NA,NA,NA,NA,NA,WAV,YEZ,TUV,JAH,NA,NA,NUX,VIF,NUX,VIF,9,-,NA,-,NA,NA,NA,NA,NA,NA,NA,2,minder dan,4,yes,123,NA,XOG,MUZ,NA,NA,NA,NA,NA,NA,NA,NA,XOG,MUZ,NA,NA,NA,NA,NA,NA,NA,NA,NA,NA,NA,NA,NA,NA,NA,NA,NA,NA,NA,NA,is meer dan,1,is hetzelfde als,3,NA,NA
fb433,139,NA,iti,canvas.Screen,1_5_10_1,NA,NA,NA,NA,timeout,1000,8600302,8600321,8600338,8601321,8601322,2022-04-16T08:31:09.884Z,8601338,NA,NA,NA,NA,NA,NA,NA,NA,NA,NA,NA,NA,NA,NA,NA,NA,NA,NA,NA,NA,NA,NA,NA,NUX,VIF,NUX,VIF,9,-,NA,-,NA,NA,NA,NA,NA,NA,NA,2,minder dan,4,yes,123,NA,XOG,MUZ,NA,NA,NA,NA,NA,NA,NA,NA,XOG,MUZ,NA,NA,NA,NA,NA,NA,NA,NA,NA,NA,NA,NA,NA,NA,NA,NA,NA,NA,NA,NA,is meer dan,1,is hetzelfde als,3,NA,NA
fb433,139,NA,trial_sequence,flow.Sequence,1_5_10,NA,NA,NA,NA,completion,14485,8586821,8586820,8586836,8601321,8601322,2022-04-16T08:31:09.884Z,8601338,NA,NA,NA,NA,NA,NA,NA,NA,NA,NA,NA,NA,NA,NA,NA,NA,NA,NA,NA,NA,NA,NA,NA,NUX,VIF,NUX,VIF,9,-,NA,-,NA,NA,NA,NA,NA,NA,NA,2,minder dan,4,yes,123,NA,XOG,MUZ,NA,NA,NA,NA,NA,NA,NA,NA,XOG,MUZ,NA,NA,NA,NA,NA,NA,NA,NA,NA,NA,NA,NA,NA,NA,NA,NA,NA,NA,NA,NA,is meer dan,1,is hetzelfde als,3,NA,NA
fb433,140,NA,trial,canvas.Screen,1_5_11_0_0,NA,NA,NA,NA,response,13433,8601329,8601321,8601338,8614754,8614719,2022-04-16T08:31:23.281Z,8614756,NA,NA,NA,NA,NA,NA,NA,NA,NA,NA,NA,NA,NA,NA,NA,NA,NA,NA,NA,NA,NA,NA,NA,WAV,YEZ,JAH,YEZ,9,-,NA,-,NA,NA,NA,NA,NA,NA,NA,4,meer dan,2,yes,124,NA,TUV,JAH,no,mousedown @no,yes,FALSE,NA,NA,NA,NA,TUV,JAH,NA,NA,NA,NA,NA,NA,NA,NA,NA,NA,NA,NA,NA,NA,NA,NA,NA,NA,NA,NA,is meer dan,1,is hetzelfde als,3,WAV,TUV
fb433,140,NA,timer,html.Frame,1_5_11_0,NA,NA,NA,NA,NA,13382,8601325,8601321,8601338,8614720,8614720,2022-04-16T08:31:23.282Z,8614756,NA,NA,NA,NA,NA,NA,NA,NA,NA,NA,NA,NA,NA,NA,NA,NA,NA,CIC,NIW,BEC,LEJ,NA,NA,NUX,VIF,NUX,VIF,9,-,NA,-,NA,NA,NA,NA,NA,NA,NA,4,meer dan,2,yes,124,NA,XOG,MUZ,NA,NA,NA,NA,NA,NA,NA,NA,XOG,MUZ,NA,NA,NA,NA,NA,NA,NA,NA,NA,NA,NA,NA,NA,NA,NA,NA,NA,NA,NA,NA,is meer dan,1,is hetzelfde als,3,NA,NA
fb433,140,NA,iti,canvas.Screen,1_5_11_1,NA,NA,NA,NA,timeout,999,8614720,8614739,8614756,8615739,8615740,2022-04-16T08:31:24.302Z,8615755,NA,NA,NA,NA,NA,NA,NA,NA,NA,NA,NA,NA,NA,NA,NA,NA,NA,NA,NA,NA,NA,NA,NA,NUX,VIF,NUX,VIF,9,-,NA,-,NA,NA,NA,NA,NA,NA,NA,4,meer dan,2,yes,124,NA,XOG,MUZ,NA,NA,NA,NA,NA,NA,NA,NA,XOG,MUZ,NA,NA,NA,NA,NA,NA,NA,NA,NA,NA,NA,NA,NA,NA,NA,NA,NA,NA,NA,NA,is meer dan,1,is hetzelfde als,3,NA,NA
fb433,140,NA,trial_sequence,flow.Sequence,1_5_11,NA,NA,NA,NA,completion,14401,8601322,8601321,8601338,8615739,8615741,2022-04-16T08:31:24.302Z,8615755,NA,NA,NA,NA,NA,NA,NA,NA,NA,NA,NA,NA,NA,NA,NA,NA,NA,NA,NA,NA,NA,NA,NA,NUX,VIF,NUX,VIF,9,-,NA,-,NA,NA,NA,NA,NA,NA,NA,4,meer dan,2,yes,124,NA,XOG,MUZ,NA,NA,NA,NA,NA,NA,NA,NA,XOG,MUZ,NA,NA,NA,NA,NA,NA,NA,NA,NA,NA,NA,NA,NA,NA,NA,NA,NA,NA,NA,NA,is meer dan,1,is hetzelfde als,3,NA,NA
fb433,141,NA,trial,canvas.Screen,1_5_12_0_0,NA,NA,NA,NA,response,11213,8615747,8615739,8615755,8626952,8626917,2022-04-16T08:31:35.479Z,8626956,NA,NA,NA,NA,NA,NA,NA,NA,NA,NA,NA,NA,NA,NA,NA,NA,NA,NA,NA,NA,NA,NA,NA,CIC,NIW,CIC,BEC,9,+,NA,+,NA,NA,NA,NA,NA,NA,NA,1,meer dan,3,no,125,NA,BEC,LEJ,no,mousedown @no,no,TRUE,NA,NA,NA,NA,BEC,LEJ,NA,NA,NA,NA,NA,NA,NA,NA,NA,NA,NA,NA,NA,NA,NA,NA,NA,NA,NA,NA,is minder dan,2,is hetzelfde als,4,NIW,LEJ
fb433,141,NA,timer,html.Frame,1_5_12_0,NA,NA,NA,NA,NA,11164,8615743,8615739,8615755,8626919,8626919,2022-04-16T08:31:35.480Z,8626956,NA,NA,NA,NA,NA,NA,NA,NA,NA,NA,NA,NA,NA,NA,NA,NA,NA,PIR,NEH,YIH,QUR,NA,61,NUX,VIF,NUX,VIF,9,+,NA,+,NA,NA,NA,NA,NA,NA,NA,1,meer dan,3,no,125,NA,XOG,MUZ,NA,NA,NA,NA,NA,NA,NA,NA,XOG,MUZ,NA,NA,NA,NA,NA,NA,NA,NA,NA,NA,NA,NA,NA,NA,NA,NA,NA,NA,NA,NA,is minder dan,2,is hetzelfde als,4,NA,NA
fb433,141,NA,iti,canvas.Screen,1_5_12_1,NA,NA,NA,NA,timeout,1001,8626919,8626940,8626956,8627940,8627940,2022-04-16T08:31:36.502Z,8627957,NA,NA,NA,NA,NA,NA,NA,NA,NA,NA,NA,NA,NA,NA,NA,NA,NA,NA,NA,NA,NA,NA,NA,NUX,VIF,NUX,VIF,9,+,NA,+,NA,NA,NA,NA,NA,NA,NA,1,meer dan,3,no,125,NA,XOG,MUZ,NA,NA,NA,NA,NA,NA,NA,NA,XOG,MUZ,NA,NA,NA,NA,NA,NA,NA,NA,NA,NA,NA,NA,NA,NA,NA,NA,NA,NA,NA,NA,is minder dan,2,is hetzelfde als,4,NA,NA
fb433,141,NA,trial_sequence,flow.Sequence,1_5_12,NA,NA,NA,NA,completion,12185,8615741,8615739,8615755,8627940,8627940,2022-04-16T08:31:36.502Z,8627957,NA,NA,NA,NA,NA,NA,NA,NA,NA,NA,NA,NA,NA,NA,NA,NA,NA,NA,NA,NA,NA,NA,NA,NUX,VIF,NUX,VIF,9,+,NA,+,NA,NA,NA,NA,NA,NA,NA,1,meer dan,3,no,125,NA,XOG,MUZ,NA,NA,NA,NA,NA,NA,NA,NA,XOG,MUZ,NA,NA,NA,NA,NA,NA,NA,NA,NA,NA,NA,NA,NA,NA,NA,NA,NA,NA,NA,NA,is minder dan,2,is hetzelfde als,4,NA,NA
fb433,142,NA,trial,canvas.Screen,1_5_13_0_0,NA,NA,NA,NA,response,13403,8627944,8627940,8627957,8641343,8641310,2022-04-16T08:31:49.871Z,8641340,NA,NA,NA,NA,NA,NA,NA,NA,NA,NA,NA,NA,NA,NA,NA,NA,NA,NA,NA,NA,NA,NA,NA,PIR,NEH,YIH,PIR,9,+,NA,+,NA,NA,NA,NA,NA,NA,NA,3,minder dan,1,no,126,NA,YIH,QUR,no,mousedown @no,no,TRUE,NA,NA,NA,NA,YIH,QUR,NA,NA,NA,NA,NA,NA,NA,NA,NA,NA,NA,NA,NA,NA,NA,NA,NA,NA,NA,NA,is minder dan,2,is hetzelfde als,4,NEH,QUR
fb433,142,NA,timer,html.Frame,1_5_13_0,NA,NA,NA,NA,NA,13353,8627942,8627940,8627957,8641310,8641311,2022-04-16T08:31:49.872Z,8641340,NA,NA,NA,NA,NA,NA,NA,NA,NA,NA,NA,NA,NA,NA,NA,NA,NA,BUP,POY,SUD,XUJ,NA,62,NUX,VIF,NUX,VIF,9,+,NA,+,NA,NA,NA,NA,NA,NA,NA,3,minder dan,1,no,126,NA,XOG,MUZ,NA,NA,NA,NA,NA,NA,NA,NA,XOG,MUZ,NA,NA,NA,NA,NA,NA,NA,NA,NA,NA,NA,NA,NA,NA,NA,NA,NA,NA,NA,NA,is minder dan,2,is hetzelfde als,4,NA,NA
fb433,142,NA,iti,canvas.Screen,1_5_13_1,NA,NA,NA,NA,timeout,1006,8641311,8641324,8641340,8642324,8642325,2022-04-16T08:31:50.886Z,8642346,NA,NA,NA,NA,NA,NA,NA,NA,NA,NA,NA,NA,NA,NA,NA,NA,NA,NA,NA,NA,NA,NA,NA,NUX,VIF,NUX,VIF,9,+,NA,+,NA,NA,NA,NA,NA,NA,NA,3,minder dan,1,no,126,NA,XOG,MUZ,NA,NA,NA,NA,NA,NA,NA,NA,XOG,MUZ,NA,NA,NA,NA,NA,NA,NA,NA,NA,NA,NA,NA,NA,NA,NA,NA,NA,NA,NA,NA,is minder dan,2,is hetzelfde als,4,NA,NA
fb433,142,NA,trial_sequence,flow.Sequence,1_5_13,NA,NA,NA,NA,completion,14367,8627941,8627940,8627957,8642324,8642326,2022-04-16T08:31:50.887Z,8642346,NA,NA,NA,NA,NA,NA,NA,NA,NA,NA,NA,NA,NA,NA,NA,NA,NA,NA,NA,NA,NA,NA,NA,NUX,VIF,NUX,VIF,9,+,NA,+,NA,NA,NA,NA,NA,NA,NA,3,minder dan,1,no,126,NA,XOG,MUZ,NA,NA,NA,NA,NA,NA,NA,NA,XOG,MUZ,NA,NA,NA,NA,NA,NA,NA,NA,NA,NA,NA,NA,NA,NA,NA,NA,NA,NA,NA,NA,is minder dan,2,is hetzelfde als,4,NA,NA
fb433,143,NA,trial,canvas.Screen,1_5_14_0_0,NA,NA,NA,NA,response,12762,8642335,8642324,8642346,8655086,8655050,2022-04-16T08:32:03.611Z,8655092,NA,NA,NA,NA,NA,NA,NA,NA,NA,NA,NA,NA,NA,NA,NA,NA,NA,NA,NA,NA,NA,NA,NA,BUP,POY,BUP,SUD,9,-,NA,-,NA,NA,NA,NA,NA,NA,NA,1,meer dan,3,no,127,NA,SUD,XUJ,no,mousedown @no,no,TRUE,NA,NA,NA,NA,SUD,XUJ,NA,NA,NA,NA,NA,NA,NA,NA,NA,NA,NA,NA,NA,NA,NA,NA,NA,NA,NA,NA,is minder dan,2,is hetzelfde als,4,POY,XUJ
fb433,143,NA,timer,html.Frame,1_5_14_0,NA,NA,NA,NA,NA,12705,8642329,8642324,8642346,8655051,8655051,2022-04-16T08:32:03.613Z,8655092,NA,NA,NA,NA,NA,NA,NA,NA,NA,NA,NA,NA,NA,NA,NA,NA,NA,XOC,CEK,XEK,KUF,NA,63,NUX,VIF,NUX,VIF,9,-,NA,-,NA,NA,NA,NA,NA,NA,NA,1,meer dan,3,no,127,NA,XOG,MUZ,NA,NA,NA,NA,NA,NA,NA,NA,XOG,MUZ,NA,NA,NA,NA,NA,NA,NA,NA,NA,NA,NA,NA,NA,NA,NA,NA,NA,NA,NA,NA,is minder dan,2,is hetzelfde als,4,NA,NA
fb433,143,NA,iti,canvas.Screen,1_5_14_1,NA,NA,NA,NA,timeout,999,8655052,8655075,8655092,8656075,8656076,2022-04-16T08:32:04.637Z,8656091,NA,NA,NA,NA,NA,NA,NA,NA,NA,NA,NA,NA,NA,NA,NA,NA,NA,NA,NA,NA,NA,NA,NA,NUX,VIF,NUX,VIF,9,-,NA,-,NA,NA,NA,NA,NA,NA,NA,1,meer dan,3,no,127,NA,XOG,MUZ,NA,NA,NA,NA,NA,NA,NA,NA,XOG,MUZ,NA,NA,NA,NA,NA,NA,NA,NA,NA,NA,NA,NA,NA,NA,NA,NA,NA,NA,NA,NA,is minder dan,2,is hetzelfde als,4,NA,NA
fb433,143,NA,trial_sequence,flow.Sequence,1_5_14,NA,NA,NA,NA,completion,13729,8642326,8642324,8642346,8656075,8656076,2022-04-16T08:32:04.638Z,8656091,NA,NA,NA,NA,NA,NA,NA,NA,NA,NA,NA,NA,NA,NA,NA,NA,NA,NA,NA,NA,NA,NA,NA,NUX,VIF,NUX,VIF,9,-,NA,-,NA,NA,NA,NA,NA,NA,NA,1,meer dan,3,no,127,NA,XOG,MUZ,NA,NA,NA,NA,NA,NA,NA,NA,XOG,MUZ,NA,NA,NA,NA,NA,NA,NA,NA,NA,NA,NA,NA,NA,NA,NA,NA,NA,NA,NA,NA,is minder dan,2,is hetzelfde als,4,NA,NA
fb433,144,NA,trial,canvas.Screen,1_5_15_0_0,NA,NA,NA,NA,response,13957.0000000019,8656081,8656075,8656091,8670032,8669996,2022-04-16T08:32:18.557Z,8670026,NA,NA,NA,NA,NA,NA,NA,NA,NA,NA,NA,NA,NA,NA,NA,NA,NA,NA,NA,NA,NA,NA,NA,XOC,CEK,XEK,XOC,9,-,NA,-,NA,NA,NA,NA,NA,NA,NA,3,minder dan,1,no,128,NA,XEK,KUF,no,mousedown @no,no,TRUE,NA,NA,NA,NA,XEK,KUF,NA,NA,NA,NA,NA,NA,NA,NA,NA,NA,NA,NA,NA,NA,NA,NA,NA,NA,NA,NA,is minder dan,2,is hetzelfde als,4,CEK,KUF
fb433,144,NA,timer,html.Frame,1_5_15_0,NA,NA,NA,NA,NA,13906,8656078,8656075,8656091,8669997,8669997,2022-04-16T08:32:18.558Z,8670026,NA,NA,NA,NA,NA,NA,NA,NA,NA,NA,NA,NA,NA,NA,NA,NA,NA,XIF,KIG,CIW,PUX,NA,64,NUX,VIF,NUX,VIF,9,-,NA,-,NA,NA,NA,NA,NA,NA,NA,3,minder dan,1,no,128,NA,XOG,MUZ,NA,NA,NA,NA,NA,NA,NA,NA,XOG,MUZ,NA,NA,NA,NA,NA,NA,NA,NA,NA,NA,NA,NA,NA,NA,NA,NA,NA,NA,NA,NA,is minder dan,2,is hetzelfde als,4,NA,NA
fb433,144,NA,iti,canvas.Screen,1_5_15_1,NA,NA,NA,NA,timeout,1001,8669998,8670009,8670026,8671010,8671011,2022-04-16T08:32:19.571Z,8671027,NA,NA,NA,NA,NA,NA,NA,NA,NA,NA,NA,NA,NA,NA,NA,NA,NA,NA,NA,NA,NA,NA,NA,NUX,VIF,NUX,VIF,9,-,NA,-,NA,NA,NA,NA,NA,NA,NA,3,minder dan,1,no,128,NA,XOG,MUZ,NA,NA,NA,NA,NA,NA,NA,NA,XOG,MUZ,NA,NA,NA,NA,NA,NA,NA,NA,NA,NA,NA,NA,NA,NA,NA,NA,NA,NA,NA,NA,is minder dan,2,is hetzelfde als,4,NA,NA
fb433,144,NA,trial_sequence,flow.Sequence,1_5_15,NA,NA,NA,NA,completion,14919,8656077,8656075,8656091,8671010,8671011,2022-04-16T08:32:19.572Z,8671027,NA,NA,NA,NA,NA,NA,NA,NA,NA,NA,NA,NA,NA,NA,NA,NA,NA,NA,NA,NA,NA,NA,NA,NUX,VIF,NUX,VIF,9,-,NA,-,NA,NA,NA,NA,NA,NA,NA,3,minder dan,1,no,128,NA,XOG,MUZ,NA,NA,NA,NA,NA,NA,NA,NA,XOG,MUZ,NA,NA,NA,NA,NA,NA,NA,NA,NA,NA,NA,NA,NA,NA,NA,NA,NA,NA,NA,NA,is minder dan,2,is hetzelfde als,4,NA,NA
fb433,144,NA,trial_list_conjunction,flow.Loop,1_5,NA,NA,NA,NA,completion,221783,8449213,8449161,8449227,8671010,8671012,2022-04-16T08:32:19.572Z,8671027,NA,NA,NA,NA,NA,NA,NA,NA,NA,NA,NA,NA,NA,NA,NA,NA,NA,NA,NA,NA,NA,NA,NA,NUX,VIF,NUX,VIF,NA,NA,NA,NA,NA,NA,NA,NA,NA,NA,NA,NA,NA,NA,NA,NA,NA,XOG,MUZ,NA,NA,NA,NA,NA,NA,NA,NA,XOG,MUZ,NA,NA,NA,NA,NA,NA,NA,NA,NA,NA,NA,NA,NA,NA,NA,NA,NA,NA,NA,NA,NA,NA,NA,NA,NA,NA
